{
"type": "FeatureCollection",
"name": "mu_paths",
"crs": { "type": "name", "properties": { "name": "urn:ogc:def:crs:EPSG::2913" } },
"features": [
{ "type": "Feature", "properties": { "OBJECTID": 128, "X_COORD": 7464931.3176792404, "Y_COORD": 341985.40403605002 }, "geometry": { "type": "LineString", "coordinates": [ [ 7464993.221864091232419, 338877.281048609467689 ], [ 7464982.892795987427235, 338890.670811202551704 ], [ 7464973.833412748761475, 338904.566479290486313 ], [ 7464966.044370668008924, 338918.967396772291977 ], [ 7464959.525669702328742, 338933.874219762394205 ], [ 7464954.387874219566584, 338948.672775114013348 ], [ 7464950.47055109590292, 338963.412275384063832 ], [ 7464947.858345836400986, 338977.769557873369195 ], [ 7464946.588004131801426, 338991.536617359844968 ], [ 7464943.89508960954845, 339028.37979090353474 ], [ 7464944.412149442359805, 339039.020538296434097 ], [ 7464946.170679166913033, 339048.282676903530955 ], [ 7464951.186426322907209, 339064.356823158101179 ], [ 7464957.091280897147954, 339079.369289679569192 ], [ 7464963.897382396273315, 339093.352556794765405 ], [ 7464971.612276442348957, 339106.32040407700697 ], [ 7464978.754335653036833, 339124.698684078524821 ], [ 7464983.520410794764757, 339143.015284233319107 ], [ 7464985.910173614509404, 339161.270532578404527 ], [ 7464985.923624327406287, 339179.464101041841786 ], [ 7464984.549936456605792, 339191.428011005278677 ], [ 7464981.942324424162507, 339204.024794964352623 ], [ 7464978.133269239217043, 339217.091066948953085 ], [ 7464973.203478767536581, 339230.346643423195928 ], [ 7464968.389502274803817, 339240.628138672560453 ], [ 7464962.116208299994469, 339251.583846437803004 ], [ 7464942.197245050221682, 339280.433909514395054 ], [ 7464935.146392148919404, 339289.458186945703346 ], [ 7464926.5568254198879, 339298.98640122578945 ], [ 7464887.722836685366929, 339337.47557064529974 ], [ 7464879.655251545831561, 339346.887971313495655 ], [ 7464873.029923541471362, 339355.962773690058384 ], [ 7464864.46168202906847, 339369.497877528192475 ], [ 7464856.764831679873168, 339382.989346207061317 ], [ 7464849.982351100072265, 339396.361392405582592 ], [ 7464844.141143755055964, 339409.561522609845269 ], [ 7464835.351773159578443, 339434.344329165061936 ], [ 7464828.508596751838923, 339460.908303685719147 ], [ 7464825.678215615451336, 339476.0415047625429 ], [ 7464823.610301671549678, 339491.292159931908827 ], [ 7464822.304527103900909, 339506.660597278561909 ], [ 7464821.761219399049878, 339522.14648870046949 ], [ 7464821.980378720909357, 339537.749834228539839 ], [ 7464822.962005496956408, 339553.470633883494884 ], [ 7464824.705771001987159, 339569.309215680405032 ], [ 7464827.211675810627639, 339585.265251562232152 ], [ 7464849.4416577918455, 339676.478173452545889 ], [ 7465040.678830347023904, 340209.469618669070769 ], [ 7465171.862535400316119, 340572.603132096584886 ], [ 7465214.19881587009877, 340650.715661892550997 ], [ 7465244.466857017949224, 340690.798665896814782 ], [ 7465257.790674538351595, 340708.740922559052706 ], [ 7465268.897956632077694, 340727.865921839489602 ], [ 7465275.737522357143462, 340742.346564260195009 ], [ 7465279.849726506508887, 340753.981406259932555 ], [ 7465282.193229983560741, 340764.480749563546851 ], [ 7465283.687651980668306, 340776.056536317628343 ], [ 7465283.858254951424897, 340789.941706091340166 ], [ 7465282.024593200534582, 340805.228778569027781 ], [ 7465278.211600515060127, 340822.174315455951728 ], [ 7465271.706678791902959, 340843.951216802292038 ], [ 7465267.312977941706777, 340856.166438964777626 ], [ 7465261.588240111246705, 340869.353117767197546 ], [ 7465243.750969591550529, 340903.858036234159954 ], [ 7465231.405497117899358, 340924.426276007958222 ], [ 7465216.745720312930644, 340944.621156101522502 ], [ 7465199.619080141186714, 340964.657243470777757 ], [ 7465179.689290478825569, 340984.930207341443747 ], [ 7465161.171902364119887, 341001.862948388501536 ], [ 7465139.649265135638416, 341020.067998983955476 ], [ 7465065.046577184461057, 341078.794042387977242 ], [ 7465037.680436225607991, 341101.257622655248269 ], [ 7465011.841526067815721, 341124.439378779439721 ], [ 7464990.054124793037772, 341146.559783426811919 ], [ 7464944.466855459846556, 341194.824542528134771 ], [ 7464925.563640398904681, 341215.770406688039657 ], [ 7464907.252289035357535, 341238.160824531572871 ], [ 7464892.300845392048359, 341259.30649200984044 ], [ 7464874.606947866268456, 341286.996450262318831 ], [ 7464869.374008035287261, 341296.730045308475383 ], [ 7464865.374336193315685, 341305.781225654704031 ], [ 7464862.210293853655457, 341314.908849666418973 ], [ 7464859.421251761727035, 341325.112589122203644 ], [ 7464854.360555515624583, 341351.163768450147472 ], [ 7464851.66600086260587, 341373.638832592580002 ], [ 7464850.211275642737746, 341401.819605155033059 ], [ 7464850.193230262026191, 341416.996441513532773 ], [ 7464851.04559194855392, 341432.83010199398268 ], [ 7464852.775906003080308, 341449.490206047077663 ], [ 7464855.418621802702546, 341467.312383561278693 ], [ 7464861.022294810973108, 341496.281870207807515 ], [ 7464876.289679884910583, 341562.88750985864317 ], [ 7464882.318877626210451, 341592.788098868913949 ], [ 7464900.790657887235284, 341680.298264906974509 ], [ 7464904.331011273898184, 341702.551544541493058 ], [ 7464906.282781871967018, 341722.586320322705433 ], [ 7464906.473069895990193, 341744.863221882958896 ], [ 7464903.846755834296346, 341794.104032444593031 ], [ 7464904.286387431435287, 341814.443598179903347 ], [ 7464907.075100270099938, 341841.65028955420712 ], [ 7464911.371030632406473, 341868.577453463629354 ], [ 7464917.119388746097684, 341894.88519492209889 ], [ 7464924.256198389455676, 341920.279222503188066 ], [ 7464932.905475023202598, 341945.23230535176117 ], [ 7464943.028177097439766, 341969.723774087266065 ], [ 7464954.623647722415626, 341993.75362873042468 ], [ 7464967.692215626128018, 342017.322197374771349 ], [ 7464970.4402462746948, 342032.164716269064229 ], [ 7464972.48355267662555, 342046.870424156251829 ], [ 7464973.821478708647192, 342061.439320944191422 ], [ 7464974.455008110962808, 342075.871078664145898 ], [ 7464974.383157189935446, 342090.166025300975889 ], [ 7464973.606581892818213, 342104.3244889768539 ], [ 7464972.125282232649624, 342118.345485455647577 ], [ 7464969.938602230511606, 342132.229998955735937 ], [ 7464967.082302565686405, 342145.393055819615256 ], [ 7464963.286042507737875, 342158.908474797091912 ], [ 7464958.547853048890829, 342172.785442272142973 ], [ 7464952.862485495395958, 342187.037737760110758 ], [ 7464946.23289214912802, 342201.663064732390922 ], [ 7464938.635779267176986, 342216.716213132080156 ], [ 7464920.416618946008384, 342248.343179018993396 ], [ 7464907.10165838431567, 342268.418308533262461 ], [ 7464892.230267350561917, 342288.194553495384753 ], [ 7464876.011763516813517, 342307.392714412591886 ], [ 7464858.713207424618304, 342325.696518437762279 ], [ 7464844.120360191911459, 342339.061018376960419 ], [ 7464825.883812093175948, 342353.533785831241403 ], [ 7464762.23125509545207, 342398.277875137049705 ], [ 7464741.250612732954323, 342413.86842454073485 ], [ 7464723.798841576091945, 342428.460286534565967 ], [ 7464709.881847186014056, 342442.197489893063903 ], [ 7464681.908094216138124, 342473.833969834551681 ], [ 7464672.136112782172859, 342486.192236415459774 ], [ 7464663.776204570196569, 342497.957327233394608 ], [ 7464656.185325430706143, 342510.114806540077552 ], [ 7464649.494052298367023, 342522.553781900729518 ], [ 7464643.546873742714524, 342535.563623426365666 ], [ 7464638.24700474832207, 342549.358241790672764 ], [ 7464634.551794306375086, 342561.751285542151891 ], [ 7464631.633815158158541, 342575.670903978170827 ], [ 7464629.477646711282432, 342591.185994864616077 ], [ 7464628.061635464429855, 342608.448789010057226 ], [ 7464627.316227319650352, 342646.065584645490162 ], [ 7464629.063600056804717, 342708.170239782484714 ], [ 7464630.038992977701128, 342729.795894653652795 ], [ 7464631.934661203064024, 342750.703045727219433 ], [ 7464634.778820254839957, 342771.201076099881902 ], [ 7464638.620682803913951, 342791.647269232955296 ], [ 7464643.487807882018387, 342812.258160565863363 ], [ 7464649.528817146085203, 342833.718789433536585 ], [ 7464656.915298599749804, 342856.645953705650754 ], [ 7464666.012409863062203, 342882.178760923910886 ], [ 7464677.932683664374053, 342912.631187380116899 ], [ 7464691.153482086956501, 342943.14890259609092 ], [ 7464705.612797624431551, 342973.588205789565109 ], [ 7464721.233530408702791, 343003.786367314343806 ], [ 7464742.391336360946298, 343040.841155936243013 ], [ 7464766.233524901792407, 343078.434330454387236 ], [ 7464792.82046409510076, 343116.662347561097704 ], [ 7464822.27223239839077, 343155.698107496660668 ], [ 7464867.332266832701862, 343214.477633287373465 ], [ 7464880.630493892356753, 343230.741084278619383 ], [ 7464892.977277289144695, 343244.786031426338013 ], [ 7464906.37458558101207, 343258.669233189255465 ], [ 7464919.556670991703868, 343270.837212005106267 ], [ 7464932.740396700799465, 343281.490098997484893 ], [ 7464946.045185809023678, 343290.722054370387923 ], [ 7464959.776483686640859, 343298.894954661140218 ], [ 7464975.285012737847865, 343307.016673917940352 ], [ 7464992.913948267698288, 343315.286031082097907 ], [ 7465015.111453135497868, 343324.853944780887105 ], [ 7465043.293209618888795, 343335.882816569064744 ], [ 7465071.878181177191436, 343345.514050734229386 ], [ 7465100.617352415807545, 343353.66332955355756 ], [ 7465129.281064447946846, 343360.266348642820958 ], [ 7465168.12062859442085, 343367.605588568083476 ], [ 7465198.255469239316881, 343371.684001574933063 ], [ 7465225.323052790947258, 343373.261430347047281 ], [ 7465249.849298260174692, 343372.298504864738788 ], [ 7465267.232827384024858, 343369.941550316056237 ], [ 7465286.183613911271095, 343366.012745473068208 ], [ 7465307.087812370620668, 343360.474032710655592 ], [ 7465334.370619328692555, 343352.15448050876148 ], [ 7465349.553033283911645, 343346.65809033397818 ], [ 7465366.07304579205811, 343339.279482479789294 ], [ 7465417.461823374964297, 343312.15054910822073 ], [ 7465435.351586322300136, 343303.407440088107251 ], [ 7465452.221008056774735, 343296.477651141409297 ], [ 7465467.965758040547371, 343291.545237344224006 ], [ 7465490.575336897745728, 343286.035396053281147 ], [ 7465509.567462043836713, 343282.299504619033542 ], [ 7465526.871594876982272, 343279.960266597219743 ], [ 7465542.838785665109754, 343278.986513988638762 ], [ 7465566.857812901027501, 343279.025885020848364 ], [ 7465585.604530896991491, 343280.411384358361829 ], [ 7465601.763322430662811, 343283.343799515452702 ], [ 7465615.538255869410932, 343287.907119967392646 ], [ 7465622.626838126219809, 343291.329692213621456 ], [ 7465629.786614378914237, 343295.5810045695398 ], [ 7465644.388647047802806, 343306.614797127433121 ], [ 7465659.480509287677705, 343321.081660350726452 ], [ 7465676.039890726096928, 343339.91466510045575 ], [ 7465684.000191765837371, 343350.277853798004799 ], [ 7465691.571056950837374, 343361.636777296080254 ], [ 7465698.738378818146884, 343373.969453985395376 ], [ 7465705.484112844802439, 343387.245044011098798 ], [ 7465749.124165973626077, 344314.668874480295926 ], [ 7465751.069044875912368, 344385.978581532894168 ], [ 7465751.668125801719725, 344397.532714711676817 ], [ 7465753.677311453968287, 344408.756467412109487 ], [ 7465756.700604860670865, 344419.10817294527078 ], [ 7465760.19240241125226, 344426.791899615665898 ], [ 7465766.463070939294994, 344435.506466268154327 ], [ 7465774.597256577573717, 344443.117358545656316 ] ] } },
{ "type": "Feature", "properties": { "OBJECTID": 129, "X_COORD": 7466406.8661736296, "Y_COORD": 340557.77220755001 }, "geometry": { "type": "LineString", "coordinates": [ [ 7469353.728105418384075, 340388.312951867468655 ], [ 7469335.985324359498918, 340389.107570534804836 ], [ 7468709.997172209434211, 340409.070143370889127 ], [ 7468522.588718532584608, 340415.16987324191723 ], [ 7468461.597908331081271, 340417.387718497950118 ], [ 7468425.699288045987487, 340429.887388292350806 ], [ 7468355.696009386330843, 340481.705951975774951 ], [ 7468324.646141842007637, 340497.785346122109331 ], [ 7468291.378427098505199, 340504.439215804741252 ], [ 7468235.377774071879685, 340510.53829464642331 ], [ 7467637.667179265990853, 340525.510383297747467 ], [ 7465990.571147857233882, 340567.421405804692768 ], [ 7465471.223081273958087, 340582.547368896543048 ], [ 7465413.89106348156929, 340591.288835955609102 ], [ 7465354.458979569375515, 340608.257008461921941 ], [ 7465305.841527486220002, 340634.195981406257488 ], [ 7465257.130899121053517, 340670.988956297922414 ], [ 7465239.541004637256265, 340684.275372124277055 ] ] } },
{ "type": "Feature", "properties": { "OBJECTID": 132, "X_COORD": 7469336.7535538301, "Y_COORD": 340855.54876654001 }, "geometry": { "type": "LineString", "coordinates": [ [ 7469324.887599020265043, 339284.060392544488423 ], [ 7469340.41579681634903, 339708.225721936789341 ], [ 7469330.990270753391087, 339747.038055222190451 ], [ 7469329.881673521362245, 339791.949797873268835 ], [ 7469334.873135852627456, 339972.705036502738949 ], [ 7469344.853777243755758, 339999.873670428001788 ], [ 7469350.399702097289264, 340166.212899499514606 ], [ 7469353.727779219858348, 340338.651537519472186 ], [ 7469353.728105277754366, 340392.434342687542085 ], [ 7469345.411503383889794, 340428.474694547010586 ], [ 7469350.353756171651185, 340534.941223749658093 ], [ 7469360.359636010602117, 341173.324059710779693 ], [ 7469380.365843881852925, 341803.372907116310671 ], [ 7469386.246068486943841, 342427.695376314746682 ] ] } },
{ "type": "Feature", "properties": { "OBJECTID": 135, "X_COORD": 7469372.3379659103, "Y_COORD": 350434.60439822997 }, "geometry": { "type": "LineString", "coordinates": [ [ 7470891.725362635217607, 349483.011611300811637 ], [ 7470771.435999249108136, 349497.18745875521563 ], [ 7470709.977669224143028, 349503.090343185758684 ], [ 7470674.561004526913166, 349511.770787470391952 ], [ 7470606.155823888257146, 349538.26947087503504 ], [ 7470566.635812154039741, 349562.803260529937688 ], [ 7470551.893358412198722, 349574.686461328004953 ], [ 7470536.943555645644665, 349587.598861575650517 ], [ 7470505.684698083437979, 349617.160866445745341 ], [ 7470476.324134360067546, 349647.449577401333954 ], [ 7470403.105303654447198, 349726.085396573937032 ], [ 7470381.464228137396276, 349747.994515162368771 ], [ 7470361.412063249386847, 349767.061770463944413 ], [ 7470320.687654766254127, 349805.150677343655843 ], [ 7470308.362195723690093, 349815.777316654217429 ], [ 7470296.912064794450998, 349824.784533502708655 ], [ 7470274.04231483489275, 349840.943980477866717 ], [ 7470252.820530864410102, 349854.047981466108467 ], [ 7470233.897631476633251, 349863.984988005540799 ], [ 7470213.247369782999158, 349873.25762445764849 ], [ 7470190.70537605881691, 349881.940693916520104 ], [ 7470165.868434914387763, 349890.191348625288811 ], [ 7470135.242780194617808, 349898.666740620683413 ], [ 7470105.628608562983572, 349904.831437263928819 ], [ 7470089.264436163939536, 349907.29009791626595 ], [ 7470071.988846585154533, 349909.191343852493446 ], [ 7470034.039701762609184, 349911.388192619837355 ], [ 7470014.949151868000627, 349910.824215531989466 ], [ 7469968.851713771000504, 349906.430841300869361 ], [ 7469956.513460116460919, 349906.260893321188632 ], [ 7469945.449156244285405, 349907.050262927776203 ], [ 7469919.966873983852565, 349911.279264305485412 ], [ 7469908.271336713805795, 349914.136547160916962 ], [ 7469897.286757085472345, 349917.485627898131497 ], [ 7469878.543647592887282, 349924.916400996909942 ], [ 7469858.418320464901626, 349935.01515288290102 ], [ 7469842.750998172909021, 349944.757933830376714 ], [ 7469826.353360730223358, 349957.247433772019576 ], [ 7469810.131904498673975, 349971.431159312138334 ], [ 7469779.665369780734181, 349999.987586868053768 ], [ 7469741.932102872058749, 350036.163436233007815 ], [ 7469726.757890566252172, 350052.112253602303099 ], [ 7469713.2172084255144, 350067.484955539635848 ], [ 7469696.647654838860035, 350087.990531092800666 ], [ 7469690.984269112348557, 350096.87373245775234 ], [ 7469681.827772918157279, 350113.083704873453826 ], [ 7469670.839911844581366, 350133.401288538880181 ], [ 7469659.720488956198096, 350156.31860955466982 ], [ 7469617.883873668499291, 350253.457053505000658 ], [ 7469607.569897000677884, 350275.633560970833059 ], [ 7469597.620749839581549, 350295.162758874648716 ], [ 7469575.125014482066035, 350339.855996804893948 ], [ 7469567.63026390504092, 350351.924893396324478 ], [ 7469559.892731202766299, 350361.941952872206457 ], [ 7469548.53807267267257, 350373.98657110275235 ], [ 7469537.311695043928921, 350383.901268272951711 ], [ 7469524.17488444596529, 350393.104679291485809 ], [ 7469507.843848112970591, 350402.334336901025381 ], [ 7469496.926197649911046, 350407.458351892884821 ], [ 7469484.606644533574581, 350412.232629343576264 ], [ 7469452.292997740209103, 350421.989845338335726 ], [ 7469426.218524158932269, 350427.741812495805789 ], [ 7469382.36878882534802, 350434.534789379918948 ], [ 7469353.846808861941099, 350438.09384317311924 ], [ 7469284.137495268136263, 350444.272317788738292 ], [ 7469265.284806040115654, 350446.812015070405323 ], [ 7469248.42522672470659, 350449.901581174868625 ], [ 7469216.675556330010295, 350457.029204178019427 ], [ 7469194.159809655509889, 350463.60433412733255 ], [ 7469175.038419344462454, 350470.485894641955383 ], [ 7469161.582055057398975, 350476.590224472631235 ], [ 7469149.489207673817873, 350483.829724898911081 ], [ 7469132.089273815043271, 350496.163056807301473 ], [ 7469121.101741324178874, 350504.568567682697903 ], [ 7469109.313355886377394, 350514.563973432057537 ], [ 7469062.8848792957142, 350557.334638380794786 ], [ 7469032.020378960296512, 350583.460619832098018 ], [ 7468996.984618690796196, 350611.902873987914063 ], [ 7468849.97838958632201, 350727.205026702897158 ], [ 7468819.53875766415149, 350752.150562080729287 ], [ 7468792.180162786506116, 350775.467816817341372 ], [ 7468739.133248043246567, 350821.514728020643815 ], [ 7468708.551555832847953, 350850.172861576953437 ], [ 7468690.308446121402085, 350868.543266603082884 ], [ 7468677.840270332992077, 350882.024892596586142 ], [ 7468665.080756113864481, 350897.453368840098847 ], [ 7468651.956412520259619, 350915.160716375568882 ], [ 7468638.27629435993731, 350935.292604410497006 ], [ 7468619.152606761083007, 350965.048835430294275 ], [ 7468596.574522481299937, 351002.395617098198272 ], [ 7468571.416385741904378, 351047.887083231064025 ], [ 7468556.223472139798105, 351078.030781576642767 ], [ 7468540.807461286894977, 351112.199742208584212 ], [ 7468526.503655029460788, 351146.691865529341158 ], [ 7468490.27891618385911, 351237.705310095800087 ], [ 7468478.982984125614166, 351264.287329071143176 ], [ 7468468.252996796742082, 351287.900844283925835 ], [ 7468449.427865033969283, 351333.380827719636727 ], [ 7468443.085017095319927, 351344.883779518480878 ], [ 7468436.134885968640447, 351354.30110153433634 ], [ 7468430.00758945196867, 351361.971704519586638 ], [ 7468426.002340318635106, 351364.896900995983742 ] ] } },
{ "type": "Feature", "properties": { "OBJECTID": 136, "X_COORD": 7474711.1685276199, "Y_COORD": 346462.41680890002 }, "geometry": { "type": "LineString", "coordinates": [ [ 7474012.349323328584433, 346083.319023841293529 ], [ 7474041.568809857591987, 346078.846584308892488 ], [ 7474070.8010916383937, 346075.746191945916507 ], [ 7474100.045184403657913, 346074.018174790719058 ], [ 7474129.30207253433764, 346073.661876726197079 ], [ 7474166.430023096501827, 346074.886287558590993 ], [ 7474195.825690485537052, 346077.953545727825258 ], [ 7474214.658366365358233, 346081.339373029826675 ], [ 7474234.011055331677198, 346085.870869564765599 ], [ 7474253.855214040726423, 346091.541473657183815 ], [ 7474274.152128507383168, 346098.339702416677028 ], [ 7474306.947073610499501, 346111.330516541667748 ], [ 7474321.055996354669333, 346117.964703050325625 ], [ 7474333.979223577305675, 346124.845936724566855 ], [ 7474347.22889453265816, 346132.865293696871959 ], [ 7474360.768263345584273, 346142.042787145881448 ], [ 7474374.673117721453309, 346152.428613809053786 ], [ 7474389.107827783562243, 346164.145477179787122 ], [ 7474405.512353580445051, 346179.210765641939361 ], [ 7474422.5179294468835, 346197.344295378366951 ], [ 7474438.976261080242693, 346216.875134742411319 ], [ 7474471.319761292077601, 346257.392521994363051 ], [ 7474481.186558237299323, 346270.364962562511209 ], [ 7474508.132093273103237, 346308.57132612017449 ], [ 7474517.310241751372814, 346319.739960976061411 ], [ 7474526.300070176832378, 346329.0267061717459 ], [ 7474542.712470197118819, 346343.340682358830236 ], [ 7474559.562206417322159, 346355.850852831732482 ], [ 7474572.084843043237925, 346363.445669141190592 ], [ 7474601.905050726607442, 346379.20157486340031 ], [ 7474628.178014300763607, 346395.286876753321849 ], [ 7474693.128468086011708, 346438.862664070620667 ], [ 7474723.725906454026699, 346457.781955438200384 ], [ 7474804.19866905733943, 346500.700263072154485 ], [ 7474840.371894422918558, 346520.530971920525189 ], [ 7474859.992955594323575, 346532.889239674899727 ], [ 7474882.655027252621949, 346549.816076805989724 ], [ 7474900.30233517754823, 346565.545407258148771 ], [ 7474916.69997138902545, 346583.50767713796813 ], [ 7474931.356465678662062, 346603.068043983366806 ], [ 7474944.271818421781063, 346624.226179734861944 ], [ 7474955.446029487997293, 346646.9824123486178 ], [ 7474970.581526458263397, 346671.264891816070303 ], [ 7474986.542154281400144, 346694.857410669850651 ], [ 7475003.327913554385304, 346717.759312858921476 ], [ 7475020.938804092817008, 346739.97092638106551 ], [ 7475035.499498181045055, 346756.719285503670108 ], [ 7475052.619247100315988, 346774.689429426507559 ], [ 7475116.433217319659889, 346836.537525318097323 ], [ 7475133.636299520730972, 346852.787196930788923 ], [ 7475175.84856582339853, 346889.729781604197342 ], [ 7475194.306569286622107, 346906.900056914717425 ], [ 7475212.484389145858586, 346926.196644375741016 ], [ 7475226.949282570742071, 346944.906945620896295 ], [ 7475242.741603370755911, 346969.7005799356848 ], [ 7475255.919423300772905, 346994.263243023364339 ], [ 7475266.556560622528195, 347018.011273489217274 ], [ 7475274.160234082490206, 347039.327545461710542 ], [ 7475279.917778698727489, 347061.574919665581547 ], [ 7475283.817383860237896, 347084.392175666929688 ] ] } },
{ "type": "Feature", "properties": { "OBJECTID": 138, "X_COORD": 7481110.1100587295, "Y_COORD": 351228.08582807 }, "geometry": { "type": "LineString", "coordinates": [ [ 7481425.944151261821389, 351210.450236198492348 ], [ 7481376.456293256022036, 351215.335732651525177 ], [ 7481326.929721230641007, 351219.314405019918922 ], [ 7481277.364107371307909, 351222.38625329057686 ], [ 7481227.760107468813658, 351224.550621329457499 ], [ 7481158.568838610313833, 351227.26387308066478 ], [ 7481137.198104992508888, 351227.145433955243789 ], [ 7481118.093119318597019, 351226.117874190327711 ], [ 7481075.336560455150902, 351222.055536857747938 ], [ 7481043.962546798400581, 351217.237294432532508 ], [ 7481029.844109415076673, 351214.140509302320424 ], [ 7481016.810317492112517, 351210.563081218104344 ], [ 7481004.732890705578029, 351206.468920893792529 ], [ 7480993.542602681554854, 351201.834406279493123 ], [ 7480976.549822067841887, 351193.29667648364557 ], [ 7480960.187618567608297, 351183.477450709440745 ], [ 7480944.456320791505277, 351172.37672901537735 ], [ 7480929.355272360146046, 351159.994511300232261 ], [ 7480914.88512949924916, 351146.330797664588317 ], [ 7480901.04556392878294, 351131.385588051460218 ], [ 7480887.836575841531157, 351115.159210568235721 ], [ 7480875.258165246807039, 351097.651009015040472 ] ] } },
{ "type": "Feature", "properties": { "OBJECTID": 139, "X_COORD": 7484256.5187039003, "Y_COORD": 339619.46609728999 }, "geometry": { "type": "LineString", "coordinates": [ [ 7484455.203602011315525, 339718.139367760450114 ], [ 7484467.498548871837556, 339710.891665278293658 ], [ 7484477.9949398804456, 339702.48090500786202 ], [ 7484486.69244609773159, 339692.90675898490008 ], [ 7484493.591068308800459, 339682.169555173721164 ], [ 7484500.222630095668137, 339668.037994586862624 ], [ 7484501.590412328019738, 339662.752561895293184 ], [ 7484501.818430830724537, 339658.164307561528403 ], [ 7484500.696712091565132, 339653.22795613022754 ], [ 7484498.058917172253132, 339647.792588893789798 ], [ 7484493.973615650087595, 339641.87067309214035 ], [ 7484487.371254275552928, 339633.918245475913864 ], [ 7484480.056622425094247, 339626.843770576524548 ], [ 7484470.621911792084575, 339620.282090815308038 ], [ 7484459.038251558318734, 339614.123954247392248 ], [ 7484442.350588771514595, 339606.801119387266226 ], [ 7484427.800064723938704, 339601.440882943745237 ], [ 7484412.379462119191885, 339597.232877327478491 ], [ 7484396.438846620731056, 339594.272903136326931 ], [ 7484380.390291033312678, 339592.638060083379969 ], [ 7484368.061551746912301, 339592.276839155238122 ], [ 7484355.887995977886021, 339592.670211378368549 ], [ 7484344.067786603234708, 339593.811943121894728 ], [ 7484332.75020207464695, 339595.686942561878823 ], [ 7484312.652762182988226, 339601.084907334705349 ], [ 7484292.481503188610077, 339609.079328629595693 ], [ 7484278.55729097686708, 339616.032411675900221 ], [ 7484266.375205011107028, 339623.241072162694763 ], [ 7484255.834194898605347, 339630.765021464263555 ], [ 7484246.913591378368437, 339638.620663659123238 ], [ 7484237.254470674321055, 339649.639691505581141 ], [ 7484228.278420989401639, 339662.904454147152137 ], [ 7484220.076977197080851, 339678.284046100103296 ], [ 7484212.81975909601897, 339695.46252244990319 ], [ 7484206.906373002566397, 339714.765998719725758 ], [ 7484203.055322369560599, 339735.479908102424815 ], [ 7484201.414901725947857, 339756.811927752161864 ], [ 7484202.058273580856621, 339777.835220429580659 ], [ 7484203.817787453532219, 339791.494340423785616 ], [ 7484206.768574189394712, 339805.73154441290535 ], [ 7484210.875856891274452, 339820.371635520656127 ], [ 7484216.063191879540682, 339835.140663710364606 ], [ 7484225.011353124864399, 339855.275505396013614 ], [ 7484235.962139263749123, 339874.557984964281786 ], [ 7484248.916206051595509, 339892.987774377106689 ], [ 7484263.873225471004844, 339910.565529812942259 ], [ 7484280.963446996174753, 339924.907721190655138 ], [ 7484299.284967618063092, 339937.12917786592152 ], [ 7484308.424730560742319, 339942.095385266060475 ], [ 7484318.682931872084737, 339946.869335519499145 ], [ 7484344.638966805301607, 339956.764020953094587 ], [ 7484368.347626420669258, 339962.700701329507865 ], [ 7484377.457205962389708, 339966.335543981869705 ], [ 7484379.732467263005674, 339989.267301181447692 ], [ 7484388.065797514282167, 340056.454961532203015 ], [ 7484391.711465679109097, 340077.288293744320981 ], [ 7484395.357462665997446, 340084.909684483893216 ], [ 7484404.211464453488588, 340091.159684444195591 ], [ 7484416.451292949728668, 340096.628516632481478 ], [ 7484428.690793478861451, 340098.972020893299486 ], [ 7484441.190792566165328, 340098.972021376655903 ], [ 7484450.044794892892241, 340097.14918719092384 ], [ 7484456.815791859291494, 340093.763688971637748 ], [ 7484507.336459886282682, 340052.808969016536139 ], [ 7484601.08645689394325, 339980.413307730632368 ], [ 7484777.848590358160436, 339851.570474602980539 ], [ 7484875.071028395555913, 339778.653816161095165 ], [ 7484944.0811966676265, 339728.306708989141043 ], [ 7484974.897141163237393, 339695.320491739548743 ], [ 7484983.829227873124182, 339678.343130907742307 ], [ 7485194.766881385818124, 339621.051475920772646 ], [ 7485472.370869665406644, 339558.551490478799678 ], [ 7485709.870857698842883, 339502.30150313739432 ], [ 7485772.891851703636348, 339486.676506528281607 ], [ 7485840.600181718356907, 339471.572507445584051 ], [ 7485946.32917882874608, 339449.69751288642874 ], [ 7486026.537507975474, 339434.593186189129483 ], [ 7486133.308499653823674, 339416.364188795152586 ], [ 7486319.245825354009867, 339391.884866842941847 ], [ 7486617.683472574688494, 339362.197544299124274 ], [ 7486984.870787492021918, 339329.905893827381078 ], [ 7487074.975113115273416, 339323.134900393197313 ], [ 7487172.37077675294131, 339318.968237762514036 ], [ 7487342.162433377467096, 339314.280908710556105 ], [ 7487608.829084124416113, 339307.509922095399816 ], [ 7487801.537406138144433, 339301.259929990454111 ], [ 7488041.120725176297128, 339296.051606297725812 ], [ 7488279.662377686239779, 339288.759949351660907 ], [ 7488414.124312113970518, 339286.676621370890643 ], [ 7488478.3602005392313, 339288.412844211154152 ] ] } },
{ "type": "Feature", "properties": { "OBJECTID": 142, "X_COORD": 7482168.4869918497, "Y_COORD": 336737.83655661001 }, "geometry": { "type": "LineString", "coordinates": [ [ 7483573.231824561022222, 340894.585128507227637 ], [ 7483705.06449587456882, 340836.556593836809043 ], [ 7483801.39290380012244, 340795.801678785239346 ], [ 7483850.690145674161613, 340774.944726600602735 ], [ 7483845.08876933157444, 340745.072680962446611 ], [ 7483845.088443121872842, 340696.53068913356401 ], [ 7483843.220991252921522, 340644.254445487633348 ], [ 7483822.683592948131263, 340588.244277495017741 ], [ 7483772.273822454735637, 340500.494936994509771 ], [ 7483748.002174076624215, 340410.878799705824349 ], [ 7483736.799748593941331, 340366.070731110638008 ], [ 7483701.325347595848143, 340205.508075389603619 ], [ 7483641.580278153531253, 340059.881769517087378 ], [ 7483606.106530893594027, 339959.063532760075759 ], [ 7483583.70167997572571, 339869.447067474073265 ], [ 7483533.29190981388092, 339774.229879693652038 ], [ 7483481.015013985335827, 339673.411642266437411 ], [ 7483391.397573157213628, 339469.908042159106117 ], [ 7483312.982556316070259, 339352.28698321635602 ], [ 7483275.642009471543133, 339301.8778640521341 ], [ 7483217.150873732753098, 339232.640989351202734 ], [ 7483130.013748086988926, 339027.428071807313245 ], [ 7483100.141049154102802, 338952.747957059298642 ], [ 7483064.667301553301513, 338866.865742991270963 ], [ 7482978.784111036919057, 338702.569489736517426 ], [ 7482818.218847808428109, 338295.562290209461935 ], [ 7482642.717234863899648, 337862.417296418047044 ], [ 7482469.08274726010859, 337438.606947818072513 ], [ 7482452.279272217303514, 337397.532802641100716 ], [ 7482432.645090008154511, 337319.194223919184878 ], [ 7482412.360978999175131, 337101.670942340453621 ], [ 7482421.173972117714584, 337061.516089470766019 ], [ 7482423.892149172723293, 337028.259529895556625 ], [ 7482423.89215026050806, 337002.267077369673643 ], [ 7482423.104093192145228, 336981.788404061109759 ], [ 7482419.165774432010949, 336956.584009106038138 ], [ 7482416.80258680973202, 336922.715244624472689 ], [ 7482412.864268414676189, 336884.908488226414192 ], [ 7482412.863941563293338, 336849.464264677313622 ], [ 7482415.226475521922112, 336818.746418827679008 ], [ 7482419.952197938226163, 336793.541696128726471 ], [ 7482429.403641983866692, 336767.549244020250626 ], [ 7482434.129364451393485, 336742.344849387241993 ], [ 7482434.916766804642975, 336723.441307234868873 ], [ 7482426.252398575656116, 336690.360272166028153 ], [ 7482416.946953729726374, 336663.548921721172519 ], [ 7482408.658897266723216, 336648.287439378444105 ], [ 7482403.446955626830459, 336641.053187653713394 ], [ 7482398.034882688894868, 336635.346822931664065 ], [ 7482392.329174540005624, 336631.070576266734861 ], [ 7482386.278321979567409, 336628.187374113593251 ], [ 7482359.302601758390665, 336630.499708845629357 ], [ 7482337.248796749860048, 336642.314339840784669 ], [ 7482314.407262125983834, 336656.491831540246494 ], [ 7482003.290475396439433, 336851.828421799174976 ], [ 7481984.387260350398719, 336872.307094367628451 ], [ 7481981.525383233092725, 336892.836620580696035 ], [ 7481980.373480071313679, 336901.447184285032563 ], [ 7481980.771117307245731, 336912.382879205048084 ], [ 7481982.329187586903572, 336923.950463886372745 ], [ 7481986.717637893743813, 336948.416669915604871 ], [ 7481987.681220278143883, 336957.259845269261859 ], [ 7481987.114946966059506, 336964.062994425883517 ], [ 7481986.122820907272398, 336966.206038895703387 ], [ 7481984.639225106686354, 336967.561025634291582 ] ] } },
{ "type": "Feature", "properties": { "OBJECTID": 143, "X_COORD": 7481997.8614695696, "Y_COORD": 337016.73162023001 }, "geometry": { "type": "LineString", "coordinates": [ [ 7482031.928917709738016, 337041.941600415739231 ], [ 7482030.948930899612606, 337040.250983659236226 ], [ 7482001.049656386487186, 336988.675526325940154 ] ] } },
{ "type": "Feature", "properties": { "OBJECTID": 144, "X_COORD": 7481974.2166318698, "Y_COORD": 336979.54142671003 }, "geometry": { "type": "LineString", "coordinates": [ [ 7482001.049656386487186, 336988.675526325940154 ], [ 7481984.639225106686354, 336967.561025634291582 ] ] } },
{ "type": "Feature", "properties": { "OBJECTID": 146, "X_COORD": 7481692.3363426402, "Y_COORD": 336889.63175249001 }, "geometry": { "type": "LineString", "coordinates": [ [ 7479184.736836071126163, 336930.059934523596894 ], [ 7479231.985849060118198, 336929.360789412516169 ], [ 7479278.980925042182207, 336926.728901652269997 ], [ 7479325.721736162900925, 336922.164599271607585 ], [ 7479372.208610275760293, 336915.667226169491187 ], [ 7479407.529474287293851, 336910.075692459300626 ], [ 7479428.344105927273631, 336905.17346257774625 ], [ 7479442.396270641125739, 336900.363095945678651 ], [ 7479457.537018009461462, 336893.954960473289248 ], [ 7479473.85558679420501, 336885.992363152327016 ], [ 7479497.902173785492778, 336873.273860932735261 ], [ 7479520.264049584977329, 336861.348009473760612 ], [ 7479533.346070013940334, 336852.893614163505845 ], [ 7479544.057027678005397, 336844.579638724913821 ], [ 7479551.067854435183108, 336837.829639409552328 ], [ 7479558.465820199809968, 336827.695782040711492 ], [ 7479566.722053985111415, 336812.354247852636036 ], [ 7479571.797185331583023, 336799.811269820900634 ], [ 7479575.483865388669074, 336785.077018878946546 ], [ 7479577.690558945760131, 336770.604906949971337 ], [ 7479581.470415469259024, 336736.101628378091846 ], [ 7479584.443184971809387, 336719.609175407153089 ], [ 7479593.277503720484674, 336682.483849907352123 ], [ 7479600.392333365045488, 336659.354586498287972 ], [ 7479606.572779907844961, 336643.211543074809015 ], [ 7479612.760772249661386, 336628.934641304367688 ], [ 7479619.176782805472612, 336616.019288005249109 ], [ 7479625.907425903715193, 336604.296848034544382 ], [ 7479634.371008606627584, 336591.472045996459201 ], [ 7479643.23616592027247, 336579.692847579717636 ], [ 7479652.733213090337813, 336568.795538891165052 ], [ 7479665.853291554376483, 336555.391668806492817 ], [ 7479683.546532661654055, 336538.891342385788448 ], [ 7479702.218119949102402, 336523.460241704829969 ], [ 7479721.868381842039526, 336509.098694785498083 ], [ 7479742.496662061661482, 336495.806373565923423 ], [ 7479810.679074443876743, 336450.017993159242906 ], [ 7479844.441212423145771, 336425.502247886382975 ], [ 7479860.302432318218052, 336412.800477639655583 ], [ 7479874.481237707659602, 336400.434337219165172 ], [ 7479887.205647081136703, 336388.204351555148605 ], [ 7479898.588848922401667, 336375.999628307821695 ], [ 7479948.621656623668969, 336318.091169190010987 ], [ 7479987.843112611211836, 336270.167289132717997 ], [ 7480021.749608564190567, 336225.503579247859307 ], [ 7480051.148886544629931, 336182.96158821095014 ], [ 7480071.410697747021914, 336147.746039927529637 ], [ 7480076.834910462610424, 336139.753258459968492 ], [ 7480082.283729300834239, 336133.145319416420534 ], [ 7480094.769293182529509, 336121.142695969960187 ], [ 7480109.194489569403231, 336110.104639481636696 ], [ 7480124.995342181064188, 336100.463892638857942 ], [ 7480141.439895290881395, 336092.669602432579268 ], [ 7480158.23484191019088, 336086.921243852702901 ], [ 7480176.316862056963146, 336082.820194892410655 ], [ 7480194.888383134268224, 336080.547557979531121 ], [ 7480213.050127573311329, 336080.215209611633327 ], [ 7480227.354260541498661, 336081.951758622657508 ], [ 7480243.128865753300488, 336086.224068690091372 ], [ 7480257.896581195294857, 336091.770000708056614 ], [ 7480291.235489439219236, 336105.929449948249385 ], [ 7480306.455632489174604, 336111.350053910457063 ], [ 7480340.841784965246916, 336121.015080927754752 ], [ 7480378.874918757006526, 336129.970462454832159 ], [ 7480424.649193829856813, 336139.085293080657721 ], [ 7480523.713163636624813, 336156.519022932159714 ], [ 7480566.865391747094691, 336164.789693352533504 ], [ 7480612.078315193764865, 336175.004917616024613 ], [ 7480652.054690210148692, 336186.073488084890414 ], [ 7480705.28336092736572, 336203.028213535726536 ], [ 7480754.052386145107448, 336219.875655349518638 ], [ 7480799.457894643768668, 336236.995078680338338 ], [ 7480841.978888656944036, 336254.570210500794929 ], [ 7480880.160316113382578, 336271.710958993295208 ], [ 7480917.885706909000874, 336289.847442296333611 ], [ 7480955.154076603241265, 336308.980316585744731 ], [ 7480991.966409720480442, 336329.109253836330026 ], [ 7481028.32172152493149, 336350.234253982955124 ], [ 7481064.220668719150126, 336372.355317026260309 ], [ 7481099.663250921294093, 336395.472443011822179 ], [ 7481134.649140260182321, 336419.585631881782319 ], [ 7481157.976566165685654, 336435.479332625574898 ], [ 7481180.768230700865388, 336451.904201293014921 ], [ 7481203.024462437257171, 336468.859581721306313 ], [ 7481224.744932835921645, 336486.345801970164757 ], [ 7481245.929970195516944, 336504.363190150179435 ], [ 7481266.579246343113482, 336522.911090130801313 ], [ 7481286.693089716136456, 336541.989829897123855 ], [ 7481306.271171570755541, 336561.59940953925252 ], [ 7481318.978191391564906, 336575.353674292971846 ], [ 7481332.230486487969756, 336591.045603012724314 ], [ 7481391.779036428779364, 336669.020994313643314 ], [ 7481406.853181667625904, 336687.258526593679562 ], [ 7481421.09366581402719, 336702.914038018032443 ], [ 7481453.921418404206634, 336735.600389028724749 ], [ 7481489.591034365817904, 336768.29756691068178 ], [ 7481764.251445211470127, 336917.072831090248656 ], [ 7481878.435819184407592, 336979.098422356881201 ], [ 7481954.558516236953437, 337022.798225844337139 ], [ 7481998.807528925128281, 337033.523620613268577 ], [ 7482040.087053451687098, 337044.015091415960342 ], [ 7482087.009294485673308, 337054.452756636368576 ], [ 7482111.923990826122463, 337059.128938434587326 ], [ 7482139.916771095246077, 337063.322836930921767 ], [ 7482257.237301667220891, 337077.329402312345337 ], [ 7482282.47352038975805, 337081.361883386678528 ], [ 7482305.330802261829376, 337085.873695005313493 ], [ 7482348.845891378819942, 337093.288066336303018 ], [ 7482363.569315583445132, 337096.399943360127509 ], [ 7482379.336374819278717, 337101.332030291203409 ], [ 7482392.509273971430957, 337107.667988417379092 ], [ 7482409.049954928457737, 337118.920941152318846 ], [ 7482414.302579294890165, 337122.49443195463391 ] ] } },
{ "type": "Feature", "properties": { "OBJECTID": 149, "X_COORD": 7478271.7086299201, "Y_COORD": 336693.05649958999 }, "geometry": { "type": "LineString", "coordinates": [ [ 7477666.514516711235046, 336156.746929870278109 ], [ 7477672.397060665301979, 336194.503817575867288 ], [ 7477679.599158660508692, 336231.981505888339598 ], [ 7477686.169366627931595, 336269.409981581557076 ], [ 7477689.194300396367908, 336283.523826018441468 ], [ 7477693.651320445351303, 336298.118313477432821 ], [ 7477699.226122846826911, 336310.48675127729075 ], [ 7477707.255977533757687, 336323.888981745578349 ], [ 7477715.581764003261924, 336335.019886902358849 ], [ 7477725.848167164251208, 336345.329597960459068 ], [ 7477743.385895106941462, 336359.552694925863761 ], [ 7477757.327166801318526, 336369.889637097308878 ], [ 7477773.505971161648631, 336380.383403493673541 ], [ 7477823.526964644901454, 336408.618311865837313 ], [ 7477871.7231549853459, 336434.080254480999429 ], [ 7477910.210028348490596, 336454.412931930040941 ], [ 7478024.697551415301859, 336529.647183812456205 ], [ 7478160.446883423253894, 336622.871921020210721 ], [ 7478299.467213531024754, 336696.470347190916073 ], [ 7478377.972785050049424, 336722.638655763876159 ], [ 7478493.352697680704296, 336770.180652124749031 ], [ 7478676.085951990447938, 336828.465760714258067 ], [ 7478778.677480396814644, 336853.48019891086733 ], [ 7478899.706671725027263, 336871.47068812919315 ], [ 7478986.389408786781132, 336882.919181622099131 ], [ 7479003.441573265008628, 336884.250218931876589 ], [ 7479020.301480147056282, 336886.329287722299341 ], [ 7479036.96978606376797, 336889.156716024095658 ], [ 7479053.446163057349622, 336892.732175740005914 ], [ 7479061.259810822084546, 336895.120955446385778 ], [ 7479069.820505746640265, 336898.722989689500537 ], [ 7479100.098390239290893, 336914.898514811880887 ], [ 7479112.300817299634218, 336920.368003148993012 ], [ 7479118.916630278341472, 336922.484473107440863 ] ] } },
{ "type": "Feature", "properties": { "OBJECTID": 150, "X_COORD": 7476792.1698243003, "Y_COORD": 336110.23141976999 }, "geometry": { "type": "LineString", "coordinates": [ [ 7475140.519261330366135, 336164.805557901447173 ], [ 7475965.567441404797137, 336132.218649785441812 ], [ 7476878.789500198327005, 336106.922755182778928 ], [ 7476973.650058803148568, 336111.829254653363023 ], [ 7477061.968622473068535, 336123.277748209191486 ], [ 7477125.754379281774163, 336139.632736572180875 ], [ 7477187.904309366829693, 336149.44573054095963 ], [ 7477318.746492729522288, 336160.894225792610087 ], [ 7477415.242548987269402, 336182.155711183557287 ], [ 7477470.279290665872395, 336194.663914680539165 ], [ 7477485.556520568206906, 336200.923101246531587 ], [ 7477502.673645307309926, 336205.958206596318632 ], [ 7477521.937423447147012, 336209.941474853141699 ], [ 7477548.756975610740483, 336213.991016320418566 ], [ 7477563.476790880784392, 336215.626515477255452 ], [ 7477568.675937543623149, 336215.012670569121838 ], [ 7477573.971212919801474, 336213.472972724528518 ], [ 7477579.382629914209247, 336211.002500635047909 ], [ 7477584.946934198029339, 336207.584193962626159 ], [ 7477596.435778957791626, 336198.081242244050372 ], [ 7477610.906907237134874, 336182.915561303147115 ], [ 7477618.212681588716805, 336174.10880359436851 ], [ 7477624.794702515937388, 336164.546140362857841 ] ] } },
{ "type": "Feature", "properties": { "OBJECTID": 152, "X_COORD": 7474398.6149432799, "Y_COORD": 335580.41167817003 }, "geometry": { "type": "MultiLineString", "coordinates": [ [ [ 7474989.2726184502244, 334440.431312172149774 ], [ 7474979.362186030484736, 334438.064842107181903 ], [ 7474969.875638128258288, 334436.599946793226991 ], [ 7474960.812646598555148, 334436.03728246584069 ], [ 7474952.174195673316717, 334436.376520937599707 ], [ 7474943.959301150403917, 334437.617334191338159 ], [ 7474936.168619016185403, 334439.760378399572801 ], [ 7474928.801821545697749, 334442.804997327562887 ], [ 7474921.858908369205892, 334446.751519098179415 ], [ 7474915.954052930697799, 334451.675403104978614 ], [ 7474905.445850944146514, 334463.367331137415022 ], [ 7474900.791979799978435, 334467.81844616116723 ], [ 7474891.995720191858709, 334474.385046442272142 ], [ 7474881.522951600141823, 334480.785636226995848 ], [ 7474848.124986860901117, 334497.312208741903305 ], [ 7474837.019672369584441, 334502.308927181060426 ], [ 7474825.118754311464727, 334506.806957930035423 ], [ 7474812.296576444990933, 334510.854857448139228 ], [ 7474798.295921053737402, 334514.533990536408965 ], [ 7474772.179124589078128, 334519.975590231304523 ], [ 7474711.641070060431957, 334530.443763083429076 ], [ 7474684.002291861921549, 334536.677357431384735 ], [ 7474661.480967415496707, 334543.684902084874921 ], [ 7474641.670272959396243, 334552.086803672893438 ], [ 7474621.703410141170025, 334561.917182871606201 ], [ 7474610.069880461320281, 334568.940475951647386 ], [ 7474602.506232320331037, 334575.310554030525964 ], [ 7474595.221455425955355, 334583.683256640913896 ], [ 7474588.054788791574538, 334594.10221897700103 ], [ 7474568.873358362354338, 334625.471638911170885 ], [ 7474562.11515639256686, 334634.058580395067111 ], [ 7474555.296587032265961, 334640.568422273208853 ], [ 7474544.992453344166279, 334647.417502822878305 ], [ 7474533.261810915544629, 334652.551360330951866 ], [ 7474519.982611970044672, 334656.025769052561373 ], [ 7474504.903872859664261, 334657.908314249594696 ], [ 7474490.574149079620838, 334658.298405555309728 ], [ 7474474.083336508832872, 334657.621895762509666 ], [ 7474411.892067641019821, 334651.294465895276517 ], [ 7474386.604339365847409, 334649.862706449115649 ], [ 7474373.520022542215884, 334650.034293853794225 ], [ 7474361.585968305356801, 334650.988361576863099 ], [ 7474350.58629700075835, 334652.742954209679738 ], [ 7474340.414709590375423, 334655.315788323641755 ], [ 7474315.386495483107865, 334663.804631964594591 ], [ 7474290.01084051374346, 334674.083829846349545 ], [ 7474264.539056656882167, 334686.051347820786759 ], [ 7474239.293978937901556, 334699.556595323840156 ], [ 7474222.634202614426613, 334709.432250264799222 ], [ 7474206.316617882810533, 334719.932577088009566 ], [ 7474190.341552766039968, 334731.057903895271011 ], [ 7474174.708351098001003, 334742.807902578671928 ] ], [ [ 7473646.578795932233334, 334586.424689275096171 ], [ 7473962.036451315507293, 334655.340051730570849 ], [ 7473999.11289247777313, 334662.531981892301701 ], [ 7474035.635199652053416, 334671.69504052598495 ], [ 7474064.031194925308228, 334679.609739314590115 ], [ 7474080.954094065353274, 334684.92109134409111 ], [ 7474096.229355418123305, 334690.697666430729441 ], [ 7474109.502976199612021, 334696.9361836250755 ], [ 7474123.001006773672998, 334704.578900228487328 ], [ 7474136.106648663058877, 334713.094976333202794 ], [ 7474148.602710423059762, 334722.343007745221257 ], [ 7474160.292998103424907, 334732.177981380897108 ], [ 7474173.42390229459852, 334744.697010007919744 ], [ 7474184.926197911612689, 334757.20947690110188 ], [ 7474194.727377718314528, 334769.636641859367955 ], [ 7474202.790697026997805, 334781.930932801449671 ], [ 7474209.587612233124673, 334795.910262922814582 ], [ 7474215.071534910239279, 334812.633359252125956 ], [ 7474218.446534208022058, 334826.999828330997843 ], [ 7474225.110574345104396, 334862.488671578175854 ], [ 7474228.704405738040805, 334878.327581534045748 ], [ 7474261.166340922005475, 335007.046078982646577 ], [ 7474291.336281661875546, 335136.329536919307429 ], [ 7474319.213571464642882, 335266.176971128792502 ], [ 7474344.79886668920517, 335396.589365851250477 ], [ 7474362.080686665140092, 335478.131684435182251 ], [ 7474367.995383330620825, 335502.483061157574411 ], [ 7474372.786064800806344, 335518.899398915353231 ], [ 7474380.373662047088146, 335540.244870389637072 ], [ 7474383.705682549625635, 335547.245198174321558 ], [ 7474387.297545636072755, 335553.104449916747399 ], [ 7474392.462243343703449, 335559.39808490005089 ], [ 7474399.169263708405197, 335565.71402968786424 ], [ 7474421.502922981977463, 335582.127087314729579 ], [ 7474430.042620459571481, 335587.704187039867975 ], [ 7474439.960270653478801, 335593.138898368400987 ], [ 7474480.50324637722224, 335611.508649506664369 ], [ 7474497.169255579821765, 335620.478137821657583 ], [ 7474517.884804937057197, 335631.87807232682826 ], [ 7474522.838216597214341, 335635.78227175452048 ], [ 7474526.300486612133682, 335639.927940918481909 ], [ 7474528.453373468481004, 335644.241589050972834 ], [ 7474530.041955780237913, 335649.639226573053747 ], [ 7474532.843135886825621, 335669.367243883723859 ], [ 7474550.835580698214471, 335881.98632623773301 ], [ 7474578.641342777758837, 336150.213345290685538 ], [ 7474581.849347487092018, 336161.584407719376031 ], [ 7474591.846393777988851, 336170.581454794912133 ], [ 7474605.842127575539052, 336177.579486415255815 ], [ 7474621.165289390832186, 336178.017151021806058 ], [ 7474873.036337580531836, 336166.567686476395465 ], [ 7475015.327011535875499, 336164.931865378341172 ], [ 7475037.843085889704525, 336177.100500656059012 ] ] ] } },
{ "type": "Feature", "properties": { "OBJECTID": 153, "X_COORD": 7472947.5512438696, "Y_COORD": 334420.83717531001 }, "geometry": { "type": "MultiLineString", "coordinates": [ [ [ 7472025.157668235711753, 333696.776385624660179 ], [ 7472033.110095498152077, 333699.438787327031605 ], [ 7472039.543821801431477, 333702.904338597494643 ], [ 7472044.458519587293267, 333707.172383153403644 ], [ 7472047.854516482912004, 333712.243577192828525 ], [ 7472048.792836618609726, 333716.992592675786 ], [ 7472049.551694297231734, 333726.819035692082252 ], [ 7472050.301693087443709, 333757.959125680266879 ], [ 7472049.766914987936616, 333789.458139544702135 ], [ 7472049.076625932008028, 333799.887600814050529 ], [ 7472048.16980155184865, 333805.533925926196389 ], [ 7472048.662907648831606, 333914.329523025429808 ], [ 7472046.492631681263447, 333927.477816124737728 ], [ 7472045.807591850869358, 333940.33148984645959 ], [ 7472046.607788148336112, 333952.89087235298939 ], [ 7472048.893220627680421, 333965.155635468137916 ], [ 7472051.662576980888844, 333975.79474253708031 ], [ 7472054.08285219874233, 333982.853469250316266 ], [ 7472056.946368614211679, 333988.653665889694821 ], [ 7472060.295121586881578, 333993.141854719782714 ], [ 7472064.257391542196274, 333996.687130243808497 ], [ 7472069.283309718593955, 333999.988639432471246 ], [ 7472075.295776541344821, 334002.991920338943601 ], [ 7472082.062180144712329, 334005.580175013921689 ], [ 7472093.000499713234603, 334008.073613618500531 ], [ 7472104.434554075822234, 334008.460096981434617 ], [ 7472116.364343483932316, 334006.738640855881386 ], [ 7472128.789867840707302, 334002.90957330702804 ], [ 7472154.618606486357749, 334001.433852659713011 ], [ 7472179.076938409358263, 334001.162856236973312 ], [ 7472199.434876825660467, 334001.888906838197727 ], [ 7472217.755741824395955, 334003.688120049482677 ], [ 7472234.430937310680747, 334006.616270143305883 ], [ 7472253.628114704973996, 334010.991598701977637 ], [ 7472266.593992937356234, 334014.727491387806367 ], [ 7472277.808559109456837, 334019.110693653521594 ], [ 7472287.293466267175972, 334024.237006044655573 ], [ 7472298.215053468942642, 334032.136284217180219 ], [ 7472308.359081239439547, 334041.447635758260731 ], [ 7472405.047392656095326, 334120.443369701562915 ], [ 7472414.692076754756272, 334127.785889293532819 ], [ 7472424.262285967357457, 334134.010298736626282 ], [ 7472433.858413827605546, 334139.180902484979015 ], [ 7472450.946994951926172, 334146.921716338198166 ], [ 7472469.026389918290079, 334154.102490881050471 ], [ 7472487.967661703005433, 334160.672045036277268 ], [ 7472507.592660121619701, 334166.567714755190536 ], [ 7472519.948302459903061, 334169.556560173223261 ], [ 7472533.800991627387702, 334172.043437231215648 ], [ 7472592.112339762970805, 334178.898754049965646 ], [ 7472657.416468414478004, 334211.174017084937077 ], [ 7472814.369538817554712, 334318.14153646066552 ], [ 7472834.579838742502034, 334334.624147806898691 ], [ 7472869.631672963500023, 334355.656300145259593 ], [ 7472904.026355187408626, 334377.690092825272586 ], [ 7472940.023399122059345, 334403.34855724015506 ], [ 7472954.816377109847963, 334412.931562487443443 ], [ 7472971.597215620800853, 334422.51194311567815 ], [ 7472987.116571254096925, 334430.579200468899217 ], [ 7473001.849509707652032, 334437.379397485346999 ], [ 7473015.971227763220668, 334442.990618193871342 ], [ 7473031.216633512638509, 334447.770802199607715 ], [ 7473048.674637557007372, 334451.798033606843092 ], [ 7473110.294712188653648, 334461.647772991098464 ], [ 7473173.711702649481595, 334472.162538579432294 ], [ 7473590.004324829205871, 334573.380396529857535 ] ], [ [ 7472082.467035901732743, 334005.712720963056199 ], [ 7472075.928648895584047, 334043.798676422098652 ], [ 7472069.327269501052797, 334091.707465914892964 ], [ 7472064.342687824741006, 334139.653328976011835 ], [ 7472060.975232174620032, 334187.635937479382847 ], [ 7472060.329233977943659, 334206.174322193604894 ], [ 7472060.332185975275934, 334225.442037545028143 ], [ 7472062.290517702698708, 334266.874777904478833 ], [ 7472067.079229336231947, 334315.366573097300716 ], [ 7472080.683227095752954, 334418.839992569759488 ], [ 7472085.629091189242899, 334463.937430992082227 ], [ 7472087.531977370381355, 334488.571287869825028 ], [ 7472088.611372790299356, 334511.558163156965747 ], [ 7472088.888274610973895, 334533.357702539360616 ], [ 7472088.364979833364487, 334554.200549022119958 ], [ 7472086.410253397189081, 334612.883616270963103 ], [ 7472084.573966222815216, 334641.381645976682194 ], [ 7472081.048702942207456, 334668.977116626687348 ], [ 7472075.725867744535208, 334693.242534908175003 ], [ 7472072.981444840319455, 334701.885250808962155 ], [ 7472069.233741364441812, 334711.366877404158004 ], [ 7472050.279672676697373, 334752.693973873567302 ], [ 7472046.537874629721045, 334763.408540041360538 ], [ 7472044.126128998585045, 334773.296990790870041 ], [ 7472041.363989274017513, 334793.311753262125421 ], [ 7472040.443056703545153, 334813.676581371284556 ], [ 7472041.364315521903336, 334834.392131370434072 ], [ 7472044.126781828701496, 334855.457747000677045 ], [ 7472060.595268023200333, 335287.676881693070754 ] ] ] } },
{ "type": "Feature", "properties": { "OBJECTID": 157, "X_COORD": 7467595.3897859501, "Y_COORD": 333207.69741496001 }, "geometry": { "type": "MultiLineString", "coordinates": [ [ [ 7460578.881549262441695, 331206.841048673610203 ], [ 7460591.778529472649097, 331221.79577267129207 ], [ 7460604.006218314170837, 331237.089079328463413 ], [ 7460615.564615940675139, 331252.721952838590369 ], [ 7460626.453394301235676, 331268.693737075780518 ], [ 7460636.672881213016808, 331285.004760116629768 ], [ 7460646.222748814150691, 331301.654693908349145 ], [ 7460655.103325112722814, 331318.644194517284632 ], [ 7460663.314609997905791, 331335.972605875867885 ], [ 7460678.038689205422997, 331370.431265796301886 ], [ 7460682.496693633496761, 331383.506068357033655 ], [ 7460685.664671834558249, 331395.571684545080643 ], [ 7460690.416967377066612, 331417.20685400563525 ], [ 7460692.360208096913993, 331430.606787697644904 ], [ 7460692.495706337504089, 331442.532968090032227 ], [ 7460690.631533016450703, 331452.687494956946466 ], [ 7460688.961913438513875, 331456.67371509084478 ], [ 7460686.29983988031745, 331460.905670120730065 ], [ 7460671.986847850494087, 331478.514592418388929 ], [ 7460669.564603753387928, 331483.065773136971984 ], [ 7460668.282123306766152, 331487.453568114724476 ], [ 7460667.764078638516366, 331494.531979718129151 ], [ 7460668.282450746744871, 331504.836769155226648 ], [ 7460669.815586707554758, 331514.682569142896682 ], [ 7460673.002922097221017, 331524.475547702575568 ], [ 7460677.875952922739089, 331534.317082724883221 ], [ 7460684.528839322738349, 331544.401399958471302 ], [ 7460698.12431041803211, 331560.483748613391072 ], [ 7460731.845763622783124, 331594.074299084779341 ], [ 7460745.265053564682603, 331609.134994254040066 ], [ 7460766.963541988283396, 331637.190111506788526 ], [ 7460780.031454112380743, 331651.350872312847059 ], [ 7460789.748316779732704, 331659.471935216104612 ], [ 7460801.526530974544585, 331667.462092689995188 ], [ 7460840.305727220140398, 331689.009993157349527 ], [ 7460852.047524255700409, 331696.050019430345856 ], [ 7460874.017666646279395, 331709.645491907198448 ], [ 7460899.323438763618469, 331724.32561014482053 ], [ 7460991.809323754161596, 331774.824298359453678 ], [ 7461028.342457232996821, 331795.630072844971437 ], [ 7461064.179068500176072, 331817.938143761653919 ], [ 7461094.548816286027431, 331839.35251374769723 ], [ 7461111.266662501730025, 331852.628760321007576 ], [ 7461126.47401028778404, 331865.996214178623632 ], [ 7461140.269940740428865, 331879.542145654733758 ], [ 7461152.71482118498534, 331893.32626605767291 ], [ 7461163.869675791822374, 331907.419113411568105 ], [ 7461173.749923937022686, 331921.843981709447689 ], [ 7461182.379843959584832, 331936.637616343679838 ], [ 7461189.776824548840523, 331951.828888672636822 ], [ 7461199.071770768612623, 331974.750147500191815 ], [ 7461207.137057960964739, 331998.531970520678442 ], [ 7461213.97203032579273, 332023.174357769312337 ], [ 7461219.577016004361212, 332048.677637293410953 ], [ 7461225.848337882198393, 332127.136294252239168 ] ], [ [ 7461261.042887771502137, 332172.813786311948206 ], [ 7461275.239406645298004, 332240.5050557712093 ], [ 7461277.788288979791105, 332290.200262841652147 ], [ 7461279.700033210217953, 332320.781954008620232 ], [ 7461289.401475673541427, 332332.95091689232504 ], [ 7461298.147209970280528, 332337.032281808438711 ], [ 7461314.472340121865273, 332338.198292885557748 ], [ 7461355.285329800099134, 332340.53031533153262 ], [ 7461402.512032839469612, 332339.364306757517625 ], [ 7461425.83355372864753, 332342.862338943872601 ], [ 7461447.989392039366066, 332352.191079415671993 ], [ 7461502.212484785355628, 332374.929597251582891 ], [ 7461836.48378770891577, 332444.854474870895501 ], [ 7462138.313819382339716, 332514.858747550228145 ], [ 7462926.006351048126817, 332678.692101840046234 ], [ 7463116.078844520263374, 332720.087776061380282 ], [ 7463360.374431232921779, 332778.391587903141044 ], [ 7463528.874090863391757, 332833.78037070116261 ], [ 7463681.048948393203318, 332890.918496558791958 ], [ 7464383.035115856677294, 333165.530712183332071 ], [ 7464710.12334596645087, 333291.46739721641643 ], [ 7464729.946835376322269, 333297.297778191568796 ], [ 7464755.017700084485114, 333298.463789610599633 ], [ 7465062.28146143630147, 333290.300416298850905 ], [ 7465601.596062364056706, 333272.80765627551591 ], [ 7466170.063220348209143, 333256.480579732451588 ], [ 7466282.007439737208188, 333252.399219534243457 ], [ 7466359.552054514177144, 333251.232884036493488 ], [ 7466440.595028563402593, 333250.066548691771459 ], [ 7466541.461492527276278, 333247.150870398618281 ], [ 7466619.006435371004045, 333244.235519291891251 ], [ 7466686.6393056306988, 333236.655797940504272 ], [ 7467095.93554160092026, 333224.993741162412334 ], [ 7468088.90628382191062, 333189.09844093240099 ], [ 7468108.098211825825274, 333191.757234163873363 ], [ 7468127.338695481419563, 333205.750344323867466 ] ], [ [ 7468145.996500726789236, 333258.224423231324181 ], [ 7468189.141838977113366, 333268.719174945028499 ], [ 7468846.231694207526743, 333275.713950879639015 ], [ 7469036.824858675710857, 333279.779246770602185 ] ] ] } },
{ "type": "Feature", "properties": { "OBJECTID": 158, "X_COORD": 7469112.1596617196, "Y_COORD": 333866.02236210002 }, "geometry": { "type": "LineString", "coordinates": [ [ 7469148.530516090802848, 334420.57773887400981 ], [ 7469117.926880623213947, 333462.941312427690718 ], [ 7469113.59355070348829, 333385.153259168495424 ], [ 7469117.147359322756529, 333308.732004073332064 ] ] } },
{ "type": "Feature", "properties": { "OBJECTID": 159, "X_COORD": 7469142.40535329, "Y_COORD": 334751.35739883 }, "geometry": { "type": "LineString", "coordinates": [ [ 7469170.713562369346619, 335013.854278822487686 ], [ 7469151.303151108324528, 334486.004572309204377 ] ] } },
{ "type": "Feature", "properties": { "OBJECTID": 160, "X_COORD": 7469174.9381849896, "Y_COORD": 336237.24960667 }, "geometry": { "type": "MultiLineString", "coordinates": [ [ [ 7469164.061325684189796, 335170.213193019444589 ], [ 7469190.681046365760267, 335898.779423149768263 ], [ 7469198.999607080593705, 336111.138990742038004 ], [ 7469194.010102480649948, 336199.853552154963836 ], [ 7469192.347696106880903, 336327.380119197710883 ], [ 7469201.221045462414622, 336573.007729419448879 ], [ 7469218.706591232679784, 337019.894514225656167 ], [ 7469227.284673529677093, 337050.401402473915368 ] ], [ [ 7469231.166559807956219, 337135.788864663045388 ], [ 7469224.218724869191647, 337156.878102003713138 ], [ 7469239.485774099826813, 337415.238979418005329 ], [ 7469256.675071441568434, 337571.597894572478253 ], [ 7469268.320078702643514, 337706.3324669598951 ], [ 7469281.07433420047164, 337929.227139053691644 ] ], [ [ 7469286.065144994296134, 337997.426282147120219 ], [ 7469296.048397368751466, 338374.462020992999896 ], [ 7469309.912230260670185, 338668.882279417652171 ] ], [ [ 7469313.793789442628622, 338722.665412796079181 ], [ 7469324.330851431004703, 339005.16506809159182 ], [ 7469327.658275398425758, 339100.532844650850166 ], [ 7469324.887599020265043, 339284.060392544488423 ] ] ] } },
{ "type": "Feature", "properties": { "OBJECTID": 171, "X_COORD": 7481592.5059451703, "Y_COORD": 336172.61259436997 }, "geometry": { "type": "MultiLineString", "coordinates": [ [ [ 7481561.46376789920032, 335884.578462982201017 ], [ 7481474.441821072250605, 335126.293072316388134 ] ], [ [ 7481577.003133269026875, 335985.06172522471752 ], [ 7481611.474908724427223, 336173.0515446352656 ], [ 7481645.262957197614014, 336357.314001999853645 ], [ 7481648.677653931081295, 336388.792018626001664 ], [ 7481653.118269260041416, 336419.838276759954169 ], [ 7481658.58513106033206, 336450.453432597336359 ], [ 7481665.077583715319633, 336480.636501903121825 ], [ 7481672.596282948739827, 336510.388468904886395 ], [ 7481681.140900696627796, 336539.708349335414823 ], [ 7481690.711436945945024, 336568.597127506625839 ], [ 7481701.307891994714737, 336597.054147180635482 ], [ 7481713.378099987283349, 336625.360904484114144 ], [ 7481741.79213881213218, 336664.37008958554361 ], [ 7481765.421729024499655, 336702.176846753514837 ], [ 7481779.599220869131386, 336723.443250226555392 ], [ 7481795.352171785198152, 336747.859916042361874 ], [ 7481815.831171759404242, 336781.728681171778589 ], [ 7481836.310171877965331, 336814.02198711305391 ], [ 7481873.3298523966223, 336875.458008477406111 ], [ 7481901.685164180584252, 336913.264765827683732 ], [ 7481911.924664274789393, 336925.867127692617942 ], [ 7481928.465345066972077, 336941.620080113294534 ], [ 7481945.793427557684481, 336952.646983023209032 ], [ 7481962.952546985819936, 336960.982941176276654 ], [ 7481970.334436147473752, 336965.007219426624943 ], [ 7481976.429908193647861, 336967.452101423579734 ], [ 7481981.203529801219702, 336968.304463781707454 ], [ 7481984.639225106686354, 336967.561025634291582 ] ] ] } },
{ "type": "Feature", "properties": { "OBJECTID": 178, "X_COORD": 7473116.5019464698, "Y_COORD": 344322.47579067998 }, "geometry": { "type": "MultiLineString", "coordinates": [ [ [ 7473085.542373936623335, 343986.121279488666914 ], [ 7473053.424270756542683, 343853.308950263715815 ], [ 7473032.590941231697798, 343789.072732852888294 ], [ 7473004.813059470616281, 343694.454627234663349 ], [ 7472989.188062692061067, 343635.427071132697165 ], [ 7472969.222843486815691, 343562.510408074303996 ], [ 7472955.334067282266915, 343501.746303601365071 ], [ 7472942.313072773627937, 343445.322750031074975 ], [ 7472932.76452002953738, 343367.197754389781039 ], [ 7472929.292408801615238, 343327.267310461436864 ], [ 7472926.688081060536206, 343260.427091291348916 ], [ 7472910.194988740608096, 342822.927116987586487 ], [ 7472904.118552709929645, 342641.503243164625019 ], [ 7472890.229773958213627, 342642.371352834743448 ] ], [ [ 7473085.542373936623335, 343986.121279488666914 ], [ 7473107.243484712205827, 344073.794831486127805 ], [ 7473137.625694186426699, 344243.065819820913021 ], [ 7473190.435393827967346, 344455.029719893704168 ], [ 7473205.516428199596703, 344498.85452098416863 ], [ 7473253.75427780020982, 344713.144536184729077 ], [ 7473342.599403051659465, 345065.049045995227061 ], [ 7473383.921900918707252, 345227.643197925295681 ], [ 7473396.42189827747643, 345271.393195804150309 ], [ 7473407.400899200700223, 345301.425018533947878 ], [ 7473417.100372492335737, 345328.776395211345516 ], [ 7473431.325435923412442, 345362.937482970650308 ], [ 7473447.18731033615768, 345398.045749193814117 ], [ 7473464.753580916672945, 345434.251128277101088 ], [ 7473484.150887974537909, 345471.815103117434774 ], [ 7473498.637106535024941, 345497.696335716522299 ], [ 7473515.771947060711682, 345525.711098482715897 ], [ 7473534.251931680366397, 345554.089706412691157 ], [ 7473614.525872047059238, 345677.4328779723146 ], [ 7473621.67252466827631, 345690.556565126636997 ], [ 7473636.451722467318177, 345712.772443607565947 ], [ 7473652.904148386791348, 345733.533269783772994 ], [ 7473672.66103633493185, 345754.42631389509188 ], [ 7473694.390364924445748, 345773.605119389016181 ], [ 7473936.16822839807719, 346007.138579284306616 ] ], [ [ 7473069.590274908579886, 343989.977905932057183 ], [ 7473085.542373936623335, 343986.121279488666914 ] ] ] } },
{ "type": "Feature", "properties": { "OBJECTID": 179, "X_COORD": 7484152.8080048598, "Y_COORD": 326927.36423185997 }, "geometry": { "type": "MultiLineString", "coordinates": [ [ [ 7483684.76978300511837, 326445.485940334387124 ], [ 7483738.308489315211773, 326561.602077153918799 ], [ 7483744.940706425346434, 326569.178520518995356 ], [ 7483753.307175477035344, 326576.910803846549243 ], [ 7483783.358681781217456, 326599.868808887898922 ], [ 7483793.573247908614576, 326608.484294330351986 ], [ 7483802.265176089480519, 326617.525960774917621 ], [ 7483808.806185897439718, 326626.679831882065628 ], [ 7483815.452510406263173, 326639.3251725937007 ], [ 7483822.873440940864384, 326656.597809651109856 ], [ 7483845.576846035197377, 326802.794652059033979 ], [ 7483841.413787952624261, 326817.680477772082668 ], [ 7483840.017462395131588, 326821.085333156108391 ] ], [ [ 7483840.017462395131588, 326821.085333156108391 ], [ 7483837.441346812993288, 326827.367156834632624 ], [ 7483689.302900071255863, 326935.340569700871129 ] ], [ [ 7483840.017462395131588, 326821.085333156108391 ], [ 7483844.785834554582834, 326827.292682063241955 ], [ 7483863.89967773295939, 326852.174899134784937 ], [ 7483882.206762205809355, 326878.908165974484291 ], [ 7483901.796326936222613, 326904.98985803296091 ], [ 7483919.648358844220638, 326931.130933282955084 ], [ 7483937.996781804598868, 326959.079095066350419 ], [ 7483955.414102701470256, 326985.234934062696993 ], [ 7483972.045662249438465, 327013.84943426650716 ], [ 7483988.697890905663371, 327043.07121794874547 ], [ 7484007.480697205290198, 327071.004287853196729 ], [ 7484021.940012738108635, 327099.692934953782242 ], [ 7484037.723475338891149, 327128.944246171100531 ], [ 7484052.534496948122978, 327155.189323899510782 ], [ 7484068.234954167157412, 327182.011501381755807 ], [ 7484095.545646411366761, 327224.160121955093928 ], [ 7484111.650303526781499, 327246.684071316383779 ] ], [ [ 7484111.650303526781499, 327246.684071316383779 ], [ 7484120.258242685347795, 327241.032825282309204 ], [ 7484134.438688623718917, 327229.341225509007927 ], [ 7484143.444921977818012, 327219.571869494277053 ], [ 7484149.374055771157146, 327209.582369014504366 ], [ 7484153.934751708060503, 327197.116162588179577 ], [ 7484157.202468535862863, 327182.60533683077665 ], [ 7484160.921629380434752, 327158.181125843140762 ], [ 7484162.026616811752319, 327144.546612269827165 ], [ 7484161.310409987345338, 327129.419316589133814 ], [ 7484158.770384699106216, 327112.069251931156032 ], [ 7484151.192958621308208, 327075.472797140304465 ], [ 7484148.542368893511593, 327059.69753553532064 ], [ 7484147.173603184521198, 327043.174570587230846 ], [ 7484147.803853083401918, 327028.526605632971041 ], [ 7484149.519404520280659, 327019.220831966784317 ], [ 7484152.642764262855053, 327008.871423258387949 ], [ 7484166.956741128116846, 326974.120441678038333 ], [ 7484171.433447609655559, 326961.103054177365266 ], [ 7484173.983316511847079, 326948.073527532396838 ], [ 7484174.231348246335983, 326942.12208433059277 ], [ 7484173.802214805968106, 326936.447543959424365 ], [ 7484171.298934547230601, 326925.291048465878703 ], [ 7484166.674919557757676, 326912.941311499045696 ], [ 7484160.350445341318846, 326899.929829124477692 ], [ 7484147.861930004321039, 326877.144725032383576 ], [ 7484136.548939273692667, 326857.321234939969145 ], [ 7484124.419019503518939, 326838.34813852282241 ], [ 7484111.600451230071485, 326820.425566923455335 ], [ 7484098.195269188843668, 326803.695908608147874 ], [ 7484084.32650422398001, 326788.306145226117224 ], [ 7484070.042056647129357, 326774.303520824527368 ], [ 7484055.409512185491621, 326761.754308448289521 ], [ 7484040.483004370704293, 326750.704111660947092 ], [ 7484032.306495904922485, 326745.799912157759536 ], [ 7484022.506299779750407, 326741.18409840943059 ], [ 7483987.927890236489475, 326728.502339277998544 ], [ 7483975.622445086948574, 326723.272024142846931 ], [ 7483964.448233379982412, 326716.956407294841483 ], [ 7483955.590622529387474, 326709.826814216969069 ], [ 7483950.950531299225986, 326704.554832727706525 ], [ 7483946.477434677071869, 326697.907195176463574 ], [ 7483934.323236814700067, 326674.595844392839354 ], [ 7483929.839313568547368, 326666.961658308282495 ], [ 7483925.18937961384654, 326660.683115205087233 ], [ 7483920.258605815470219, 326655.708049694367219 ], [ 7483908.035509865731001, 326646.830096989229787 ], [ 7483891.816022855229676, 326637.83140924887266 ], [ 7483874.851785332895815, 326629.631934035336599 ], [ 7483868.92790134716779, 326627.643088770390023 ], [ 7483863.601130136288702, 326626.634886533604003 ], [ 7483852.627377409487963, 326626.705752247886267 ], [ 7483841.588336068205535, 326629.210344829189125 ], [ 7483830.484005861915648, 326634.148336220940109 ], [ 7483819.315042803995311, 326641.520382565446198 ] ], [ [ 7484111.650303526781499, 327246.684071316383779 ], [ 7484112.787770438939333, 327248.275278613436967 ] ], [ [ 7483981.90260505862534, 327315.665361312916502 ], [ 7483994.101751873269677, 327304.862868972471915 ], [ 7484006.717236934229732, 327294.789707393501885 ], [ 7484019.74971691891551, 327285.445876394340303 ], [ 7484033.198535245843232, 327276.831048093619756 ], [ 7484041.988889368250966, 327272.175536886497866 ], [ 7484052.343875820748508, 327267.918319679622073 ], [ 7484087.585015759803355, 327256.896996289491653 ], [ 7484099.852075616829097, 327252.442600696464069 ], [ 7484110.982652423903346, 327247.122391478915233 ], [ 7484111.650303526781499, 327246.684071316383779 ] ] ] } },
{ "type": "Feature", "properties": { "OBJECTID": 184, "X_COORD": 7485810.9522722103, "Y_COORD": 331319.16534404998 }, "geometry": { "type": "MultiLineString", "coordinates": [ [ [ 7484708.63154346588999, 327842.621394594258163 ], [ 7484714.766385275870562, 327846.911092743335757 ], [ 7484719.979311433620751, 327851.514767197601032 ], [ 7484724.326751996763051, 327856.482614827924408 ], [ 7484729.342499386519194, 327864.651905872917268 ], [ 7484733.492433072067797, 327874.912076045176946 ], [ 7484736.517366889864206, 327885.53609124594368 ], [ 7484742.941905957646668, 327912.813648899144027 ], [ 7484747.495382815599442, 327926.433398926106747 ], [ 7484754.943216452375054, 327943.149277455755509 ], [ 7484763.617427879013121, 327960.590877770038787 ], [ 7484773.637767847627401, 327979.003278637945186 ], [ 7484785.367424940690398, 327999.05741177033633 ], [ 7484795.381203500553966, 328013.516400762193371 ], [ 7484808.455020907334983, 328028.624996176164132 ], [ 7484822.692224303260446, 328042.831688769976608 ], [ 7484860.303113030269742, 328077.952094971842598 ], [ 7484870.360198624432087, 328088.331359806994442 ], [ 7484878.694515158422291, 328097.94815745629603 ], [ 7484887.015708462335169, 328109.205046874238178 ], [ 7484893.545563375577331, 328120.260164543637075 ], [ 7484898.409407842904329, 328131.327093209722079 ], [ 7484901.656782368198037, 328142.523286875453778 ], [ 7484903.285718768835068, 328156.37794491200475 ], [ 7484903.610520782880485, 328188.642050582100637 ], [ 7484905.667278648354113, 328202.22636740305461 ], [ 7484911.198117470368743, 328220.932731342443731 ], [ 7484917.241751620545983, 328235.941917008836754 ], [ 7484924.142341404221952, 328248.103333849750925 ], [ 7484931.955004589632154, 328257.474068523617461 ], [ 7484936.721408311277628, 328261.283779771300033 ], [ 7484942.765699218027294, 328264.710617053089663 ], [ 7484969.99437169637531, 328275.24637865414843 ], [ 7484975.788990529254079, 328278.073150360549334 ], [ 7484980.520289483480155, 328281.087914138566703 ], [ 7484986.404147011227906, 328286.044606985582504 ], [ 7484991.839513948187232, 328291.914357487286907 ], [ 7484996.883148540742695, 328298.755892723565921 ], [ 7485001.629867032170296, 328306.696837309340481 ], [ 7485009.333934315480292, 328323.193883859086782 ], [ 7485021.859850965440273, 328356.139420377439819 ], [ 7485027.315558601170778, 328369.118750542809721 ], [ 7485033.773235105909407, 328381.689944258832838 ], [ 7485040.670215829275548, 328392.028854637639597 ], [ 7485050.448102042078972, 328403.215206066262908 ], [ 7485075.821458930149674, 328428.410415517049842 ], [ 7485081.878872964531183, 328435.530165971722454 ], [ 7485086.740749010816216, 328442.375310091883875 ], [ 7485093.211548945866525, 328453.157461931114085 ], [ 7485098.736810471862555, 328463.710283017484471 ], [ 7485103.270602473057806, 328473.945190732367337 ], [ 7485106.790615051984787, 328483.811003908165731 ], [ 7485108.77650689240545, 328492.580032339610625 ], [ 7485109.613776813261211, 328502.525569843826815 ], [ 7485109.384117771871388, 328513.887445783475414 ], [ 7485106.986150515265763, 328548.140068265609443 ], [ 7485107.433000577613711, 328558.756865544943139 ], [ 7485109.01895818207413, 328568.019332237949129 ], [ 7485112.480899603106081, 328578.692232014669571 ], [ 7485122.996318005956709, 328602.882191593293101 ], [ 7485126.841461676172912, 328613.910734396078624 ], [ 7485128.720726401545107, 328622.013424224336632 ], [ 7485130.000909654423594, 328630.580352907942142 ], [ 7485130.815213333815336, 328649.50915759394411 ], [ 7485129.664950255304575, 328669.040980485326145 ], [ 7485124.037323805503547, 328722.311318248219322 ], [ 7485123.664619944989681, 328738.194191287911963 ], [ 7485124.614750361070037, 328752.253245609230362 ], [ 7485127.161337437108159, 328769.598717112559825 ], [ 7485130.669866853393614, 328787.523912996868603 ], [ 7485135.160351525060833, 328806.132179767242633 ], [ 7485140.675770220346749, 328825.601010831189342 ], [ 7485154.763694212771952, 328867.312623039702885 ], [ 7485175.408704088069499, 328920.001268921187147 ], [ 7485181.16034356597811, 328932.866097796824761 ], [ 7485197.479567092843354, 328965.990440273017157 ], [ 7485201.658700444735587, 328975.931384688708931 ], [ 7485204.815523920580745, 328985.051134937966708 ], [ 7485207.479893449693918, 328995.24470398738049 ], [ 7485209.659354745410383, 329006.824755843030289 ], [ 7485214.496295240707695, 329046.195488571655005 ], [ 7485216.845703885890543, 329060.794241045019589 ], [ 7485223.94642395991832, 329094.157100209675264 ], [ 7485232.167878868989646, 329127.462216623651329 ], [ 7485241.486774639226496, 329160.611493190401234 ], [ 7485251.874568103812635, 329193.505848541506566 ], [ 7485263.300419189967215, 329226.04685752117075 ], [ 7485275.729551056399941, 329258.135766832681838 ], [ 7485289.125218143686652, 329289.67710406560218 ], [ 7485303.4473946839571, 329320.576709054759704 ], [ 7485323.727575652301311, 329360.352626080391929 ], [ 7485345.722979708574712, 329399.345406729844399 ], [ 7485369.434262801893055, 329437.555379063880537 ], [ 7485394.860769042745233, 329474.982215090189129 ], [ 7485421.229531766846776, 329525.239430931047536 ], [ 7485449.305971793830395, 329574.227618037781212 ], [ 7485479.09041693340987, 329621.94710449653212 ], [ 7485510.582867157645524, 329668.398218419693876 ], [ 7485522.354191462509334, 329684.451367506058887 ], [ 7485535.161276535131037, 329700.725645235215779 ], [ 7485564.407008348964155, 329734.593098403536715 ], [ 7485598.602214951999485, 329770.571444010653067 ], [ 7485671.493940087035298, 329842.995655084610917 ], [ 7485702.150104960426688, 329874.555037556157913 ], [ 7485733.02608604170382, 329908.89197893749224 ], [ 7485758.874836506322026, 329941.102279857848771 ], [ 7485795.91945184301585, 329989.705952885269653 ], [ 7485814.226864233613014, 330015.011070189822931 ], [ 7485830.66222969442606, 330040.233510252262931 ], [ 7485843.839721479453146, 330063.816186499607284 ], [ 7485857.222265613265336, 330092.484820471552666 ], [ 7485871.48866759147495, 330127.88311284140218 ], [ 7485893.502115532755852, 330181.162638051027898 ], [ 7485902.253098369576037, 330206.377859968983103 ], [ 7485905.572651255875826, 330219.418869801913388 ], [ 7485907.686167909763753, 330231.667556807689834 ], [ 7485908.630065007135272, 330243.339800230227411 ], [ 7485908.411560471169651, 330254.544523947581183 ], [ 7485906.387609679251909, 330274.087829773314297 ], [ 7485902.997845562174916, 330287.760401000909042 ], [ 7485900.726848182268441, 330292.691502965113614 ], [ 7485897.404669881798327, 330297.729560277191922 ], [ 7485876.986035102047026, 330319.978901979979128 ], [ 7485872.905982412397861, 330325.734478901373222 ], [ 7485870.197321135550737, 330331.295174000493716 ], [ 7485867.369236949831247, 330340.263349196291529 ], [ 7485865.437478123232722, 330349.610461413220037 ], [ 7485864.402044660411775, 330359.336510653956793 ], [ 7485864.263264674693346, 330369.441496926476248 ], [ 7485866.097253543324769, 330383.854553855780978 ], [ 7485867.944037931039929, 330390.649172930163331 ], [ 7485870.410901117138565, 330397.169185754726641 ], [ 7485873.692724757827818, 330402.855537271359935 ], [ 7485884.0998758925125, 330415.671809860621579 ], [ 7485887.923038241453469, 330421.927387055999134 ], [ 7485890.244232173077762, 330427.990378900081851 ], [ 7485892.094953380525112, 330435.073383772687521 ], [ 7485895.402039103209972, 330456.873579456005245 ], [ 7485896.167130406945944, 330465.782371594279539 ], [ 7485895.962405609898269, 330475.133748968655709 ], [ 7485894.786552498117089, 330485.024168261443265 ], [ 7485892.61726085562259, 330495.646870974102058 ], [ 7485886.825265698134899, 330515.24824750359403 ], [ 7485870.544096801429987, 330560.903755920648109 ], [ 7485867.196983639150858, 330572.468387634959072 ], [ 7485864.893177539110184, 330582.880132339894772 ], [ 7485863.487337417900562, 330593.143254986673128 ], [ 7485863.134974799118936, 330602.765629741013981 ], [ 7485863.830840767361224, 330611.890301128267311 ], [ 7485865.581824457272887, 330620.596337418188341 ], [ 7485869.65662678796798, 330634.155063793004956 ], [ 7485874.035891338251531, 330645.354210260557011 ], [ 7485881.317714359611273, 330659.412936714070383 ], [ 7485889.736348594538867, 330671.924091154709458 ], [ 7485893.225849625654519, 330675.88800180965336 ], [ 7485897.358066929504275, 330679.539248464920092 ], [ 7485907.778341730125248, 330686.090429587231483 ], [ 7485918.89120177179575, 330691.022844395774882 ], [ 7485945.824598735198379, 330701.033015492255799 ], [ 7485957.600188201293349, 330706.737411912588868 ], [ 7485966.466001031920314, 330712.995285896933638 ], [ 7485973.069346889853477, 330720.232162342232186 ], [ 7485980.919411561451852, 330732.912936168024316 ], [ 7485986.956812296062708, 330745.622909397410695 ], [ 7485991.488307475112379, 330758.80499538598815 ], [ 7485994.514225309714675, 330772.45919415546814 ], [ 7485996.034893962554634, 330786.585505700844806 ], [ 7485996.0496572451666, 330801.183601921598893 ], [ 7485994.5591712128371, 330816.254139037395362 ], [ 7485991.562779792584479, 330831.796788884443231 ], [ 7485987.061139062978327, 330847.811223432596307 ], [ 7485976.829510409384966, 330896.616666258079931 ], [ 7485965.601490782573819, 330945.131426666048355 ], [ 7485953.376423967070878, 330993.355504649109207 ], [ 7485940.154638282954693, 331041.288572087825742 ], [ 7485913.571302723139524, 331138.494601931422949 ], [ 7485898.949254451319575, 331185.591055202297866 ], [ 7485890.476485001854599, 331208.871893377800006 ], [ 7485881.660211814567447, 331230.191773619793821 ], [ 7485872.343282345682383, 331249.929961057030596 ], [ 7485862.435145818628371, 331268.275103926309384 ], [ 7485844.892166670411825, 331296.33087578456616 ], [ 7485824.027009381912649, 331325.507054319430608 ], [ 7485799.484358883462846, 331356.32758955785539 ], [ 7485769.653322494588792, 331390.821680790395476 ], [ 7485752.100501297041774, 331409.135983467393089 ], [ 7485731.569661824032664, 331428.019183609518223 ], [ 7485707.053586371243, 331448.433551515103318 ], [ 7485654.039808553643525, 331489.918455058010295 ], [ 7485631.498142341151834, 331508.280985911900643 ], [ 7485608.654967171140015, 331528.566416839021258 ], [ 7485589.407592326402664, 331547.929275805305224 ], [ 7485572.143156808800995, 331567.202239853388164 ], [ 7485553.906936543993652, 331588.763589548761956 ], [ 7485509.027672160416842, 331645.360041046806145 ], [ 7485490.514220932498574, 331668.079855247458909 ], [ 7485482.234365179203451, 331680.678935534786433 ], [ 7485478.791779892519116, 331688.043436263804324 ], [ 7485476.037842772901058, 331696.089695501548704 ], [ 7485473.942697995342314, 331704.902030865254346 ], [ 7485472.464023259468377, 331714.656951455224771 ], [ 7485471.319665748625994, 331731.077882183832116 ], [ 7485470.99322073161602, 331769.696318133617751 ], [ 7485470.056540200486779, 331786.634637291310355 ], [ 7485463.324254103004932, 331866.833779153123032 ], [ 7485458.708109607920051, 331947.22911531990394 ], [ 7485458.401674813590944, 332054.561129833571613 ], [ 7485459.928245494142175, 332161.850821566302329 ], [ 7485461.953177317045629, 332224.177917627966963 ], [ 7485468.805532905273139, 332381.966950337984599 ], [ 7485473.935445256531239, 332601.19987691444112 ], [ 7485476.796006099320948, 332682.851446913089603 ], [ 7485479.001385251060128, 332721.524016817566007 ], [ 7485486.151971376501024, 332823.822895434044767 ], [ 7485487.631628719158471, 332854.2828673926997 ], [ 7485488.336024078540504, 332881.666067864862271 ], [ 7485488.548292300663888, 332935.385552801308222 ], [ 7485487.448881321586668, 332977.523017420491669 ], [ 7485484.81699010450393, 333014.747752584342379 ], [ 7485480.093563551083207, 333056.155230228963774 ], [ 7485474.750714690424502, 333093.358639848418534 ], [ 7485458.161144591867924, 333199.414407079224475 ], [ 7485453.71265281457454, 333235.648656675533857 ], [ 7485445.456416339613497, 333317.72443881520303 ], [ 7485440.703134416602552, 333354.049567656649742 ], [ 7485436.996768902987242, 333375.826469061837997 ], [ 7485432.782857791520655, 333395.930142217082903 ], [ 7485427.975114429369569, 333414.765114671667106 ], [ 7485422.521702080965042, 333432.53217372688232 ], [ 7485410.420979684218764, 333467.417997906042729 ], [ 7485400.145716669037938, 333493.436696764780208 ], [ 7485389.519404045306146, 333516.09515951591311 ], [ 7485378.282527443952858, 333535.801850819028914 ], [ 7485368.011201896704733, 333550.695878382597584 ], [ 7485355.429509172216058, 333566.47704491217155 ], [ 7485341.085021298378706, 333582.711623421986587 ], [ 7485315.265796133317053, 333610.357618108158931 ], [ 7485295.598801660351455, 333630.532813011028338 ], [ 7485249.586007372476161, 333675.150262562965509 ], [ 7485195.893751183524728, 333730.528209882613737 ], [ 7485080.885879292152822, 333854.021636253688484 ], [ 7485029.470197894610465, 333907.693547017290257 ], [ 7485011.400972765870392, 333925.075106922362465 ], [ 7484967.143756041303277, 333964.3339611129486 ], [ 7484947.862916608341038, 333982.572148218809161 ], [ 7484928.976105842739344, 334003.110860153334215 ], [ 7484921.086014159023762, 334013.099704407562967 ], [ 7484914.087982605211437, 334023.07739380543353 ], [ 7484898.575515445321798, 334046.39104009285802 ], [ 7484894.577811874449253, 334054.095435774244834 ], [ 7484891.899334155023098, 334061.24274494528072 ], [ 7484890.271381198428571, 334068.967481951287482 ], [ 7484889.626695945858955, 334077.928767491132021 ], [ 7484891.012193231843412, 334110.946482070547063 ], [ 7484891.405564800836146, 334134.018331115366891 ], [ 7484892.507269867695868, 334158.079025241895579 ], [ 7484896.897687714546919, 334210.334599645691924 ], [ 7484903.398997385054827, 334263.705331619246863 ], [ 7484918.528585628606379, 334371.002897911064792 ], [ 7484925.959685913287103, 334409.279142573883291 ], [ 7484926.837638191878796, 334419.097383520333096 ], [ 7484926.517099988646805, 334427.807028606301174 ], [ 7484924.511193932034075, 334444.05932416440919 ], [ 7484922.117820976302028, 334454.776186917792074 ], [ 7484918.660799821838737, 334463.027498630923219 ], [ 7484914.091574068181217, 334468.635109673428815 ], [ 7484909.087637224234641, 334471.67021427542204 ], [ 7484902.272020841017365, 334473.860830673249438 ], [ 7484894.038425356149673, 334475.244032381451689 ], [ 7484879.476746502332389, 334476.623296801641118 ], [ 7484870.648991198278964, 334476.964831874705851 ], [ 7484860.752994400449097, 334476.261747544514947 ], [ 7484829.117169667035341, 334470.870670519943815 ], [ 7484818.234952668659389, 334469.522901140269823 ], [ 7484783.10733000561595, 334467.355249011772685 ], [ 7484747.871439926326275, 334466.560300147219095 ], [ 7484598.622433021664619, 334470.479585438210052 ], [ 7484543.38490348123014, 334469.844740802771412 ] ], [ [ 7484891.346841121092439, 334053.657115475041792 ], [ 7484882.681158727034926, 334063.299502994923387 ], [ 7484740.717907281592488, 334204.840499424492009 ], [ 7484624.453801952302456, 334326.411353677220177 ], [ 7484580.685101931914687, 334369.739105261047371 ], [ 7484556.582739630714059, 334409.184968063083943 ], [ 7484549.868172064423561, 334439.792249437712599 ], [ 7484548.230704017914832, 334464.584898797504138 ], [ 7484543.38490348123014, 334469.844740802771412 ] ], [ [ 7484543.38490348123014, 334469.844740802771412 ], [ 7484541.928538591600955, 334471.425777415919583 ], [ 7484536.260559795424342, 334477.578335877333302 ], [ 7484491.480376441963017, 334538.560285807703622 ] ], [ [ 7484543.38490348123014, 334469.844740802771412 ], [ 7484510.509249391034245, 334469.467114883009344 ], [ 7484450.75465961266309, 334472.505498167709447 ], [ 7484330.364574565552175, 334487.222684221691452 ], [ 7484190.85375436861068, 334531.793542209896259 ], [ 7484144.960056059062481, 334537.482844556216151 ], [ 7484058.444641295820475, 334540.909022077335976 ], [ 7483953.371156882494688, 334537.317482763377484 ], [ 7483892.549310475587845, 334526.253176602185704 ], [ 7483854.353446767665446, 334522.834540153329726 ], [ 7483735.796038711443543, 334537.01268428680487 ], [ 7483701.861657584086061, 334536.319769621244632 ], [ 7483659.269468861632049, 334527.08879737497773 ], [ 7483638.999129415489733, 334515.855201456986833 ], [ 7483620.908251708373427, 334499.809598060557619 ] ], [ [ 7484551.410493625327945, 334471.020265977655072 ], [ 7484578.388835570774972, 334539.069147438276559 ] ], [ [ 7484901.731010145507753, 334480.311617666389793 ], [ 7484886.366180817596614, 334502.968111758469604 ], [ 7484855.96066967304796, 334530.476967170136049 ] ] ] } },
{ "type": "Feature", "properties": { "OBJECTID": 186, "X_COORD": 7470539.7684861496, "Y_COORD": 345454.25763201999 }, "geometry": { "type": "LineString", "coordinates": [ [ 7471925.595006414689124, 350638.918734096048865 ], [ 7471502.507444592192769, 350351.319653637066949 ], [ 7471368.924450975842774, 350258.289142211084254 ], [ 7471215.145264848135412, 350152.635599283559714 ], [ 7471165.185951834544539, 350108.993211534980219 ], [ 7471123.519289376214147, 350065.937438212044071 ], [ 7471079.42218117043376, 350013.159880655410234 ], [ 7471055.116737700998783, 349980.520774039963726 ], [ 7471034.431044745258987, 349945.195972201530822 ], [ 7470987.490434003062546, 349861.198600137489848 ], [ 7470952.338864267803729, 349783.645781912258826 ], [ 7470934.630534269846976, 349728.437451192061417 ], [ 7470924.213870074599981, 349682.951561133202631 ], [ 7470912.060985864140093, 349623.229123307217378 ], [ 7470904.075096574611962, 349554.132014332863037 ], [ 7470898.307383259758353, 349479.547044797218405 ], [ 7470857.498017274774611, 349100.862354728276841 ], [ 7470804.208670097403228, 348591.847291439946275 ], [ 7470795.495419401675463, 348508.617309239460155 ], [ 7470726.953124641440809, 347893.411634932155721 ], [ 7470687.759900755248964, 347496.608179592061788 ], [ 7470666.489898714236915, 347249.57144823926501 ], [ 7470640.304227070882916, 346676.8562585915206 ], [ 7470651.749446206726134, 346423.378912076354027 ], [ 7470651.748140599578619, 346249.783450108603574 ], [ 7470645.250116782262921, 346059.753277544863522 ], [ 7470633.870858769863844, 345897.213260630669538 ], [ 7470624.185496201738715, 345782.610576876846608 ], [ 7470595.112670071423054, 345613.026924557634629 ], [ 7470554.661563889123499, 345436.665713095106184 ], [ 7470360.903070262633264, 344791.905901852471288 ], [ 7470295.894223206676543, 344608.258600670378655 ], [ 7470229.007095008157194, 344427.178228418924846 ], [ 7470155.907697873190045, 344222.504025289556012 ], [ 7470014.725959936156869, 343915.802922739356291 ], [ 7469838.769946567714214, 343586.704838599194773 ], [ 7469706.476001091301441, 343330.286541781737469 ], [ 7469639.483884402550757, 343197.93845004751347 ], [ 7469492.470454492606223, 342871.473897019284777 ], [ 7469468.716193169355392, 342809.348899855045602 ], [ 7469441.307733125053346, 342736.260320512228645 ], [ 7469419.380244547501206, 342646.726860480790492 ], [ 7469407.18110282626003, 342530.372208222746849 ] ] } },
{ "type": "Feature", "properties": { "OBJECTID": 194, "X_COORD": 7475802.8627863498, "Y_COORD": 338894.21451659 }, "geometry": { "type": "MultiLineString", "coordinates": [ [ [ 7479105.832242781296372, 338739.887250065454282 ], [ 7479095.026469066739082, 338740.169073750381358 ], [ 7479013.813219271600246, 338744.27996274252655 ], [ 7478934.029759242199361, 338748.151022377540357 ], [ 7478853.192165564745665, 338751.973525561101269 ], [ 7478800.205948103219271, 338754.955806825426407 ], [ 7478781.407720983028412, 338756.007315184804611 ], [ 7478753.182656914927065, 338757.387891461199615 ], [ 7478732.762054468505085, 338758.138546775444411 ], [ 7478668.998278851620853, 338759.33112950087525 ], [ 7478624.747297093272209, 338761.383621115237474 ], [ 7478598.926760578528047, 338762.926599006401375 ], [ 7478554.931028043851256, 338765.281255960930139 ], [ 7478505.988445824943483, 338767.528957298374735 ], [ 7478462.226965435780585, 338769.77961162495194 ], [ 7478400.848360039293766, 338772.623769176658243 ], [ 7478352.798165803775191, 338775.101785541686695 ], [ 7478320.562931424938142, 338776.8015873352997 ], [ 7478290.842788848094642, 338778.589971888985019 ], [ 7478239.104274836368859, 338780.553552438388579 ], [ 7478182.210249190218747, 338783.693641895195469 ], [ 7478134.788992195390165, 338785.959387922484893 ], [ 7478076.890045461244881, 338788.460369799809996 ], [ 7478034.817869349382818, 338790.507612122688442 ], [ 7477988.092478537000716, 338793.075523520587012 ], [ 7477939.875617762096226, 338795.598815447476227 ], [ 7477854.446160662919283, 338799.801567786838859 ], [ 7477823.610204658471048, 338801.757931280240882 ], [ 7477807.514077057130635, 338801.281224663194735 ] ], [ [ 7477725.805420278571546, 338805.914751359261572 ], [ 7477675.603979721665382, 338808.176560287945904 ], [ 7477626.866777800954878, 338810.301230178913102 ], [ 7477541.142373312264681, 338814.12373317690799 ], [ 7477471.333978343755007, 338817.739215804205742 ], [ 7477412.110228575766087, 338819.966575592407025 ], [ 7477350.114169267006218, 338823.683764538145624 ], [ 7477287.837598002515733, 338827.154234347050078 ], [ 7477228.212273238226771, 338830.787761992425658 ], [ 7477173.346462865360081, 338833.09484630037332 ], [ 7477115.329734053462744, 338836.346156200801488 ], [ 7477052.85303164832294, 338839.012164100131486 ], [ 7476997.164714666083455, 338842.5941827307106 ], [ 7476935.870098630897701, 338844.792014860897325 ], [ 7476885.88552163541317, 338846.948836914554704 ], [ 7476837.309409010224044, 338849.993126175890211 ], [ 7476787.383230810053647, 338852.514449548209086 ], [ 7476740.086973586119711, 338855.135182458907366 ], [ 7476695.366831867955625, 338857.264773759117816 ], [ 7476638.78481427859515, 338860.597120431077201 ], [ 7476593.777270941995084, 338863.286422967386898 ], [ 7476559.5912493346259, 338864.685043577570468 ], [ 7476531.75069962348789, 338866.156827190890908 ] ], [ [ 7476456.903262810781598, 338872.892388189968187 ], [ 7476405.340602406300604, 338861.478016773355193 ], [ 7475184.881355604156852, 338926.940235637186561 ] ] ] } },
{ "type": "Feature", "properties": { "OBJECTID": 203, "X_COORD": 7469064.4144995203, "Y_COORD": 333283.36512892001 }, "geometry": { "type": "LineString", "coordinates": [ [ 7469036.824858675710857, 333279.779246770602185 ], [ 7469050.918033650144935, 333279.508578030799981 ], [ 7469064.872757131233811, 333280.377673041657545 ], [ 7469082.011207452975214, 333281.776295692485292 ], [ 7469090.652282966300845, 333283.133251302409917 ], [ 7469098.189027838408947, 333285.564025737403426 ], [ 7469103.936730877496302, 333289.123080859775655 ], [ 7469107.925903648138046, 333293.01973434741376 ], [ 7469111.457399439997971, 333297.586663320718799 ], [ 7469114.531217944808304, 333302.824195930792484 ], [ 7469117.147359322756529, 333308.732004073332064 ] ] } },
{ "type": "Feature", "properties": { "OBJECTID": 207, "X_COORD": 7472199.0948993303, "Y_COORD": 340777.74278455001 }, "geometry": { "type": "LineString", "coordinates": [ [ 7469405.789782669395208, 340374.731589880539104 ], [ 7469429.748114450834692, 340379.418926476268098 ], [ 7469439.644110538065434, 340395.043925953854341 ], [ 7469446.935769566334784, 340578.898245874559507 ], [ 7469458.914770704694092, 340596.606578604318202 ], [ 7469469.331436546519399, 340602.856578641629312 ], [ 7469485.998102047480643, 340606.502248347795103 ], [ 7471980.953335030935705, 340552.97183696430875 ], [ 7471989.865408107638359, 340551.597493564360775 ], [ 7471998.562914183363318, 340551.026627787097823 ], [ 7472007.045853293500841, 340551.259239667211659 ], [ 7472015.314553500153124, 340552.295657233509701 ], [ 7472026.070458295755088, 340555.430828086624388 ], [ 7472037.507465084083378, 340561.216917417768855 ], [ 7472048.973343434743583, 340568.959699541039299 ], [ 7472070.085218150168657, 340585.220198097405955 ], [ 7472084.351949184201658, 340596.79401681968011 ], [ 7472099.168548744171858, 340610.727415533503518 ], [ 7472114.677405377849936, 340627.029580489499494 ], [ 7472136.816510730423033, 340651.950839719444048 ], [ 7472146.408701250329614, 340664.05713854188798 ], [ 7472155.955288107506931, 340678.612256164546125 ], [ 7472164.625234516337514, 340693.805825131945312 ], [ 7472185.982186999171972, 340733.829117542249151 ], [ 7472198.961844183504581, 340754.654904186842032 ], [ 7472206.730872203595936, 340764.868486564140767 ], [ 7472214.711514637805521, 340773.639155612909235 ], [ 7472223.057970376685262, 340781.135874639439862 ], [ 7472231.858494463376701, 340787.435087200254202 ], [ 7472246.42443835362792, 340796.101425835280679 ], [ 7472258.146550050936639, 340801.589943016762845 ], [ 7472273.252520307898521, 340805.935743851645384 ], [ 7472296.567479257471859, 340809.678526710369624 ], [ 7472322.560259926132858, 340812.372753284173086 ], [ 7472348.75612429715693, 340812.881284466420766 ], [ 7472375.154744834639132, 340811.204120241862256 ], [ 7472401.756777448579669, 340807.340604445431381 ], [ 7472569.556964606046677, 340803.611280484357849 ], [ 7475168.015145525336266, 340710.58514058747096 ] ] } },
{ "type": "Feature", "properties": { "OBJECTID": 214, "X_COORD": 7476651.4166555796, "Y_COORD": 351490.49705603003 }, "geometry": { "type": "MultiLineString", "coordinates": [ [ [ 7476654.260721757076681, 350930.088847544568125 ], [ 7476665.296153002418578, 350958.484843660960905 ], [ 7476667.670167231932282, 350993.328345578338485 ], [ 7476679.802700042724609, 351317.808313392160926 ], [ 7476682.80138633120805, 351348.245647621923126 ], [ 7476678.792198996990919, 351375.426420086587314 ], [ 7476670.684587315656245, 351396.71316392585868 ], [ 7476667.673431502655149, 351426.979238078929484 ], [ 7476666.653089662082493, 351439.230877741298173 ], [ 7476666.80991343036294, 351453.069131466036197 ], [ 7476671.63963535707444, 351507.053708476421889 ], [ 7476674.334844040684402, 351535.651147795666475 ], [ 7476679.288582850247622, 351564.146553096186835 ], [ 7476683.441797302104533, 351579.543533970601857 ] ], [ [ 7476683.441797302104533, 351579.543533970601857 ], [ 7476645.645209530368447, 351630.559277475171257 ], [ 7476606.404068456031382, 351672.570428272767458 ], [ 7476596.207546357996762, 351685.427054406143725 ] ], [ [ 7476683.441797302104533, 351579.543533970601857 ], [ 7476685.641599884256721, 351587.698061094095465 ], [ 7476689.21804281603545, 351597.205934711440932 ], [ 7476693.008396786637604, 351605.05271915247431 ], [ 7476695.701965932734311, 351608.096682305040304 ], [ 7476701.106164828874171, 351612.360789882426616 ], [ 7476727.163249410688877, 351629.4677452549804 ], [ 7476732.797435074113309, 351633.788939433696214 ], [ 7476751.348942485637963, 351654.390973046713043 ], [ 7476769.770200534723699, 351671.602586872235406 ], [ 7476805.611732452176511, 351703.671812091837637 ], [ 7476829.409958740696311, 351723.15540761948796 ], [ 7476845.163894266821444, 351734.358819631568622 ], [ 7476863.3394177230075, 351745.682638537429739 ], [ 7476882.649783538654447, 351756.550748891662806 ], [ 7476920.521171952597797, 351772.135066984861623 ], [ 7476941.814148937352002, 351785.316497470543254 ], [ 7476961.586128887720406, 351802.046484091726597 ], [ 7476979.436192856170237, 351814.59405620850157 ], [ 7476986.967688320204616, 351821.813872357481159 ], [ 7476991.125496306456625, 351824.503832988557406 ], [ 7476995.54445914644748, 351826.580932781740557 ], [ 7477003.580547767691314, 351828.83683845057385 ], [ 7477010.736387296579778, 351829.127193044521846 ], [ 7477014.795114129781723, 351828.213807448802982 ], [ 7477021.323329144157469, 351825.758427239139564 ], [ 7477030.454890444874763, 351821.854884534783196 ], [ 7477039.213420177809894, 351817.125226356554776 ], [ 7477047.598590606823564, 351811.568796578212641 ], [ 7477055.610401302576065, 351805.185923267214093 ] ], [ [ 7476596.207546357996762, 351685.427054406143725 ], [ 7476595.785958368331194, 351685.958878510689829 ], [ 7476530.691472922451794, 351717.351590619015042 ] ], [ [ 7476530.691472922451794, 351717.351590619015042 ], [ 7476508.993311277590692, 351721.506773231900297 ], [ 7476486.399808541871607, 351727.634396682085935 ], [ 7476468.344363044016063, 351736.141285240766592 ], [ 7476454.455255976878107, 351745.169171250250656 ], [ 7476441.434586985036731, 351756.974616246123333 ], [ 7476431.538589766249061, 351770.169168865482789 ], [ 7476420.948366405442357, 351788.745610941841733 ], [ 7476406.191476423293352, 351818.085831693082582 ], [ 7476331.712472767569125, 351962.472303049638867 ], [ 7476331.184913598932326, 351963.241659914434422 ] ], [ [ 7476594.237399945035577, 351740.040896181482822 ], [ 7476579.889303881675005, 351734.34732638153946 ], [ 7476564.785302457399666, 351728.097326201444957 ], [ 7476549.420802192762494, 351723.409989943669643 ], [ 7476530.691472922451794, 351717.351590619015042 ] ], [ [ 7476594.237399945035577, 351740.040896181482822 ], [ 7476594.472636520862579, 351729.920489978510886 ], [ 7476595.254133245907724, 351710.909992443106603 ], [ 7476596.55597108323127, 351694.243326829164289 ], [ 7476596.207546357996762, 351685.427054406143725 ] ], [ [ 7476331.184913598932326, 351963.241659914434422 ], [ 7476323.379139513708651, 351974.625189122336451 ], [ 7476315.045806389302015, 351983.653075386129785 ], [ 7476303.240032386034727, 351991.291854001639877 ], [ 7476287.267920409329236, 351996.153073525929358 ], [ 7476278.934587461873889, 351997.194739847036544 ], [ 7476265.045809052884579, 351991.98640627640998 ], [ 7476240.740036278963089, 351985.736405725998338 ], [ 7476190.740039766766131, 351976.361404361086898 ], [ 7476101.504152703098953, 351974.278067660867237 ] ], [ [ 7476331.184913598932326, 351963.241659914434422 ], [ 7476337.962471609003842, 351983.653076281654648 ], [ 7476343.517916983924806, 351996.500188557256479 ], [ 7476349.073362374678254, 352006.916854829527438 ], [ 7476359.142915279604495, 352018.028075020585675 ], [ 7476369.906693739816546, 352024.972300721972715 ], [ 7476386.573359093628824, 352031.222301004803739 ], [ 7476407.406691011972725, 352038.166855207993649 ], [ 7476430.323356165550649, 352043.722301962086931 ], [ 7476452.892908200621605, 352049.278076793591026 ], [ 7476468.170794240199029, 352056.222302668727934 ], [ 7476477.892906330525875, 352062.819743590254802 ], [ 7476498.031683943234384, 352081.56974325410556 ], [ 7476561.92078501638025, 352147.541854608512949 ], [ 7476574.073342946358025, 352157.958521108201239 ], [ 7476590.740008482709527, 352165.597300833207555 ], [ 7476602.892894804477692, 352166.986408833879977 ], [ 7476614.698340268805623, 352163.513968571147416 ], [ 7476624.073339989408851, 352157.958523061708547 ], [ 7476631.017893794924021, 352149.625190510065295 ], [ 7476639.351227002218366, 352136.778078748728149 ], [ 7476644.906673304736614, 352123.930638798919972 ], [ 7476649.073340458795428, 352108.653080805088393 ], [ 7476648.726228076033294, 352096.500194373133127 ], [ 7476650.809561865404248, 352079.833528782532085 ], [ 7476656.712449045851827, 352070.458529605530202 ], [ 7476671.642894670367241, 352059.347310387878679 ], [ 7476686.226227981038392, 352043.722311896504834 ], [ 7476692.823340767994523, 352034.000199863919988 ], [ 7476696.642894741147757, 352021.847313616832253 ], [ 7476698.379115577787161, 352008.305647826578934 ], [ 7476700.462449339218438, 351992.33353600994451 ], [ 7476701.156675750389695, 351975.666870387096424 ], [ 7476704.629117077216506, 351962.819758425815962 ], [ 7476713.656676048412919, 351946.500205956457648 ], [ 7476734.490009526722133, 351915.944762403727509 ], [ 7476741.43456322979182, 351903.791876260831486 ], [ 7476745.254117360338569, 351893.722323197638616 ], [ 7476746.642897144891322, 351883.653098128095735 ], [ 7476746.642897503450513, 351871.153098901093472 ], [ 7476743.517898005433381, 351862.819765950203873 ], [ 7476739.351232153363526, 351853.097325418668333 ], [ 7476733.448345655575395, 351840.25021310482407 ], [ 7476729.281679657287896, 351833.305659563979134 ], [ 7476720.254121419973671, 351823.930659791105427 ], [ 7476708.448348249308765, 351815.250213654362597 ], [ 7476695.60123635828495, 351807.958546926092822 ], [ 7476651.50412695016712, 351787.732824661943596 ], [ 7476631.972632448188961, 351779.13899238652084 ], [ 7476617.1291298950091, 351768.722325752140023 ], [ 7476606.191466792486608, 351758.305659305828158 ], [ 7476598.639302190393209, 351749.972326195624191 ], [ 7476594.212465671822429, 351741.118323909118772 ], [ 7476594.237399945035577, 351740.040896181482822 ] ] ] } },
{ "type": "Feature", "properties": { "OBJECTID": 215, "X_COORD": 7483906.1217141701, "Y_COORD": 345898.77004958998 }, "geometry": { "type": "LineString", "coordinates": [ [ 7482946.179923246614635, 343510.292623388464563 ], [ 7483010.66121562756598, 343583.943540047563147 ], [ 7483074.174004283733666, 343658.312960605253465 ], [ 7483136.719273122027516, 343733.400556965381838 ], [ 7483198.296038249507546, 343809.206329005945008 ], [ 7483258.904955442994833, 343885.729948832828086 ], [ 7483318.546024929732084, 343962.972072446893435 ], [ 7483377.218918628059328, 344040.932371875853278 ], [ 7483434.923964628018439, 344119.610847026866395 ], [ 7483449.550275531597435, 344134.342802103492431 ], [ 7483463.45283317565918, 344149.603956569451839 ], [ 7483476.631965462118387, 344165.393982390582096 ], [ 7483489.087672932073474, 344181.7132076023845 ], [ 7483498.206438186578453, 344194.871671732456889 ], [ 7483507.600465820170939, 344209.740109541860875 ], [ 7483527.858665311709046, 344245.30802154209232 ], [ 7483544.127318201586604, 344276.811309839598835 ], [ 7483559.387744790874422, 344308.696317958179861 ], [ 7483573.639945180155337, 344340.963045924669132 ], [ 7483586.883919306099415, 344373.611493798380252 ], [ 7483606.323707790113986, 344425.719833836716134 ], [ 7483620.530295298434794, 344468.918351000349503 ], [ 7483631.184573180042207, 344508.333952263696119 ], [ 7483635.237720634788275, 344526.889029837679118 ], [ 7483638.473476520739496, 344544.815225595841184 ], [ 7483641.229667663574219, 344568.059437782503664 ], [ 7483642.209467298351228, 344592.450975713436492 ], [ 7483641.424905674532056, 344618.236375782056712 ], [ 7483638.862477007322013, 344645.893640242982656 ], [ 7483635.321799081750214, 344670.903366395330522 ], [ 7483630.35041135456413, 344698.779274795437232 ], [ 7483609.413368606008589, 344797.112467010330874 ], [ 7483602.021756234578788, 344836.25013143644901 ], [ 7483596.532773568294942, 344876.278180952533148 ], [ 7483595.000730221159756, 344894.638959674921352 ], [ 7483594.248399135656655, 344912.199388060078491 ], [ 7483593.429562575183809, 344973.505608198523987 ], [ 7483594.064851337112486, 345022.098580531193875 ], [ 7483596.260165326297283, 345065.809965934662614 ], [ 7483600.111252238042653, 345105.674442232353613 ], [ 7483605.714979300275445, 345142.902543314325158 ], [ 7483613.533751933835447, 345181.39703992055729 ], [ 7483623.619347524829209, 345221.41910773969721 ], [ 7483636.088057469576597, 345263.432967451575678 ], [ 7483650.519952022470534, 345306.365106067736633 ], [ 7483667.771982045844197, 345353.038327852613293 ], [ 7483688.034726910293102, 345404.165927062625997 ], [ 7483717.368776898831129, 345475.035644946969114 ], [ 7483736.275902336463332, 345517.645020388648845 ], [ 7483757.898430678062141, 345561.313753254245967 ], [ 7483782.461643872782588, 345606.502518787106965 ], [ 7483810.449743401259184, 345654.104623294319026 ], [ 7483835.962708131410182, 345695.030053761322051 ], [ 7483865.324054905213416, 345740.192116767750122 ], [ 7483964.68434124905616, 345887.328930139890872 ], [ 7484000.490707545541227, 345941.470469649066217 ], [ 7484034.232547704130411, 345994.824153011897579 ], [ 7484063.278510679490864, 346043.734442957502324 ], [ 7484136.041293889284134, 346172.105006565747317 ], [ 7484203.454864365048707, 346293.627325923647732 ], [ 7484266.539435287006199, 346410.14184060349362 ], [ 7484325.832818487659097, 346522.644563787209336 ], [ 7484381.926110981963575, 346632.272343025018927 ], [ 7484434.90090933535248, 346739.201259337191004 ], [ 7484484.977795707061887, 346843.876915593398735 ], [ 7484532.308631108142436, 346946.617280653270427 ], [ 7484572.746990017592907, 347037.781589199206792 ], [ 7484614.663394174538553, 347135.481605750566814 ], [ 7484658.919855052605271, 347241.707196008181199 ], [ 7484708.194759367033839, 347362.881698032666463 ], [ 7484817.91294903960079, 347628.446456304227468 ], [ 7484843.80110882781446, 347693.229828398441896 ], [ 7484866.150412115268409, 347751.55014982301509 ], [ 7484889.385179962962866, 347815.771148709929548 ], [ 7484909.672408815473318, 347876.294389360700734 ], [ 7484927.388611544854939, 347934.246232646750286 ], [ 7484942.709812736138701, 347990.209425153618213 ], [ 7484950.938316728919744, 348017.708775345294271 ], [ 7484965.464666632004082, 348060.52109984512208 ], [ 7485044.496234335005283, 348278.782170386984944 ], [ 7485057.909879269078374, 348317.224657435552217 ], [ 7485065.830198613926768, 348341.981718391936738 ] ] } },
{ "type": "Feature", "properties": { "OBJECTID": 217, "X_COORD": 7490345.0920901, "Y_COORD": 352929.37628008 }, "geometry": { "type": "MultiLineString", "coordinates": [ [ [ 7489351.40398030821234, 351104.732045763172209 ], [ 7489314.511593696661294, 351114.497791771078482 ], [ 7489253.747817916795611, 351117.753366651013494 ], [ 7489080.136277941986918, 351160.071598802693188 ], [ 7489051.924665814265609, 351156.816676668764558 ], [ 7489036.733394037932158, 351148.136230414325837 ], [ 7489015.031951876357198, 351144.880980403220747 ], [ 7488995.500785009935498, 351144.880979674286209 ], [ 7488960.778673303313553, 351170.922971511841752 ], [ 7488942.332479788921773, 351182.858665595354978 ], [ 7488915.205840304493904, 351195.879661137238145 ], [ 7488904.355118863284588, 351207.815683626336977 ], [ 7488904.355118147097528, 351221.921325800183695 ], [ 7488907.610694690607488, 351244.708069963089656 ], [ 7488917.376113664358854, 351251.218240545073058 ], [ 7489024.798678847029805, 351267.493834274006076 ], [ 7489183.220577398315072, 351469.316334777744487 ], [ 7489747.46362682711333, 352165.929503501858562 ] ], [ [ 7489791.95181090850383, 352223.438031931116711 ], [ 7489816.908829220570624, 352252.734947158256546 ], [ 7489831.015125977806747, 352290.712307611596771 ], [ 7489868.992812964133918, 352315.668672403204255 ], [ 7490306.280823587439954, 352857.117147409357131 ], [ 7490864.013046619482338, 353545.049542121239938 ], [ 7490937.798799915239215, 353636.195208756020293 ] ] ] } },
{ "type": "Feature", "properties": { "OBJECTID": 230, "X_COORD": null, "Y_COORD": null }, "geometry": { "type": "MultiLineString", "coordinates": [ [ [ 7475074.105841010808945, 337152.168356670998037 ], [ 7475072.369924930855632, 337763.279540251882281 ], [ 7475084.522482346743345, 337784.112872789090034 ], [ 7475086.258697966113687, 337905.64075268158922 ] ], [ [ 7475127.92532504349947, 338857.029476462921593 ], [ 7475100.147469081915915, 338096.612854585284367 ], [ 7475089.730808065272868, 337971.612861698144116 ] ] ] } },
{ "type": "Feature", "properties": { "OBJECTID": 231, "X_COORD": null, "Y_COORD": null }, "geometry": { "type": "LineString", "coordinates": [ [ 7468489.183304044418037, 337971.28255184344016 ], [ 7468484.322088037617505, 337862.254671088885516 ], [ 7468482.238758024759591, 337784.47711661219364 ], [ 7468483.627866158261895, 337763.643784623243846 ], [ 7468492.655425546690822, 337746.282565533707384 ], [ 7468507.238758564926684, 337728.227120988478418 ], [ 7468527.377865539863706, 337715.032568762137089 ], [ 7468554.461197609081864, 337707.393790761008859 ], [ 7468585.016641833819449, 337708.088017641333863 ], [ 7468628.072085713967681, 337705.310460425331257 ], [ 7468650.294525281526148, 337701.838020542927552 ], [ 7468673.90541663300246, 337692.810462971741799 ], [ 7468701.683302884921432, 337673.365911412460264 ], [ 7468728.072082380764186, 337635.865914707246702 ], [ 7468734.32208283059299, 337615.032582870102488 ], [ 7468737.794524599798024, 337584.477138642105274 ], [ 7468736.40541934967041, 337530.310475170728751 ], [ 7468735.016641992144287, 337477.532591178896837 ], [ 7468730.155425521545112, 337377.532596990698949 ], [ 7468725.988763563334942, 337267.810490565607324 ], [ 7468723.211206780746579, 337215.032606517837849 ], [ 7468721.822101212106645, 337163.643830034183338 ], [ 7468720.433322780765593, 337134.477165030664764 ] ] } },
{ "type": "Feature", "properties": { "OBJECTID": 631, "X_COORD": 7485810.9522722103, "Y_COORD": 331319.16534404998 }, "geometry": { "type": "LineString", "coordinates": [ [ 7484112.787770438939333, 327248.275278613436967 ], [ 7484215.294648925773799, 327377.540366689150687 ], [ 7484219.819582872092724, 327385.430786328681279 ], [ 7484228.461314398795366, 327393.293975182983559 ], [ 7484239.426864468492568, 327399.939644500205759 ], [ 7484250.724435843527317, 327405.256245672760997 ], [ 7484264.348450375720859, 327412.566285126144066 ], [ 7484276.310719990171492, 327418.547584441956133 ], [ 7484282.919643240049481, 327423.919631609984208 ], [ 7484294.734274610877037, 327433.371075066097546 ], [ 7484307.336635618470609, 327445.973437001404818 ], [ 7484318.363865165039897, 327465.664381121576298 ], [ 7484326.24017633870244, 327478.266742899490055 ], [ 7484334.116815850138664, 327494.019694987160619 ], [ 7484343.568586066365242, 327513.710639057389926 ], [ 7484365.021339135244489, 327556.088918157620355 ], [ 7484372.840235522016883, 327574.384849125170149 ], [ 7484381.844499345868826, 327592.405189588200301 ], [ 7484391.189970563165843, 327607.645346527395304 ], [ 7484408.463262495584786, 327631.991474349866621 ], [ 7484424.16076734662056, 327652.200135143881198 ], [ 7484441.583665853366256, 327671.990488935494795 ], [ 7484461.042325369082391, 327691.344819263962563 ], [ 7484482.650919088162482, 327710.377299249288626 ], [ 7484506.622373705729842, 327729.276577285781968 ], [ 7484532.520993454381824, 327747.779529938707128 ], [ 7484561.597434466704726, 327766.850724160962272 ], [ 7484594.479649534448981, 327786.94324388919631 ], [ 7484637.1328612761572, 327811.705383181397337 ], [ 7484652.317571223713458, 327819.041013228066731 ], [ 7484687.155495156534016, 327832.175200159195811 ], [ 7484701.449457257986069, 327838.55676200974267 ], [ 7484708.63154346588999, 327842.621394594258163 ] ] } },
{ "type": "Feature", "properties": { "OBJECTID": 637, "X_COORD": 7469372.3379659103, "Y_COORD": 350434.60439822997 }, "geometry": { "type": "LineString", "coordinates": [ [ 7468426.002340318635106, 351364.896900995983742 ], [ 7468420.955096544697881, 351365.65608712635003 ], [ 7468411.870451392605901, 351364.607530407025479 ], [ 7468406.6601498182863, 351363.59670351567911 ], [ 7468401.039743456058204, 351361.682005220733117 ], [ 7468381.80155601259321, 351352.293225521745626 ], [ 7468373.968879276886582, 351349.286991820088588 ], [ 7468362.275638821534812, 351346.456610953609925 ], [ 7468348.939353446476161, 351344.413959619647358 ], [ 7468303.203463918529451, 351340.961530257889535 ], [ 7468260.15195766184479, 351337.713497281307355 ], [ 7468217.044676644727588, 351335.83127786044497 ], [ 7468173.881293465383351, 351335.315200113283936 ], [ 7468130.662463922053576, 351336.165263992093969 ], [ 7468087.387532280758023, 351338.381469520623796 ], [ 7468044.057154154404998, 351341.963816701434553 ], [ 7468000.670673637650907, 351346.912305513687897 ], [ 7467957.228418549522758, 351353.226936042774469 ] ] } },
{ "type": "Feature", "properties": { "OBJECTID": 1430, "X_COORD": 7473116.5019464698, "Y_COORD": 344322.47579067998 }, "geometry": { "type": "MultiLineString", "coordinates": [ [ [ 7472304.218326208181679, 342637.611815861426294 ], [ 7472232.026729681529105, 342635.427101877168752 ], [ 7472064.926018121652305, 342630.001570781052578 ], [ 7471848.780361981131136, 342624.359174272161908 ], [ 7471826.210809211246669, 342635.860813091334421 ], [ 7471661.714100085198879, 342631.520583848643582 ], [ 7471654.986738248728216, 342630.001554810325615 ], [ 7471649.561541957780719, 342625.227276671328582 ], [ 7471646.523156558163464, 342620.887053718382958 ], [ 7471646.306293370202184, 342612.857526630919892 ] ], [ [ 7472304.218326208181679, 342637.611815861426294 ], [ 7472305.102512093260884, 342653.743048509350047 ], [ 7472305.970621475018561, 342668.499937435495667 ], [ 7472307.706840752623975, 342697.145605052006431 ], [ 7472311.352507585659623, 342756.868042551737744 ], [ 7472312.567729437723756, 342784.47204356524162 ], [ 7472312.915169310756028, 342811.728931696270593 ], [ 7472312.670089540071785, 342837.55537372577237 ], [ 7472318.219300624914467, 342871.791264257044531 ], [ 7472325.416149213910103, 342907.520593078632373 ], [ 7472334.095609243027866, 342943.326365543645807 ], [ 7472344.859386304393411, 342988.81225561175961 ], [ 7472358.574606732465327, 343037.770586511469446 ], [ 7472378.366269970312715, 343094.541581267549191 ], [ 7472398.505374327301979, 343149.055358279205393 ], [ 7472415.519151129759848, 343189.680356487806421 ], [ 7472434.616261367686093, 343231.173464976483956 ], [ 7472464.824590465985239, 343292.11079843272455 ], [ 7472499.373470558784902, 343351.65968071622774 ], [ 7472514.651027801446617, 343376.138682453427464 ], [ 7472550.588687477633357, 343430.99990100931609 ], [ 7472582.880350067280233, 343482.215122281981166 ], [ 7472616.406592780724168, 343538.660658248758409 ], [ 7472650.759279011748731, 343588.022205165587366 ], [ 7472689.715639390982687, 343641.975615509960335 ], [ 7472953.597826630808413, 344018.239382647094317 ], [ 7473006.549267718568444, 344005.218716190720443 ], [ 7473009.631288512609899, 344004.473637622781098 ] ], [ [ 7472835.542441122233868, 342644.107571036671288 ], [ 7472425.820024486631155, 342650.183998323744163 ], [ 7472404.118582545779645, 342640.63544160220772 ], [ 7472304.218326208181679, 342637.611815861426294 ] ] ] } },
{ "type": "Feature", "properties": { "OBJECTID": 1437, "X_COORD": null, "Y_COORD": null }, "geometry": { "type": "LineString", "coordinates": [ [ 7481619.389604687690735, 336216.213287725637201 ], [ 7481622.665851272642612, 336212.35502036701655 ], [ 7481625.450628188438714, 336208.948852718400303 ], [ 7481628.703580930829048, 336205.986254570947494 ], [ 7481632.354827346280217, 336203.531530478212517 ], [ 7481636.325627679936588, 336201.637501879653428 ], [ 7481640.531008231453598, 336200.344195012643468 ], [ 7481644.880417287349701, 336199.680153272871394 ], [ 7481684.392226103693247, 336196.586651046818588 ], [ 7481787.79904427845031, 336188.490526945679449 ], [ 7481795.185526804067194, 336187.541052212007344 ], [ 7481802.441431995481253, 336185.864215349080041 ], [ 7481809.494909407570958, 336183.475764303060714 ], [ 7481816.277061302214861, 336180.399649272090755 ], [ 7481822.720630642957985, 336176.666382020863239 ], [ 7481828.762297242879868, 336172.312051824410446 ], [ 7481834.342349477112293, 336167.380293791648 ], [ 7481839.405669515021145, 336161.919336326769553 ], [ 7481843.902388806454837, 336155.983313250297215 ], [ 7481847.788543710485101, 336149.630623477627523 ], [ 7481851.025420310907066, 336142.923603044589981 ], [ 7481853.581194748170674, 336135.928852875367738 ], [ 7481855.430604264140129, 336128.714942652790342 ], [ 7481856.555276387371123, 336121.353394577803556 ], [ 7481856.944712448865175, 336113.916387145698536 ], [ 7481856.594647135585546, 336106.477739300578833 ], [ 7481846.802984899841249, 336005.541721390618477 ], [ 7481845.996226554736495, 336000.96101298078429 ], [ 7481844.491305544041097, 335996.560422634065617 ], [ 7481842.324311185628176, 335992.444937223801389 ], [ 7481836.769850037992001, 335983.629976919211913 ], [ 7481835.785270032472908, 335981.770725006994326 ], [ 7481835.090060100890696, 335979.784832712437492 ], [ 7481834.700624488294125, 335977.717247524589766 ], [ 7481791.051692262291908, 335586.060773410252295 ], [ 7481790.268228068016469, 335581.650668698479421 ], [ 7481788.836469620466232, 335577.406246279191691 ], [ 7481786.788897917605937, 335573.422650676628109 ], [ 7481764.635685242712498, 335537.249095548584592 ], [ 7481762.75117114931345, 335533.643780729325954 ], [ 7481761.371906368993223, 335529.816681164316833 ], [ 7481760.52282499987632, 335525.838334909814876 ], [ 7481760.220003879629076, 335521.781248551327735 ], [ 7481760.469019629992545, 335517.720881338696927 ], [ 7481768.975583293475211, 335455.774035044829361 ], [ 7481769.618299840018153, 335452.71301160909934 ], [ 7481770.730504715815187, 335449.789783480693586 ], [ 7481772.284966553561389, 335447.075872924993746 ], [ 7481774.243299912661314, 335444.637224878766574 ], [ 7481776.557932452298701, 335442.533550543652382 ], [ 7481779.172433492727578, 335440.817015346779954 ], [ 7481782.022499051876366, 335439.528629675216507 ], [ 7481785.038575050421059, 335438.700545871572103 ], [ 7481788.146842647343874, 335438.35244890692411 ], [ 7481897.173083014786243, 335434.734999283857178 ], [ 7482008.225241708569229, 335431.049964481266215 ], [ 7482034.734754510223866, 335430.477130906248931 ], [ 7482061.250829135999084, 335430.517814349499531 ], [ 7482087.758373356424272, 335431.171686716843396 ], [ 7482114.2442642217502, 335432.438419959973544 ], [ 7482129.832189839333296, 335433.341963848331943 ], [ 7482134.722609310410917, 335433.233368242683355 ], [ 7482139.530023933388293, 335432.331137488712557 ], [ 7482144.127136408351362, 335430.659877943340689 ], [ 7482148.391572096385062, 335428.2635527717066 ], [ 7482152.209813266061246, 335425.20646649756236 ], [ 7482155.480482564307749, 335421.569327754259575 ], [ 7482158.116637448780239, 335417.448921264673118 ], [ 7482160.048068043775856, 335412.954827133740764 ], [ 7482161.223592909052968, 335408.206795965204947 ], [ 7482161.61204466316849, 335403.330812005442567 ], [ 7482161.427333355881274, 335400.660536580660846 ], [ 7482160.887307299301028, 335398.038817547727376 ], [ 7482150.312178196385503, 335359.828845715557691 ], [ 7482135.352863543666899, 335305.777339207415935 ], [ 7482134.083835192024708, 335299.784885444852989 ], [ 7482133.556932434439659, 335293.682195522531401 ], [ 7482133.780029905028641, 335287.560476729238871 ], [ 7482134.750174453482032, 335281.512576856825035 ], [ 7482136.452602217905223, 335275.628390916390345 ], [ 7482138.862051126547158, 335269.996501604735386 ], [ 7482141.941775606013834, 335264.701554522442166 ], [ 7482145.645843932405114, 335259.822617979662027 ], [ 7482149.918809569440782, 335255.433510777773336 ], [ 7482227.080225081183016, 335185.328859236498829 ] ] } },
{ "type": "Feature", "properties": { "OBJECTID": 1439, "X_COORD": 7470155.2156636203, "Y_COORD": 333252.07020711998 }, "geometry": { "type": "MultiLineString", "coordinates": [ [ [ 7470532.392027527093887, 333238.977470402081963 ], [ 7470994.745347047224641, 333223.234051084553357 ], [ 7471032.059977928176522, 333206.908594194974285 ], [ 7471143.200063394382596, 333198.537207967718132 ], [ 7471290.931025856174529, 333193.497843984689098 ], [ 7471343.988109131343663, 333196.995877341250889 ], [ 7471383.051754825748503, 333204.575274709553923 ], [ 7471408.280755263753235, 333218.835117370879743 ], [ 7471450.102274275384843, 333242.473240917781368 ] ], [ [ 7469856.645348144695163, 333259.385907326766755 ], [ 7470490.996032719500363, 333241.89282292482676 ] ], [ [ 7469630.42456091940403, 333266.38294531631982 ], [ 7469817.581374233588576, 333261.717926673300099 ] ], [ [ 7469183.230688580311835, 333309.529578813933767 ], [ 7469244.024649155326188, 333284.892771611106582 ], [ 7469282.930815003812313, 333278.044676443969365 ], [ 7469591.943592133931816, 333269.88130319560878 ] ] ] } },
{ "type": "Feature", "properties": { "OBJECTID": 1440, "X_COORD": 7470155.2156636203, "Y_COORD": 333252.07020711998 }, "geometry": { "type": "LineString", "coordinates": [ [ 7471450.102274275384843, 333242.473240917781368 ], [ 7471497.319789944216609, 333272.594303981284611 ], [ 7471551.552068767137825, 333307.19076070736628 ], [ 7471729.964455082081258, 333424.965366874937899 ], [ 7471834.912608846090734, 333493.181246103602462 ], [ 7471893.217393492348492, 333542.156967206217814 ], [ 7471937.529068402945995, 333595.797057580202818 ], [ 7471959.393566373735666, 333646.139246996783186 ], [ 7471975.464101952500641, 333684.5109644792974 ], [ 7471980.38339289650321, 333690.742263528460171 ], [ 7471989.055308273993433, 333694.716344976448454 ] ] } },
{ "type": "Feature", "properties": { "OBJECTID": 1446, "X_COORD": null, "Y_COORD": null }, "geometry": { "type": "LineString", "coordinates": [ [ 7488904.355118863284588, 351207.815683626336977 ], [ 7488883.775722417980433, 351239.396717652620282 ], [ 7488867.716667737811804, 351257.625718539464287 ], [ 7488858.602166560478508, 351264.136216492333915 ], [ 7488838.636944617144763, 351268.042383462947328 ], [ 7488793.064112732186913, 351264.570269039133564 ] ] } },
{ "type": "Feature", "properties": { "OBJECTID": 1447, "X_COORD": null, "Y_COORD": null }, "geometry": { "type": "LineString", "coordinates": [ [ 7488793.064112732186913, 351264.570269039133564 ], [ 7488790.459783315658569, 351239.396714024245739 ], [ 7488757.907950807362795, 351166.480050497862976 ] ] } },
{ "type": "Feature", "properties": { "OBJECTID": 1448, "X_COORD": null, "Y_COORD": null }, "geometry": { "type": "LineString", "coordinates": [ [ 7488793.064112732186913, 351264.570269039133564 ], [ 7488782.213390674442053, 351287.139821089222096 ], [ 7488750.095280360430479, 351340.091260200017132 ], [ 7488738.810503157787025, 351367.00070695579052 ], [ 7488738.810502680018544, 351378.285483167564962 ] ] } },
{ "type": "Feature", "properties": { "OBJECTID": 1449, "X_COORD": null, "Y_COORD": null }, "geometry": { "type": "LineString", "coordinates": [ [ 7488738.810502680018544, 351378.285483167564962 ], [ 7488703.220281646586955, 351383.493814807618037 ], [ 7488667.630060402676463, 351386.966254187223967 ], [ 7488634.643841743469238, 351393.042368019116111 ], [ 7488596.015562705695629, 351409.535475772747304 ], [ 7488570.841678668744862, 351435.577139870089013 ], [ 7488518.324617662467062, 351534.535465204739012 ] ] } },
{ "type": "Feature", "properties": { "OBJECTID": 1450, "X_COORD": null, "Y_COORD": null }, "geometry": { "type": "LineString", "coordinates": [ [ 7488738.810502680018544, 351378.285483167564962 ], [ 7488746.189109309576452, 351426.028590783651453 ], [ 7488757.473884027451277, 351464.6571978526772 ], [ 7488777.005048715509474, 351518.476421080878936 ], [ 7488780.477160446345806, 351541.914083809475414 ], [ 7488777.005045711994171, 351597.469526532164309 ], [ 7488773.098877172917128, 351620.473133922030684 ], [ 7488760.511934399604797, 351651.72313154861331 ], [ 7488745.755044299177825, 351681.670963823446073 ], [ 7488736.640542539767921, 351709.448848926695064 ], [ 7488733.602155780419707, 351735.056458797480445 ], [ 7488733.602154976688325, 351758.927848418592475 ], [ 7488727.091655117459595, 351800.59451230999548 ], [ 7488714.070984976366162, 351840.091228584991768 ], [ 7488706.258320697583258, 351856.149954359454568 ], [ 7488657.647429581731558, 351900.855002254073042 ], [ 7488634.209766244515777, 351919.952113047300372 ], [ 7488627.265540503896773, 351928.632886540028267 ], [ 7488622.924989268183708, 351938.615497328108177 ], [ 7488617.716655429452658, 351957.712608852074482 ], [ 7488605.130038854666054, 352044.518049294420052 ], [ 7488588.63692654389888, 352120.473096568370238 ], [ 7488573.445980209857225, 352182.104982008750085 ], [ 7488570.841648502275348, 352211.618759659933858 ], [ 7488565.199587563984096, 352238.96258978190599 ], [ 7488564.765531985089183, 352247.643035470857285 ], [ 7488577.352144315838814, 352275.420921409793664 ], [ 7488580.824584278278053, 352296.688308726414107 ] ] } },
{ "type": "Feature", "properties": { "OBJECTID": 1456, "X_COORD": null, "Y_COORD": null }, "geometry": { "type": "LineString", "coordinates": [ [ 7476026.617995415814221, 352153.954563140112441 ], [ 7475524.522223609499633, 352193.349554395012092 ], [ 7475341.026172640733421, 352166.607751003699377 ], [ 7475111.037672784179449, 352075.310503502609208 ], [ 7474992.327709012664855, 352002.222576767322607 ], [ 7474912.298845388926566, 351927.797381318698172 ], [ 7474851.132510768249631, 351918.884977877722122 ], [ 7474756.619721789844334, 351905.61233723605983 ], [ 7474664.773596156388521, 351969.439757624058984 ], [ 7474531.960284004919231, 351968.520461209351197 ], [ 7474348.079390965402126, 351930.772424872498959 ], [ 7474081.117794243618846, 351890.388230579730589 ], [ 7473891.709342644549906, 351852.835732080915477 ] ] } },
{ "type": "Feature", "properties": { "OBJECTID": 1852, "X_COORD": null, "Y_COORD": null }, "geometry": { "type": "LineString", "coordinates": [ [ 7483528.833433382213116, 326630.945240632398054 ], [ 7483695.043075277470052, 326474.837316940014716 ], [ 7483354.185497530736029, 326137.725775422528386 ] ] } },
{ "type": "Feature", "properties": { "OBJECTID": 1853, "X_COORD": null, "Y_COORD": null }, "geometry": { "type": "LineString", "coordinates": [ [ 7484988.83021186850965, 339679.47961394599406 ], [ 7484411.420465279370546, 339793.571448134200182 ], [ 7484210.593703924678266, 339839.042894239129964 ], [ 7484010.352899889461696, 339901.660992931632791 ], [ 7483781.177712836302817, 339999.597985948959831 ], [ 7483645.305999787524343, 340055.730851284170058 ] ] } },
{ "type": "Feature", "properties": { "OBJECTID": 1855, "X_COORD": null, "Y_COORD": null }, "geometry": { "type": "LineString", "coordinates": [ [ 7487868.201699713245034, 349614.627091441652738 ], [ 7487617.175148579291999, 349391.559509885206353 ] ] } }
]
}
