{
"type": "FeatureCollection",
"name": "streets",
"crs": { "type": "name", "properties": { "name": "urn:ogc:def:crs:EPSG::2913" } },
"features": [
{ "type": "Feature", "properties": { "FULLNAME": null, "BIKE_FAC": "Bike Lane" }, "geometry": { "type": "MultiLineString", "coordinates": [ [ [ 7484788.817913383245468, 339678.869422569870949 ], [ 7484726.512467190623283, 339701.641732290387154 ], [ 7484676.859908133745193, 339720.999343827366829 ], [ 7484644.090879261493683, 339733.846784770488739 ], [ 7484611.234908133745193, 339747.996062994003296 ], [ 7484580.332020998001099, 339761.016732290387154 ], [ 7484553.595800518989563, 339772.648622050881386 ], [ 7484528.943241477012634, 339784.211286082863808 ], [ 7484500.948162734508514, 339797.527230978012085 ], [ 7484469.14271654188633, 339813.291010499000549 ], [ 7484424.906496062874794, 339837.006561681628227 ], [ 7484380.462270334362984, 339862.65748031437397 ], [ 7484326.078412070870399, 339895.903871387243271 ], [ 7483919.140748038887978, 340187.909120738506317 ] ] ] } },
{ "type": "Feature", "properties": { "FULLNAME": "NW OAK CREEK DR", "BIKE_FAC": "Bike Lane" }, "geometry": { "type": "MultiLineString", "coordinates": [ [ [ 7464769.455708667635918, 345293.616469815373421 ], [ 7464706.374343827366829, 345322.730971127748489 ], [ 7464658.631233602762222, 345343.564632549881935 ], [ 7464594.395341202616692, 345381.758858263492584 ], [ 7464539.70767717063427, 345419.085301831364632 ], [ 7464513.666338577866554, 345440.78674541413784 ], [ 7464482.416338577866554, 345471.168307080864906 ], [ 7464445.95767717063427, 345511.967191606760025 ], [ 7464404.291338577866554, 345570.126640424132347 ], [ 7464381.070538058876991, 345609.623359575867653 ], [ 7464342.007874011993408, 345684.710301831364632 ], [ 7464276.753937005996704, 345811.473753273487091 ] ] ] } },
{ "type": "Feature", "properties": { "FULLNAME": "NW HARRISON BLVD", "BIKE_FAC": "Bike Lane" }, "geometry": { "type": "MultiLineString", "coordinates": [ [ [ 7472869.127624675631523, 342598.433398947119713 ], [ 7472744.235564306378365, 342601.326115489006042 ], [ 7472569.86023622751236, 342606.070866137742996 ], [ 7472498.200787395238876, 342606.51837269961834 ], [ 7472423.116797894239426, 342606.489501312375069 ], [ 7472321.827099740505219, 342604.272965878248215 ], [ 7472265.739173233509064, 342602.751312330365181 ], [ 7472162.0, 342599.937335953116417 ], [ 7472004.651246726512909, 342595.318241477012634 ], [ 7471620.970800518989563, 342584.901574805378914 ] ] ] } },
{ "type": "Feature", "properties": { "FULLNAME": "NW ELKS DR", "BIKE_FAC": "Bike Lane" }, "geometry": { "type": "MultiLineString", "coordinates": [ [ [ 7484509.227690294384956, 353011.624343827366829 ], [ 7484497.349081367254257, 353015.433727040886879 ], [ 7484482.599409446120262, 353021.058398947119713 ], [ 7484468.099081367254257, 353027.433398947119713 ], [ 7484453.849081367254257, 353034.52755905687809 ], [ 7484440.099409446120262, 353042.308398947119713 ], [ 7484426.724409446120262, 353050.77755905687809 ], [ 7484413.849737539887428, 353059.902230978012085 ], [ 7484378.600065618753433, 353086.996391072869301 ], [ 7484348.225065618753433, 353110.684055119752884 ], [ 7484334.600393697619438, 353121.027887135744095 ], [ 7484320.600721791386604, 353130.746719166636467 ], [ 7484305.975393697619438, 353139.777887135744095 ], [ 7484291.100721791386604, 353148.15255905687809 ], [ 7484275.850721791386604, 353155.840223103761673 ], [ 7484260.100721791386604, 353162.777887135744095 ], [ 7484247.600721791386604, 353167.747047245502472 ], [ 7484226.476049870252609, 353174.840551182627678 ], [ 7484205.101049870252609, 353181.153215229511261 ], [ 7484183.476377949118614, 353186.715551182627678 ], [ 7484161.726049870252609, 353191.528215229511261 ], [ 7484102.976377949118614, 353204.559711292386055 ], [ 7484079.002952754497528, 353209.513123363256454 ] ] ] } },
{ "type": "Feature", "properties": { "FULLNAME": "NW 9TH ST", "BIKE_FAC": "Bike Lane" }, "geometry": { "type": "MultiLineString", "coordinates": [ [ [ 7482859.820866137742996, 344531.954068243503571 ], [ 7482901.035761147737503, 344627.523950129747391 ] ] ] } },
{ "type": "Feature", "properties": { "FULLNAME": "NE CIRCLE BLVD", "BIKE_FAC": "Buffered Bike Lane" }, "geometry": { "type": "MultiLineString", "coordinates": [ [ [ 7485692.784120738506317, 348407.951443567872047 ], [ 7485692.787729665637016, 348407.951443567872047 ], [ 7485799.312664046883583, 348407.362532809376717 ], [ 7485878.562664046883583, 348406.26837269961834 ], [ 7485899.937335953116417, 348405.89337269961834 ], [ 7485951.812664046883583, 348404.986548557877541 ], [ 7486003.812992125749588, 348404.799540683627129 ], [ 7486060.437992125749588, 348403.986220479011536 ], [ 7486114.938648298382759, 348403.549212604761124 ], [ 7486131.562992125749588, 348403.111220479011536 ] ] ] } },
{ "type": "Feature", "properties": { "FULLNAME": "SW JEFFERSON WAY", "BIKE_FAC": "Bike Lane" }, "geometry": { "type": "MultiLineString", "coordinates": [ [ [ 7478353.486876636743546, 339791.328412070870399 ], [ 7478334.681758522987366, 339792.152887135744095 ], [ 7478283.282152235507965, 339793.843175858259201 ], [ 7478225.282152235507965, 339795.842847764492035 ], [ 7478178.882217854261398, 339797.473097115755081 ], [ 7478134.682414695620537, 339798.973425194621086 ], [ 7478104.282152235507965, 339800.153543308377266 ], [ 7478062.682086616754532, 339801.903543308377266 ], [ 7478014.98228345811367, 339803.873687669634819 ], [ 7477978.882545933127403, 339805.003608927130699 ], [ 7477927.982611551880836, 339806.653871387243271 ], [ 7477889.882874011993408, 339808.193897634744644 ], [ 7477845.282808393239975, 339810.254265084862709 ], [ 7477812.782808393239975, 339811.474409446120262 ], [ 7477765.382545933127403, 339813.124343827366829 ], [ 7477739.382874011993408, 339813.974409446120262 ], [ 7477726.783136487007141, 339813.69422572851181 ] ] ] } },
{ "type": "Feature", "properties": { "FULLNAME": "SW 26TH ST", "BIKE_FAC": "Bike Lane" }, "geometry": { "type": "MultiLineString", "coordinates": [ [ [ 7477776.333005249500275, 339433.487204730510712 ], [ 7477785.679461941123009, 339400.343832015991211 ], [ 7477792.379593178629875, 339372.874015748500824 ], [ 7477795.379265084862709, 339352.593832015991211 ], [ 7477797.679133862257004, 339332.223753273487091 ], [ 7477799.178805768489838, 339311.783792644739151 ], [ 7477799.778871387243271, 339294.403871387243271 ], [ 7477798.678477689623833, 339244.093832015991211 ], [ 7477796.178149610757828, 339173.943569555878639 ], [ 7477793.377296581864357, 339101.943897634744644 ], [ 7477790.676509186625481, 339023.473425194621086 ], [ 7477788.375984251499176, 338965.593503937125206 ], [ 7477784.875656172633171, 338904.693569555878639 ], [ 7477784.675524935126305, 338884.473753273487091 ], [ 7477782.67585301399231, 338859.155511811375618 ], [ 7477782.675524935126305, 338859.153215229511261 ] ] ] } },
{ "type": "Feature", "properties": { "FULLNAME": "SW 30TH ST", "BIKE_FAC": "Bike Lane" }, "geometry": { "type": "MultiLineString", "coordinates": [ [ [ 7476525.778543308377266, 338923.316929131746292 ], [ 7476526.478346452116966, 338932.28674541413784 ], [ 7476528.378608927130699, 338946.257217854261398 ], [ 7476531.178805768489838, 338960.097112864255905 ], [ 7476535.378937005996704, 338986.407152235507965 ], [ 7476539.779199481010437, 339023.446850389242172 ], [ 7476542.179461941123009, 339079.347112864255905 ], [ 7476543.480314955115318, 339166.47736220061779 ], [ 7476545.780839890241623, 339250.72736220061779 ], [ 7476548.381889760494232, 339348.127296581864357 ], [ 7476553.242125988006592, 339428.093175858259201 ] ] ] } },
{ "type": "Feature", "properties": { "FULLNAME": "SW 30TH ST", "BIKE_FAC": "Bike Lane" }, "geometry": { "type": "MultiLineString", "coordinates": [ [ [ 7476553.242125988006592, 339428.093175858259201 ], [ 7476553.282808393239975, 339459.65748031437397 ], [ 7476555.883202105760574, 339514.597112864255905 ], [ 7476558.483595803380013, 339569.567585304379463 ], [ 7476561.88418635725975, 339653.697506561875343 ], [ 7476564.984251961112022, 339708.817913383245468 ], [ 7476566.88484251499176, 339758.287729665637016 ], [ 7476568.885498687624931, 339808.817585304379463 ], [ 7476569.885826766490936, 339838.007545933127403 ], [ 7476569.785433068871498, 339856.947506561875343 ] ] ] } },
{ "type": "Feature", "properties": { "FULLNAME": "SW CAMPUS WAY", "BIKE_FAC": "Bike Lane" }, "geometry": { "type": "MultiLineString", "coordinates": [ [ [ 7479710.18503937125206, 340543.81003937125206 ], [ 7479710.13484251499176, 340543.81003937125206 ], [ 7479688.88484251499176, 340543.840223103761673 ], [ 7479670.984908133745193, 340544.780183732509613 ], [ 7479637.785104990005493, 340546.340223103761673 ], [ 7479578.185367450118065, 340549.18996062874794 ], [ 7479540.415682420134544, 340550.367125988006592 ] ] ] } },
{ "type": "Feature", "properties": { "FULLNAME": "SW CAMPUS WAY", "BIKE_FAC": "Bike Lane" }, "geometry": { "type": "MultiLineString", "coordinates": [ [ [ 7479540.415682420134544, 340550.367125988006592 ], [ 7479511.485564306378365, 340552.31003937125206 ], [ 7479488.785433068871498, 340554.870734915137291 ], [ 7479466.185367450118065, 340558.250328078866005 ], [ 7479408.385826766490936, 340561.810695543885231 ], [ 7479373.785761147737503, 340563.090879261493683 ], [ 7479319.685695543885231, 340565.121062994003296 ], [ 7479263.786089241504669, 340567.441272959113121 ], [ 7479212.385826766490936, 340571.191272959113121 ], [ 7479155.786417320370674, 340574.651246726512909 ], [ 7479084.386482939124107, 340577.031496062874794 ], [ 7479057.186351701617241, 340577.901574805378914 ], [ 7479037.386482939124107, 340578.531824141740799 ], [ 7478967.486548557877541, 340581.001968502998352 ], [ 7478930.187007874250412, 340582.692257210612297 ], [ 7478871.487204730510712, 340584.402230978012085 ], [ 7478806.487204730510712, 340585.84251968562603 ], [ 7478757.187007874250412, 340587.122375324368477 ], [ 7478711.387139111757278, 340589.34251968562603 ], [ 7478661.687335953116417, 340591.312664046883583 ], [ 7478616.28740157186985, 340592.942913383245468 ], [ 7478575.387467190623283, 340594.373031497001648 ] ] ] } },
{ "type": "Feature", "properties": { "FULLNAME": "SW 15TH ST", "BIKE_FAC": "Bike Lane" }, "geometry": { "type": "MultiLineString", "coordinates": [ [ [ 7479249.629593178629875, 339766.466207355260849 ], [ 7479255.379593178629875, 339780.685367450118065 ], [ 7479260.87992125749588, 339791.685695543885231 ], [ 7479266.754593178629875, 339801.997703418135643 ], [ 7479286.62992125749588, 339832.966535434126854 ], [ 7479311.505577430129051, 339866.685367450118065 ], [ 7479337.755905508995056, 339903.341535434126854 ], [ 7479377.380905508995056, 339953.18503937125206 ], [ 7479426.506233602762222, 340015.872375324368477 ], [ 7479474.131561681628227, 340080.903543308377266 ], [ 7479506.256889760494232, 340123.747703418135643 ], [ 7479540.132217854261398, 340171.590879261493683 ], [ 7479553.132217854261398, 340189.93503937125206 ], [ 7479560.297244101762772, 340200.938320204615593 ], [ 7479565.382217854261398, 340208.747375324368477 ], [ 7479572.116469815373421, 340219.880249351263046 ] ] ] } },
{ "type": "Feature", "properties": { "FULLNAME": "SW 14TH ST", "BIKE_FAC": "Bike Lane" }, "geometry": { "type": "MultiLineString", "coordinates": [ [ [ 7479572.116469815373421, 340219.880249351263046 ], [ 7479577.007545933127403, 340227.966207355260849 ], [ 7479587.882545933127403, 340247.56003937125206 ], [ 7479598.132874011993408, 340267.559711292386055 ], [ 7479604.257874011993408, 340280.528871387243271 ], [ 7479626.633530184626579, 340331.747375324368477 ], [ 7479650.633858263492584, 340390.528215229511261 ], [ 7479684.009514436125755, 340473.684711292386055 ], [ 7479695.38484251499176, 340502.81003937125206 ], [ 7479710.13484251499176, 340543.81003937125206 ] ] ] } },
{ "type": "Feature", "properties": { "FULLNAME": "NE WALNUT BLVD", "BIKE_FAC": "Bike Lane" }, "geometry": { "type": "MultiLineString", "coordinates": [ [ [ 7487747.962926506996155, 349228.109251961112022 ], [ 7487754.921587929129601, 349213.32414698600769 ], [ 7487760.390419945120811, 349199.695866137742996 ], [ 7487765.33825458586216, 349186.761811017990112 ], [ 7487769.070866137742996, 349174.131561681628227 ], [ 7487771.501640424132347, 349164.583005249500275 ], [ 7487773.584645673632622, 349155.815616801381111 ], [ 7487775.147309705615044, 349144.964895009994507 ], [ 7487778.098753273487091, 349100.780839890241623 ], [ 7487772.542979001998901, 349058.116141736507416 ], [ 7487759.695866137742996, 349015.624671921133995 ], [ 7487751.405839890241623, 348996.744422569870949 ], [ 7487740.208005249500275, 348976.518700793385506 ], [ 7487727.013451442122459, 348957.898950129747391 ], [ 7487712.604002624750137, 348940.190616801381111 ], [ 7487696.979002624750137, 348924.348753273487091 ], [ 7487681.788057744503021, 348911.674868762493134 ], [ 7487406.18011811375618, 348698.784448817372322 ], [ 7487375.104002624750137, 348670.789698168635368 ], [ 7487353.011811017990112, 348643.663057744503021 ], [ 7487331.570866137742996, 348605.772309705615044 ], [ 7487317.898950129747391, 348568.228674545884132 ], [ 7487312.083005249500275, 348545.329396322369576 ], [ 7487309.731955379247665, 348524.071850389242172 ], [ 7487309.037729665637016, 348516.60662730038166 ], [ 7487308.603674545884132, 348509.228018373250961 ], [ 7487307.145013123750687, 348447.556430444121361 ], [ 7487307.728674545884132, 348389.769356951117516 ] ] ] } },
{ "type": "Feature", "properties": { "FULLNAME": "SW 30TH ST", "BIKE_FAC": "Bike Lane" }, "geometry": { "type": "MultiLineString", "coordinates": [ [ [ 7476459.472112864255905, 338124.812992125749588 ], [ 7476459.47244094312191, 338124.816272959113121 ], [ 7476460.27263779938221, 338157.876640424132347 ], [ 7476463.873031497001648, 338217.47670604288578 ], [ 7476466.373687669634819, 338289.536417320370674 ], [ 7476469.784120738506317, 338385.690944880247116 ] ] ] } },
{ "type": "Feature", "properties": { "FULLNAME": "NW GLENRIDGE DR", "BIKE_FAC": "Bike Lane" }, "geometry": { "type": "MultiLineString", "coordinates": [ [ [ 7472046.624343827366829, 353190.154199481010437 ], [ 7472048.999671921133995, 353202.810367450118065 ], [ 7472052.249671921133995, 353215.278871387243271 ], [ 7472053.874671921133995, 353220.653871387243271 ], [ 7472058.25, 353234.153871387243271 ], [ 7472063.499671921133995, 353247.403871387243271 ], [ 7472069.375, 353260.341535434126854 ], [ 7472076.0, 353272.935367450118065 ], [ 7472083.250328078866005, 353285.122375324368477 ], [ 7472086.25, 353289.872703418135643 ], [ 7472093.625, 353301.091207355260849 ], [ 7472101.5, 353311.841207355260849 ], [ 7472110.125, 353322.122703418135643 ], [ 7472119.250656172633171, 353331.872703418135643 ], [ 7472129.000328078866005, 353341.06003937125206 ], [ 7472139.250328078866005, 353349.68503937125206 ], [ 7472168.250328078866005, 353370.278871387243271 ], [ 7472208.000656172633171, 353394.466207355260849 ], [ 7472253.500984251499176, 353422.528543308377266 ], [ 7472292.000984251499176, 353445.872047245502472 ], [ 7472310.500984251499176, 353458.309383198618889 ], [ 7472328.375984251499176, 353471.403215229511261 ], [ 7472345.875984251499176, 353485.090551182627678 ], [ 7472362.750984251499176, 353499.403215229511261 ], [ 7472374.375984251499176, 353509.840879261493683 ], [ 7472431.251640424132347, 353564.059711292386055 ], [ 7472444.876312330365181, 353576.934383198618889 ], [ 7472505.814632549881935, 353633.965879261493683 ] ] ] } },
{ "type": "Feature", "properties": { "FULLNAME": "SW 49TH ST", "BIKE_FAC": "Bike Lane" }, "geometry": { "type": "MultiLineString", "coordinates": [ [ [ 7470509.771325454115868, 333204.744422569870949 ], [ 7470516.165026247501373, 333366.612532809376717 ] ] ] } },
{ "type": "Feature", "properties": { "FULLNAME": "SW 49TH ST", "BIKE_FAC": "Bike Lane" }, "geometry": { "type": "MultiLineString", "coordinates": [ [ [ 7470516.165026247501373, 333366.612532809376717 ], [ 7470521.487532809376717, 333586.459973752498627 ] ] ] } },
{ "type": "Feature", "properties": { "FULLNAME": "SW 35TH ST", "BIKE_FAC": "Bike Lane" }, "geometry": { "type": "MultiLineString", "coordinates": [ [ [ 7475003.593175858259201, 334049.441601052880287 ], [ 7475003.968503937125206, 334083.785433068871498 ], [ 7475006.343832015991211, 334163.879265084862709 ], [ 7475009.594488188624382, 334241.535433068871498 ], [ 7475012.345472440123558, 334321.660761147737503 ], [ 7475015.471456691622734, 334410.910433068871498 ], [ 7475018.721456691622734, 334480.504593178629875 ], [ 7475021.972112864255905, 334559.785761147737503 ], [ 7475024.848097115755081, 334639.348425194621086 ], [ 7475027.848425194621086, 334708.62992125749588 ], [ 7475031.723425194621086, 334767.004593178629875 ], [ 7475036.849409446120262, 334826.473425194621086 ], [ 7475041.099737539887428, 334915.191929131746292 ], [ 7475043.850393697619438, 334997.067585304379463 ], [ 7475046.350721791386604, 335067.442585304379463 ], [ 7475048.72670604288578, 335135.286089241504669 ], [ 7475051.727034121751785, 335203.223753273487091 ], [ 7475052.352034121751785, 335222.286089241504669 ], [ 7475061.229002624750137, 335475.849081367254257 ] ] ] } },
{ "type": "Feature", "properties": { "FULLNAME": "SW WESTERN BLVD", "BIKE_FAC": "Bike Lane" }, "geometry": { "type": "MultiLineString", "coordinates": [ [ [ 7474497.478674545884132, 337134.327755898237228 ], [ 7474459.795275583863258, 337132.326115489006042 ], [ 7474424.611162408255041, 337129.166476687591057 ], [ 7474389.560418178327382, 337124.767560199310537 ], [ 7474354.686679795384407, 337119.13484251499176 ], [ 7474310.978966400958598, 337110.272358961112332 ], [ 7474267.709317579865456, 337099.472112864255905 ], [ 7474245.493438318371773, 337090.321850389242172 ], [ 7474216.118438318371773, 337080.102690294384956 ], [ 7474186.993766397237778, 337069.13418635725975 ], [ 7474158.268044620752335, 337057.425524935126305 ], [ 7474158.243438318371773, 337057.415682420134544 ] ] ] } },
{ "type": "Feature", "properties": { "FULLNAME": "SW 11TH ST", "BIKE_FAC": "Neighborhood Bikeway" }, "geometry": { "type": "MultiLineString", "coordinates": [ [ [ 7480062.498031497001648, 337409.100065618753433 ], [ 7480066.268700793385506, 337386.596784770488739 ], [ 7480072.952755898237228, 337315.589895009994507 ], [ 7480081.025590553879738, 337246.926509186625481 ], [ 7480087.336286082863808, 337187.13484251499176 ], [ 7480093.239173233509064, 337128.975393697619438 ], [ 7480096.759514436125755, 337079.555446192622185 ], [ 7480096.759514436125755, 337057.492782145738602 ] ] ] } },
{ "type": "Feature", "properties": { "FULLNAME": "SW 11TH ST", "BIKE_FAC": "Neighborhood Bikeway" }, "geometry": { "type": "MultiLineString", "coordinates": [ [ [ 7480029.383202105760574, 337766.868110239505768 ], [ 7480032.562007874250412, 337732.565944880247116 ], [ 7480039.701443567872047, 337650.908464565873146 ], [ 7480044.861220479011536, 337583.462270334362984 ], [ 7480052.195538058876991, 337513.919619426131248 ], [ 7480059.335301831364632, 337440.293635174632072 ], [ 7480062.498031497001648, 337409.100065618753433 ] ] ] } },
{ "type": "Feature", "properties": { "FULLNAME": "SW 11TH ST", "BIKE_FAC": "Neighborhood Bikeway" }, "geometry": { "type": "MultiLineString", "coordinates": [ [ [ 7479993.486548557877541, 338125.436351701617241 ], [ 7479996.486220479011536, 338093.63910761475563 ], [ 7480005.485564306378365, 338018.645997375249863 ], [ 7480012.484908133745193, 337953.651574805378914 ], [ 7480020.88418635725975, 337875.258530184626579 ], [ 7480027.283464565873146, 337806.26476377248764 ], [ 7480029.383202105760574, 337766.868110239505768 ] ] ] } },
{ "type": "Feature", "properties": { "FULLNAME": "SW 26TH ST", "BIKE_FAC": "Bike Lane" }, "geometry": { "type": "MultiLineString", "coordinates": [ [ [ 7477765.120734915137291, 338252.469160109758377 ], [ 7477764.620406821370125, 338238.500656172633171 ], [ 7477763.745406821370125, 338204.344160109758377 ], [ 7477761.74507874250412, 338147.375656172633171 ], [ 7477758.619422569870949, 338062.781824141740799 ], [ 7477758.243438318371773, 337980.062664046883583 ], [ 7477757.868110239505768, 337927.718832015991211 ], [ 7477756.867782145738602, 337850.125328078866005 ], [ 7477755.616797894239426, 337788.093832015991211 ], [ 7477753.241797894239426, 337728.343832015991211 ], [ 7477751.24081364274025, 337659.437335953116417 ], [ 7477749.365485563874245, 337572.0 ], [ 7477745.590879261493683, 337487.534776896238327 ], [ 7477740.458005249500275, 337447.938648298382759 ], [ 7477730.192257210612297, 337411.275590553879738 ], [ 7477721.239173233509064, 337382.312335953116417 ] ] ] } },
{ "type": "Feature", "properties": { "FULLNAME": "SW 11TH ST", "BIKE_FAC": "Neighborhood Bikeway" }, "geometry": { "type": "MultiLineString", "coordinates": [ [ [ 7479955.368110239505768, 338486.275918632745743 ], [ 7479960.289370074868202, 338458.006889760494232 ], [ 7479980.287729665637016, 338262.024278208613396 ], [ 7479990.486876636743546, 338155.633858263492584 ], [ 7479993.486548557877541, 338125.436351701617241 ] ] ] } },
{ "type": "Feature", "properties": { "FULLNAME": "SW 11TH ST", "BIKE_FAC": "Neighborhood Bikeway" }, "geometry": { "type": "MultiLineString", "coordinates": [ [ [ 7479937.622047245502472, 339014.526246726512909 ], [ 7479934.247047245502472, 338954.432742789387703 ], [ 7479931.371062994003296, 338883.651246726512909 ], [ 7479930.120734915137291, 338802.432414695620537 ], [ 7479928.62007874250412, 338746.463582679629326 ], [ 7479931.24507874250412, 338720.995406821370125 ], [ 7479937.869422569870949, 338654.088582679629326 ], [ 7479943.869094491004944, 338594.12007874250412 ], [ 7479952.618110239505768, 338511.744750648736954 ], [ 7479955.368110239505768, 338486.275918632745743 ] ] ] } },
{ "type": "Feature", "properties": { "FULLNAME": "SW 35TH ST", "BIKE_FAC": "Bike Lane" }, "geometry": { "type": "MultiLineString", "coordinates": [ [ [ 7475208.395013123750687, 340706.291010499000549 ], [ 7475208.645341202616692, 340713.884514436125755 ] ] ] } },
{ "type": "Feature", "properties": { "FULLNAME": "SW 35TH ST", "BIKE_FAC": "Bike Lane" }, "geometry": { "type": "MultiLineString", "coordinates": [ [ [ 7475208.645341202616692, 340713.884514436125755 ], [ 7475209.895669296383858, 340754.103674545884132 ], [ 7475211.770997375249863, 340830.791010499000549 ], [ 7475213.271653547883034, 340889.072506561875343 ], [ 7475216.021981626749039, 340950.728346452116966 ], [ 7475218.64763779938221, 341028.510170608758926 ], [ 7475220.39829395711422, 341086.885170608758926 ], [ 7475221.14829395711422, 341106.853674545884132 ] ] ] } },
{ "type": "Feature", "properties": { "FULLNAME": "SW 26TH ST", "BIKE_FAC": "Bike Lane" }, "geometry": { "type": "MultiLineString", "coordinates": [ [ [ 7477755.389435693621635, 340621.565288707613945 ], [ 7477755.014435693621635, 340609.127952754497528 ], [ 7477754.38910761475563, 340564.18996062874794 ], [ 7477752.388779520988464, 340507.346128612756729 ], [ 7477751.138451442122459, 340482.002624675631523 ], [ 7477750.137795269489288, 340452.31496062874794 ], [ 7477749.263123363256454, 340418.377624675631523 ], [ 7477748.137467190623283, 340376.158464565873146 ], [ 7477745.637139111757278, 340319.002296581864357 ], [ 7477743.886482939124107, 340279.68996062874794 ], [ 7477742.136482939124107, 340235.43996062874794 ], [ 7477739.885826766490936, 340174.846456691622734 ], [ 7477737.135170608758926, 340110.408464565873146 ], [ 7477735.00984251499176, 340053.564632549881935 ], [ 7477732.884514436125755, 339994.376968502998352 ], [ 7477731.13418635725975, 339939.596128612756729 ], [ 7477728.633530184626579, 339877.56496062874794 ], [ 7477727.508202105760574, 339830.283136487007141 ], [ 7477726.758202105760574, 339813.695866137742996 ], [ 7477726.758202105760574, 339813.689632549881935 ] ] ] } },
{ "type": "Feature", "properties": { "FULLNAME": "SW 26TH ST", "BIKE_FAC": "Bike Lane" }, "geometry": { "type": "MultiLineString", "coordinates": [ [ [ 7477765.145669296383858, 341432.784776896238327 ], [ 7477764.520669296383858, 341397.815616801381111 ], [ 7477764.895341202616692, 341370.128280833363533 ], [ 7477765.645013123750687, 341327.347112864255905 ], [ 7477765.519356951117516, 341266.378280833363533 ], [ 7477766.018700793385506, 341199.284448817372322 ], [ 7477766.018700793385506, 341138.346784770488739 ], [ 7477766.893044620752335, 341088.440616801381111 ], [ 7477767.268044620752335, 341046.940616801381111 ] ] ] } },
{ "type": "Feature", "properties": { "FULLNAME": "SW 26TH ST", "BIKE_FAC": "Bike Lane" }, "geometry": { "type": "MultiLineString", "coordinates": [ [ [ 7477767.268044620752335, 341046.940616801381111 ], [ 7477766.142060369253159, 340991.190288707613945 ], [ 7477766.516732290387154, 340948.534120738506317 ], [ 7477764.391404196619987, 340870.627624675631523 ], [ 7477763.015748038887978, 340829.284120738506317 ], [ 7477761.265748038887978, 340776.190288707613945 ], [ 7477759.890091866254807, 340729.096456691622734 ], [ 7477757.63976377248764, 340673.846784770488739 ], [ 7477756.13976377248764, 340645.846456691622734 ], [ 7477755.389435693621635, 340621.565288707613945 ] ] ] } },
{ "type": "Feature", "properties": { "FULLNAME": "NW 3RD ST / HWY 99W", "BIKE_FAC": "Bike Lane" }, "geometry": { "type": "MultiLineString", "coordinates": [ [ [ 7483926.27263779938221, 343241.676181107759476 ], [ 7483925.02329395711422, 343279.207349076867104 ], [ 7483924.647965878248215, 343287.394685044884682 ], [ 7483922.148622050881386, 343331.957020998001099 ], [ 7483918.773950129747391, 343376.45767717063427 ], [ 7483916.399278208613396, 343403.363845139741898 ], [ 7483911.774278208613396, 343442.95767717063427 ], [ 7483906.399934381246567, 343482.457349076867104 ], [ 7483900.275262460112572, 343521.83267717063427 ], [ 7483893.275262460112572, 343561.08267717063427 ], [ 7483882.026246726512909, 343615.833005249500275 ], [ 7483870.151246726512909, 343669.926837265491486 ], [ 7483869.276246726512909, 343673.708005249500275 ], [ 7483857.026574805378914, 343719.113845139741898 ], [ 7483843.901902884244919, 343764.301837265491486 ], [ 7483836.15255905687809, 343790.051509186625481 ], [ 7483823.40255905687809, 343828.895669296383858 ], [ 7483808.028215229511261, 343874.895669296383858 ], [ 7483785.028543308377266, 343939.427165359258652 ], [ 7483768.279199481010437, 343983.739829391241074 ], [ 7483743.029527559876442, 344047.833661422133446 ], [ 7483724.655183732509613, 344093.08333332836628 ], [ 7483708.905183732509613, 344131.45833332836628 ], [ 7483678.905839890241623, 344202.896325454115868 ], [ 7483641.281824141740799, 344271.708989500999451 ], [ 7483631.281824141740799, 344286.86515748500824 ] ] ] } },
{ "type": "Feature", "properties": { "FULLNAME": "NW 4TH ST / HWY 99W", "BIKE_FAC": "Bike Lane" }, "geometry": { "type": "MultiLineString", "coordinates": [ [ [ 7483636.337926506996155, 342704.74507874250412 ], [ 7483651.019356951117516, 342741.613845139741898 ], [ 7483666.769356951117516, 342780.394685044884682 ], [ 7483693.770341202616692, 342849.238845139741898 ], [ 7483721.395669296383858, 342925.332349076867104 ], [ 7483745.146325454115868, 342998.801181107759476 ], [ 7483768.146981626749039, 343075.238845139741898 ], [ 7483787.897309705615044, 343150.70767717063427 ], [ 7483796.897965878248215, 343188.738845139741898 ], [ 7483805.647965878248215, 343229.145013123750687 ], [ 7483811.647965878248215, 343260.113845139741898 ], [ 7483816.77329395711422, 343291.238845139741898 ], [ 7483821.273950129747391, 343322.457349076867104 ], [ 7483824.899278208613396, 343353.770341202616692 ], [ 7483827.774278208613396, 343385.176509186625481 ], [ 7483829.399278208613396, 343407.520013123750687 ], [ 7483831.149606302380562, 343440.363845139741898 ], [ 7483832.024606302380562, 343473.20767717063427 ], [ 7483832.275262460112572, 343506.113845139741898 ], [ 7483831.650262460112572, 343538.988845139741898 ], [ 7483830.900262460112572, 343555.676509186625481 ], [ 7483828.900918632745743, 343584.395341202616692 ], [ 7483826.150918632745743, 343613.051837265491486 ], [ 7483822.650918632745743, 343641.614173233509064 ], [ 7483818.276574805378914, 343670.083005249500275 ], [ 7483813.276902884244919, 343698.426837265491486 ], [ 7483809.401902884244919, 343718.614501312375069 ], [ 7483802.151902884244919, 343753.458005249500275 ], [ 7483794.15255905687809, 343788.114173233509064 ], [ 7483785.40255905687809, 343822.614173233509064 ], [ 7483775.777887135744095, 343856.927165359258652 ], [ 7483765.528215229511261, 343890.989501312375069 ], [ 7483760.528543308377266, 343907.114501312375069 ], [ 7483745.028543308377266, 343955.083661422133446 ], [ 7483728.904199481010437, 344002.770669296383858 ], [ 7483711.904855638742447, 344050.177493438124657 ], [ 7483694.280183732509613, 344097.364829391241074 ], [ 7483675.780839890241623, 344144.239829391241074 ], [ 7483631.281824141740799, 344286.86515748500824 ] ] ] } },
{ "type": "Feature", "properties": { "FULLNAME": "SW 11TH ST", "BIKE_FAC": "Neighborhood Bikeway" }, "geometry": { "type": "MultiLineString", "coordinates": [ [ [ 7480082.599737539887428, 339372.042650923132896 ], [ 7480055.749343827366829, 339310.432414695620537 ], [ 7479985.840551182627678, 339135.289698168635368 ], [ 7479957.122703418135643, 339063.620406821370125 ], [ 7479937.622047245502472, 339014.526246726512909 ] ] ] } },
{ "type": "Feature", "properties": { "FULLNAME": "SW 11TH ST", "BIKE_FAC": "Neighborhood Bikeway" }, "geometry": { "type": "MultiLineString", "coordinates": [ [ [ 7480226.127296581864357, 339722.369750648736954 ], [ 7480116.875328078866005, 339459.651246726512909 ], [ 7480091.999671921133995, 339396.401574805378914 ], [ 7480082.599737539887428, 339372.042650923132896 ] ] ] } },
{ "type": "Feature", "properties": { "FULLNAME": "NW 9TH ST", "BIKE_FAC": "Bike Lane" }, "geometry": { "type": "MultiLineString", "coordinates": [ [ [ 7481794.14271654188633, 342098.461942255496979 ], [ 7481803.01837269961834, 342118.993110239505768 ], [ 7481832.893700793385506, 342185.930446192622185 ], [ 7481862.144028872251511, 342253.399278208613396 ], [ 7481900.145013123750687, 342339.273950129747391 ], [ 7481929.395341202616692, 342405.023950129747391 ] ] ] } },
{ "type": "Feature", "properties": { "FULLNAME": "NW 9TH ST", "BIKE_FAC": "Bike Lane" }, "geometry": { "type": "MultiLineString", "coordinates": [ [ [ 7481929.395341202616692, 342405.023950129747391 ], [ 7481967.645669296383858, 342492.649278208613396 ], [ 7482013.521653547883034, 342595.992782145738602 ], [ 7482058.896981626749039, 342699.336614176630974 ], [ 7482103.272965878248215, 342799.336614176630974 ], [ 7482138.39829395711422, 342881.086942255496979 ], [ 7482156.539370074868202, 342922.453740164637566 ] ] ] } },
{ "type": "Feature", "properties": { "FULLNAME": "NW 10TH ST", "BIKE_FAC": "Bike Lane" }, "geometry": { "type": "MultiLineString", "coordinates": [ [ [ 7481175.479986876249313, 341387.921259835362434 ], [ 7481151.513123363256454, 341326.994094491004944 ], [ 7481122.637467190623283, 341253.587926506996155 ], [ 7481095.137467190623283, 341182.181758522987366 ], [ 7481073.011811017990112, 341125.962926506996155 ], [ 7481036.762467190623283, 341033.85662730038166 ] ] ] } },
{ "type": "Feature", "properties": { "FULLNAME": "NW 10TH ST", "BIKE_FAC": "Bike Lane" }, "geometry": { "type": "MultiLineString", "coordinates": [ [ [ 7481311.362532809376717, 341737.057414695620537 ], [ 7481293.173884510993958, 341686.33267717063427 ], [ 7481268.885498687624931, 341626.083661422133446 ], [ 7481244.396325454115868, 341561.820538058876991 ], [ 7481203.187664046883583, 341455.337270334362984 ], [ 7481175.479986876249313, 341387.921259835362434 ] ] ] } },
{ "type": "Feature", "properties": { "FULLNAME": "NW 10TH ST", "BIKE_FAC": "Bike Lane" }, "geometry": { "type": "MultiLineString", "coordinates": [ [ [ 7481440.223425194621086, 342063.437335953116417 ], [ 7481407.783792644739151, 341981.978018373250961 ], [ 7481377.085629925131798, 341904.891076117753983 ], [ 7481359.767060369253159, 341863.244094491004944 ], [ 7481339.974081367254257, 341812.215551182627678 ], [ 7481321.770341202616692, 341763.822178483009338 ], [ 7481311.362532809376717, 341737.057414695620537 ] ] ] } },
{ "type": "Feature", "properties": { "FULLNAME": "NW 10TH ST", "BIKE_FAC": "Bike Lane" }, "geometry": { "type": "MultiLineString", "coordinates": [ [ [ 7481561.520669296383858, 342378.869094491004944 ], [ 7481542.395341202616692, 342327.806430444121361 ], [ 7481519.020013123750687, 342268.96259842813015 ], [ 7481494.519356951117516, 342205.525262460112572 ], [ 7481475.144356951117516, 342155.744094491004944 ], [ 7481455.518700793385506, 342102.681430444121361 ], [ 7481440.223425194621086, 342063.437335953116417 ] ] ] } },
{ "type": "Feature", "properties": { "FULLNAME": "NW 10TH ST", "BIKE_FAC": "Bike Lane" }, "geometry": { "type": "MultiLineString", "coordinates": [ [ [ 7481622.396981626749039, 342532.33759842813015 ], [ 7481608.021653547883034, 342494.337926506996155 ], [ 7481582.271325454115868, 342429.619094491004944 ], [ 7481561.520669296383858, 342378.869094491004944 ] ] ] } },
{ "type": "Feature", "properties": { "FULLNAME": "NW 10TH ST", "BIKE_FAC": "Bike Lane" }, "geometry": { "type": "MultiLineString", "coordinates": [ [ [ 7481684.772965878248215, 342696.900262460112572 ], [ 7481668.52263779938221, 342655.056758522987366 ], [ 7481651.022309705615044, 342608.400262460112572 ], [ 7481630.021653547883034, 342552.58759842813015 ], [ 7481622.396981626749039, 342532.33759842813015 ] ] ] } },
{ "type": "Feature", "properties": { "FULLNAME": "NW 10TH ST", "BIKE_FAC": "Bike Lane" }, "geometry": { "type": "MultiLineString", "coordinates": [ [ [ 7482145.905183732509613, 343762.931102365255356 ], [ 7482135.905511811375618, 343745.71259842813015 ], [ 7482133.405183732509613, 343739.618766397237778 ], [ 7482131.530511811375618, 343733.21259842813015 ], [ 7482120.905511811375618, 343712.181102365255356 ], [ 7482106.904855638742447, 343680.369094491004944 ], [ 7482089.779855638742447, 343640.212270334362984 ], [ 7482071.904199481010437, 343600.556430444121361 ], [ 7482051.278871387243271, 343554.71259842813015 ], [ 7482036.153871387243271, 343520.400262460112572 ], [ 7482019.903543308377266, 343483.275262460112572 ], [ 7482001.028215229511261, 343440.244094491004944 ], [ 7481982.902887135744095, 343402.399934381246567 ], [ 7481961.02755905687809, 343353.868766397237778 ], [ 7481937.52755905687809, 343301.08759842813015 ], [ 7481914.651574805378914, 343251.33759842813015 ], [ 7481891.901574805378914, 343201.306430444121361 ], [ 7481870.151246726512909, 343152.774934381246567 ], [ 7481852.275918632745743, 343110.83759842813015 ], [ 7481829.150262460112572, 343059.306430444121361 ], [ 7481808.775262460112572, 343009.46259842813015 ], [ 7481792.149934381246567, 342967.806430444121361 ], [ 7481769.649278208613396, 342911.962270334362984 ], [ 7481745.649278208613396, 342850.21259842813015 ], [ 7481727.273622050881386, 342804.744094491004944 ], [ 7481708.77329395711422, 342757.056430444121361 ], [ 7481687.14829395711422, 342702.899934381246567 ], [ 7481684.772965878248215, 342696.900262460112572 ] ] ] } },
{ "type": "Feature", "properties": { "FULLNAME": "NW 11TH ST", "BIKE_FAC": "Neighborhood Bikeway" }, "geometry": { "type": "MultiLineString", "coordinates": [ [ [ 7480643.135170608758926, 340784.807086616754532 ], [ 7480628.75984251499176, 340749.807414695620537 ], [ 7480609.88418635725975, 340702.463910758495331 ], [ 7480588.75918635725975, 340648.182742789387703 ], [ 7480566.633530184626579, 340589.088582679629326 ], [ 7480543.007874011993408, 340530.838910758495331 ], [ 7480522.007545933127403, 340478.338910758495331 ], [ 7480510.507545933127403, 340450.776574805378914 ], [ 7480499.882545933127403, 340425.588582679629326 ] ] ] } },
{ "type": "Feature", "properties": { "FULLNAME": "NW 11TH ST", "BIKE_FAC": "Neighborhood Bikeway" }, "geometry": { "type": "MultiLineString", "coordinates": [ [ [ 7480781.887467190623283, 341137.088910758495331 ], [ 7480774.512139111757278, 341117.557742789387703 ], [ 7480764.137139111757278, 341092.088582679629326 ], [ 7480748.636811017990112, 341050.276246726512909 ], [ 7480727.761482939124107, 340997.526246726512909 ], [ 7480698.385826766490936, 340926.401574805378914 ], [ 7480670.760498687624931, 340857.807742789387703 ], [ 7480654.760170608758926, 340816.151246726512909 ], [ 7480643.135170608758926, 340784.807086616754532 ] ] ] } },
{ "type": "Feature", "properties": { "FULLNAME": "NW 11TH ST", "BIKE_FAC": "Neighborhood Bikeway" }, "geometry": { "type": "MultiLineString", "coordinates": [ [ [ 7480920.640091866254807, 341490.932742789387703 ], [ 7480916.265091866254807, 341477.963582679629326 ], [ 7480910.63976377248764, 341463.775918632745743 ], [ 7480895.014435693621635, 341422.963582679629326 ], [ 7480874.38910761475563, 341370.401246726512909 ], [ 7480852.513779520988464, 341316.682414695620537 ], [ 7480831.763451442122459, 341262.901246726512909 ], [ 7480808.387795269489288, 341200.963910758495331 ], [ 7480791.387795269489288, 341160.963910758495331 ], [ 7480781.887467190623283, 341137.088910758495331 ] ] ] } },
{ "type": "Feature", "properties": { "FULLNAME": "NW 11TH ST", "BIKE_FAC": "Neighborhood Bikeway" }, "geometry": { "type": "MultiLineString", "coordinates": [ [ [ 7481055.267388448119164, 341836.182414695620537 ], [ 7481048.517388448119164, 341816.24507874250412 ], [ 7481036.142388448119164, 341786.932414695620537 ], [ 7481009.266732290387154, 341716.74507874250412 ], [ 7480989.641076117753983, 341666.338910758495331 ], [ 7480965.015748038887978, 341604.682742789387703 ], [ 7480945.140419945120811, 341551.307742789387703 ], [ 7480929.515091866254807, 341512.213910758495331 ], [ 7480920.640091866254807, 341490.932742789387703 ] ] ] } },
{ "type": "Feature", "properties": { "FULLNAME": "NW 11TH ST", "BIKE_FAC": "Neighborhood Bikeway" }, "geometry": { "type": "MultiLineString", "coordinates": [ [ [ 7481184.769685044884682, 342161.869750648736954 ], [ 7481172.894356951117516, 342133.307414695620537 ], [ 7481157.269028872251511, 342093.088582679629326 ], [ 7481137.268700793385506, 342041.744750648736954 ], [ 7481112.643044620752335, 341978.901246726512909 ], [ 7481089.39271654188633, 341919.526246726512909 ], [ 7481067.01771654188633, 341862.807414695620537 ], [ 7481055.267388448119164, 341836.182414695620537 ] ] ] } },
{ "type": "Feature", "properties": { "FULLNAME": "NW 11TH ST", "BIKE_FAC": "Neighborhood Bikeway" }, "geometry": { "type": "MultiLineString", "coordinates": [ [ [ 7481307.271981626749039, 342477.74507874250412 ], [ 7481295.896653547883034, 342447.119750648736954 ], [ 7481276.521653547883034, 342398.74507874250412 ], [ 7481256.270997375249863, 342346.807086616754532 ], [ 7481235.645669296383858, 342295.775918632745743 ], [ 7481218.395341202616692, 342253.026246726512909 ], [ 7481196.270341202616692, 342195.151246726512909 ], [ 7481184.769685044884682, 342161.869750648736954 ] ] ] } },
{ "type": "Feature", "properties": { "FULLNAME": "NW 11TH ST", "BIKE_FAC": "Neighborhood Bikeway" }, "geometry": { "type": "MultiLineString", "coordinates": [ [ [ 7481431.149278208613396, 342794.96325458586216 ], [ 7481421.898950129747391, 342771.369750648736954 ], [ 7481400.648622050881386, 342716.901246726512909 ], [ 7481375.64829395711422, 342652.71325458586216 ], [ 7481354.39763779938221, 342597.46325458586216 ], [ 7481333.27263779938221, 342545.526246726512909 ], [ 7481316.771981626749039, 342501.776246726512909 ], [ 7481307.271981626749039, 342477.74507874250412 ] ] ] } },
{ "type": "Feature", "properties": { "FULLNAME": "NW 11TH ST", "BIKE_FAC": "Neighborhood Bikeway" }, "geometry": { "type": "MultiLineString", "coordinates": [ [ [ 7481587.276902884244919, 343196.619422569870949 ], [ 7481571.526902884244919, 343152.963582679629326 ], [ 7481555.401246726512909, 343108.432086616754532 ], [ 7481540.651246726512909, 343072.369422569870949 ], [ 7481521.775918632745743, 343025.37007874250412 ], [ 7481501.025262460112572, 342972.71325458586216 ], [ 7481477.275262460112572, 342911.869750648736954 ], [ 7481455.899606302380562, 342855.901246726512909 ], [ 7481442.274606302380562, 342820.775590553879738 ], [ 7481431.149278208613396, 342794.96325458586216 ] ] ] } },
{ "type": "Feature", "properties": { "FULLNAME": "NW 11TH ST", "BIKE_FAC": "Neighborhood Bikeway" }, "geometry": { "type": "MultiLineString", "coordinates": [ [ [ 7481855.532152235507965, 343884.650918632745743 ], [ 7481838.281824141740799, 343849.869750648736954 ], [ 7481825.531496062874794, 343810.08825458586216 ], [ 7481807.781167984008789, 343764.71325458586216 ], [ 7481787.905511811375618, 343713.463582679629326 ], [ 7481769.905183732509613, 343667.525918632745743 ], [ 7481755.905183732509613, 343629.463582679629326 ], [ 7481746.030183732509613, 343603.557086616754532 ], [ 7481737.904855638742447, 343585.025918632745743 ], [ 7481729.654855638742447, 343561.932086616754532 ], [ 7481716.404199481010437, 343534.682086616754532 ], [ 7481702.654199481010437, 343499.775918632745743 ], [ 7481689.154199481010437, 343465.025918632745743 ], [ 7481678.403871387243271, 343440.651246726512909 ], [ 7481663.153871387243271, 343401.150918632745743 ], [ 7481644.278215229511261, 343352.932086616754532 ], [ 7481623.777887135744095, 343299.525918632745743 ], [ 7481608.52755905687809, 343256.651246726512909 ], [ 7481594.777230978012085, 343220.588582679629326 ], [ 7481587.276902884244919, 343196.619422569870949 ] ] ] } },
{ "type": "Feature", "properties": { "FULLNAME": "SW 14TH ST", "BIKE_FAC": "Bike Lane" }, "geometry": { "type": "MultiLineString", "coordinates": [ [ [ 7479710.13484251499176, 340543.81003937125206 ], [ 7479723.010170608758926, 340579.903215229511261 ], [ 7479741.260498687624931, 340624.528543308377266 ], [ 7479754.510498687624931, 340659.497375324368477 ], [ 7479762.010498687624931, 340679.528871387243271 ], [ 7479765.761154860258102, 340688.247047245502472 ], [ 7479774.135826766490936, 340710.966207355260849 ] ] ] } },
{ "type": "Feature", "properties": { "FULLNAME": "NW 36TH ST", "BIKE_FAC": "Bike Lane" }, "geometry": { "type": "MultiLineString", "coordinates": [ [ [ 7475030.904527559876442, 344961.475721791386604 ], [ 7475036.029855638742447, 345006.159120738506317 ], [ 7475038.679461941123009, 345086.556102365255356 ] ] ] } },
{ "type": "Feature", "properties": { "FULLNAME": "NW 36TH ST", "BIKE_FAC": "Bike Lane" }, "geometry": { "type": "MultiLineString", "coordinates": [ [ [ 7475018.581692919135094, 344501.681430444121361 ], [ 7475018.934383198618889, 344527.248359575867653 ], [ 7475019.558070868253708, 344572.460301831364632 ], [ 7475021.117125988006592, 344621.725721791386604 ], [ 7475022.94422572851181, 344676.980643048882484 ], [ 7475024.702755898237228, 344741.303477689623833 ], [ 7475025.638123363256454, 344796.493110239505768 ], [ 7475027.505577430129051, 344854.993766397237778 ], [ 7475030.904527559876442, 344961.475721791386604 ] ] ] } },
{ "type": "Feature", "properties": { "FULLNAME": "NW 36TH ST", "BIKE_FAC": "Bike Lane" }, "geometry": { "type": "MultiLineString", "coordinates": [ [ [ 7474977.621062994003296, 342525.446194231510162 ], [ 7474977.68503937125206, 342560.109251961112022 ], [ 7474977.911089241504669, 342683.168635174632072 ], [ 7474979.53674541413784, 342760.230971127748489 ], [ 7474980.78740157186985, 342811.106299206614494 ], [ 7474983.160761147737503, 342873.393044620752335 ] ] ] } },
{ "type": "Feature", "properties": { "FULLNAME": "NW 36TH ST", "BIKE_FAC": "Bike Lane" }, "geometry": { "type": "MultiLineString", "coordinates": [ [ [ 7474983.160761147737503, 342873.393044620752335 ], [ 7474984.111876636743546, 342909.799868762493134 ], [ 7474985.78248031437397, 342973.762467190623283 ], [ 7474986.414041996002197, 343050.418635174632072 ], [ 7474988.039698168635368, 343130.418635174632072 ], [ 7474989.540026247501373, 343197.637467190623283 ], [ 7474990.125328078866005, 343223.869422569870949 ] ] ] } },
{ "type": "Feature", "properties": { "FULLNAME": "NW 36TH ST", "BIKE_FAC": "Bike Lane" }, "geometry": { "type": "MultiLineString", "coordinates": [ [ [ 7474990.125328078866005, 343223.869422569870949 ], [ 7474991.420931756496429, 343255.758530184626579 ], [ 7474993.192913383245468, 343347.092847764492035 ], [ 7474993.916994750499725, 343418.575131237506866 ], [ 7474996.784120738506317, 343543.809055119752884 ], [ 7474997.904855638742447, 343575.451771646738052 ] ] ] } },
{ "type": "Feature", "properties": { "FULLNAME": "NW 36TH ST", "BIKE_FAC": "Bike Lane" }, "geometry": { "type": "MultiLineString", "coordinates": [ [ [ 7474997.904855638742447, 343575.451771646738052 ], [ 7474998.418635174632072, 343622.10662730038166 ], [ 7474999.294291332364082, 343701.638123363256454 ], [ 7475000.419291332364082, 343769.575787395238876 ], [ 7475001.795275583863258, 343839.200787395238876 ], [ 7475002.420931756496429, 343895.013123363256454 ], [ 7475002.795603677630424, 343920.981955379247665 ] ] ] } },
{ "type": "Feature", "properties": { "FULLNAME": "NW 36TH ST", "BIKE_FAC": "Bike Lane" }, "geometry": { "type": "MultiLineString", "coordinates": [ [ [ 7475002.795603677630424, 343920.981955379247665 ], [ 7475003.920931756496429, 343949.138451442122459 ], [ 7475005.671587929129601, 344009.263451442122459 ], [ 7475007.546916007995605, 344062.263123363256454 ], [ 7475008.547572180628777, 344125.044619426131248 ], [ 7475009.797900259494781, 344188.763451442122459 ], [ 7475011.798556432127953, 344267.325787395238876 ], [ 7475012.923884510993958, 344323.044619426131248 ], [ 7475014.66666667163372, 344383.961614176630974 ], [ 7475016.273622050881386, 344442.463582679629326 ], [ 7475017.068569555878639, 344477.922572180628777 ], [ 7475018.581692919135094, 344501.681430444121361 ] ] ] } },
{ "type": "Feature", "properties": { "FULLNAME": "NW 9TH ST", "BIKE_FAC": "Bike Lane" }, "geometry": { "type": "MultiLineString", "coordinates": [ [ [ 7482901.035761147737503, 344627.523950129747391 ], [ 7482916.536089241504669, 344661.617454066872597 ], [ 7482948.661417320370674, 344735.710958003997803 ], [ 7482973.66174541413784, 344793.68011811375618 ], [ 7483003.15255905687809, 344861.246391072869301 ] ] ] } },
{ "type": "Feature", "properties": { "FULLNAME": "NW 9TH ST", "BIKE_FAC": "Bike Lane" }, "geometry": { "type": "MultiLineString", "coordinates": [ [ [ 7483003.15255905687809, 344861.246391072869301 ], [ 7483030.163057744503021, 344923.460958003997803 ], [ 7483055.038713917136192, 344980.898622050881386 ], [ 7483085.289041996002197, 345050.05511811375618 ], [ 7483119.664041996002197, 345128.742125988006592 ] ] ] } },
{ "type": "Feature", "properties": { "FULLNAME": "NW 11TH ST", "BIKE_FAC": "Neighborhood Bikeway" }, "geometry": { "type": "MultiLineString", "coordinates": [ [ [ 7482155.287729665637016, 344646.244750648736954 ], [ 7482146.91240157186985, 344619.775918632745743 ], [ 7482140.537073493003845, 344600.776246726512909 ], [ 7482117.412073493003845, 344543.026246726512909 ], [ 7482093.536417320370674, 344484.150590553879738 ], [ 7482070.036089241504669, 344427.275590553879738 ], [ 7482048.660433068871498, 344371.525918632745743 ], [ 7482022.535104990005493, 344307.494750648736954 ], [ 7481999.784448817372322, 344249.932086616754532 ], [ 7481974.158792644739151, 344183.369422569870949 ], [ 7481947.408464565873146, 344114.994422569870949 ], [ 7481925.033136487007141, 344058.182086616754532 ], [ 7481900.15748031437397, 343994.401246726512909 ], [ 7481880.90748031437397, 343943.525918632745743 ], [ 7481869.532152235507965, 343915.557086616754532 ], [ 7481855.532152235507965, 343884.650918632745743 ] ] ] } },
{ "type": "Feature", "properties": { "FULLNAME": "NW 10TH ST", "BIKE_FAC": "Bike Lane" }, "geometry": { "type": "MultiLineString", "coordinates": [ [ [ 7482432.912073493003845, 344639.743766397237778 ], [ 7482432.53674541413784, 344631.96259842813015 ], [ 7482431.786417320370674, 344609.618766397237778 ], [ 7482431.036417320370674, 344573.83759842813015 ], [ 7482429.036089241504669, 344530.056102365255356 ], [ 7482427.535433068871498, 344479.618766397237778 ], [ 7482426.285104990005493, 344433.399606302380562 ], [ 7482426.285104990005493, 344427.056102365255356 ], [ 7482425.785104990005493, 344413.274934381246567 ], [ 7482424.410104990005493, 344399.556102365255356 ], [ 7482422.284776896238327, 344385.931102365255356 ], [ 7482419.534776896238327, 344372.431430444121361 ], [ 7482415.159448817372322, 344356.618766397237778 ], [ 7482410.034776896238327, 344341.024606302380562 ], [ 7482404.159448817372322, 344325.681102365255356 ], [ 7482397.534448817372322, 344310.68077427148819 ], [ 7482393.284120738506317, 344301.868438318371773 ], [ 7482374.283792644739151, 344258.743766397237778 ], [ 7482350.533792644739151, 344206.368766397237778 ], [ 7482326.783136487007141, 344152.899934381246567 ], [ 7482301.78248031437397, 344097.149934381246567 ], [ 7482280.407808393239975, 344051.431430444121361 ], [ 7482251.407152235507965, 343988.056430444121361 ], [ 7482230.781496062874794, 343942.21259842813015 ], [ 7482208.281167984008789, 343892.399934381246567 ], [ 7482178.780839890241623, 343827.368766397237778 ], [ 7482164.780839890241623, 343795.931102365255356 ], [ 7482157.405839890241623, 343781.493766397237778 ], [ 7482145.905183732509613, 343762.931102365255356 ] ] ] } },
{ "type": "Feature", "properties": { "FULLNAME": "NW 11TH ST", "BIKE_FAC": "Neighborhood Bikeway" }, "geometry": { "type": "MultiLineString", "coordinates": [ [ [ 7482174.541338577866554, 345152.276246726512909 ], [ 7482174.666338577866554, 345134.432414695620537 ], [ 7482174.666338577866554, 345121.24507874250412 ], [ 7482174.665682420134544, 345108.651246726512909 ], [ 7482173.541010499000549, 345073.338910758495331 ], [ 7482171.415026247501373, 345018.932414695620537 ], [ 7482170.040026247501373, 344951.307086616754532 ], [ 7482167.789041996002197, 344890.650918632745743 ], [ 7482166.414041996002197, 344836.182414695620537 ], [ 7482163.788385823369026, 344784.400918632745743 ], [ 7482160.663057744503021, 344726.932414695620537 ], [ 7482157.787729665637016, 344671.369750648736954 ], [ 7482155.287729665637016, 344646.244750648736954 ] ] ] } },
{ "type": "Feature", "properties": { "FULLNAME": "NW 10TH ST", "BIKE_FAC": "Bike Lane" }, "geometry": { "type": "MultiLineString", "coordinates": [ [ [ 7482447.540682420134544, 345145.619422569870949 ], [ 7482447.416010499000549, 345132.744094491004944 ], [ 7482447.665682420134544, 345108.869094491004944 ], [ 7482447.165682420134544, 345078.494094491004944 ], [ 7482446.415026247501373, 345049.119094491004944 ], [ 7482444.789698168635368, 345007.150590553879738 ], [ 7482443.164370074868202, 344966.83759842813015 ], [ 7482441.539041996002197, 344923.556758522987366 ], [ 7482440.516076117753983, 344891.744094491004944 ] ] ] } },
{ "type": "Feature", "properties": { "FULLNAME": "NW 10TH ST", "BIKE_FAC": "Bike Lane" }, "geometry": { "type": "MultiLineString", "coordinates": [ [ [ 7482440.516076117753983, 344891.744094491004944 ], [ 7482439.288385823369026, 344852.150262460112572 ], [ 7482437.788385823369026, 344813.587926506996155 ], [ 7482436.413057744503021, 344768.556430444121361 ], [ 7482435.287729665637016, 344728.83759842813015 ], [ 7482434.03740157186985, 344689.212926506996155 ], [ 7482433.28740157186985, 344662.494094491004944 ], [ 7482432.912073493003845, 344639.743766397237778 ] ] ] } },
{ "type": "Feature", "properties": { "FULLNAME": "NW 9TH ST", "BIKE_FAC": "Bike Lane" }, "geometry": { "type": "MultiLineString", "coordinates": [ [ [ 7483119.664041996002197, 345128.742125988006592 ], [ 7483124.289698168635368, 345140.117454066872597 ], [ 7483139.040026247501373, 345174.992454066872597 ], [ 7483163.790026247501373, 345230.804790019989014 ], [ 7483190.290682420134544, 345291.52329395711422 ], [ 7483217.916010499000549, 345354.05511811375618 ], [ 7483247.29166667163372, 345421.210958003997803 ], [ 7483273.54166667163372, 345482.710958003997803 ], [ 7483306.41732282936573, 345557.148622050881386 ], [ 7483337.542979001998901, 345627.898622050881386 ], [ 7483364.293307080864906, 345689.211286082863808 ], [ 7483388.918963253498077, 345746.492454066872597 ], [ 7483413.794291332364082, 345804.992454066872597 ], [ 7483419.544291332364082, 345817.617125988006592 ] ] ] } },
{ "type": "Feature", "properties": { "FULLNAME": "NW 9TH ST", "BIKE_FAC": "Bike Lane" }, "geometry": { "type": "MultiLineString", "coordinates": [ [ [ 7483419.544291332364082, 345817.617125988006592 ], [ 7483440.044619426131248, 345863.367125988006592 ], [ 7483466.544619426131248, 345923.679461941123009 ], [ 7483487.420603677630424, 345972.304790019989014 ], [ 7483517.045931756496429, 346039.773622050881386 ], [ 7483544.046259835362434, 346100.179790019989014 ], [ 7483568.421587929129601, 346158.117125988006592 ], [ 7483598.172244101762772, 346226.336286082863808 ], [ 7483632.172572180628777, 346304.554790019989014 ], [ 7483655.423228353261948, 346361.460958003997803 ] ] ] } },
{ "type": "Feature", "properties": { "FULLNAME": "NW 9TH ST", "BIKE_FAC": "Bike Lane" }, "geometry": { "type": "MultiLineString", "coordinates": [ [ [ 7484359.934711292386055, 347987.179461941123009 ], [ 7484386.43503937125206, 348048.429461941123009 ], [ 7484421.560367450118065, 348127.39763779938221 ], [ 7484453.686351701617241, 348201.616797894239426 ], [ 7484485.186679795384407, 348272.27263779938221 ], [ 7484522.812007874250412, 348358.52263779938221 ], [ 7484553.687664046883583, 348431.52263779938221 ] ] ] } },
{ "type": "Feature", "properties": { "FULLNAME": "SW BROOKLANE DR", "BIKE_FAC": "Bike Lane" }, "geometry": { "type": "MultiLineString", "coordinates": [ [ [ 7475987.318897634744644, 331226.248687669634819 ], [ 7475978.94422572851181, 331216.373687669634819 ], [ 7475962.318241477012634, 331190.623687669634819 ], [ 7475943.568569555878639, 331166.248687669634819 ], [ 7475915.318241477012634, 331126.561023622751236 ], [ 7475885.942913383245468, 331086.936351701617241 ], [ 7475859.567585304379463, 331050.873687669634819 ], [ 7475834.942585304379463, 331017.311679795384407 ], [ 7475811.317257210612297, 330984.186351701617241 ], [ 7475807.567585304379463, 330979.249015748500824 ] ] ] } },
{ "type": "Feature", "properties": { "FULLNAME": "SW BROOKLANE DR", "BIKE_FAC": "Bike Lane" }, "geometry": { "type": "MultiLineString", "coordinates": [ [ [ 7475807.567585304379463, 330979.249015748500824 ], [ 7475792.191929131746292, 330958.749015748500824 ], [ 7475770.191929131746292, 330928.342847764492035 ], [ 7475740.441601052880287, 330896.467847764492035 ], [ 7475706.441929131746292, 330868.624343827366829 ], [ 7475671.316601052880287, 330837.218175858259201 ], [ 7475642.941601052880287, 330811.842847764492035 ], [ 7475639.566601052880287, 330804.967847764492035 ] ] ] } },
{ "type": "Feature", "properties": { "FULLNAME": "SW BROOKLANE DR", "BIKE_FAC": "Bike Lane" }, "geometry": { "type": "MultiLineString", "coordinates": [ [ [ 7475639.566601052880287, 330804.967847764492035 ], [ 7475624.315944880247116, 330774.155511811375618 ], [ 7475616.941272959113121, 330762.967847764492035 ], [ 7475605.690944880247116, 330747.249671921133995 ], [ 7475593.815616801381111, 330731.999015748500824 ], [ 7475581.440616801381111, 330717.249343827366829 ], [ 7475567.690944880247116, 330702.342847764492035 ], [ 7475551.190616801381111, 330685.999671921133995 ], [ 7475534.190616801381111, 330670.249343827366829 ], [ 7475516.690616801381111, 330655.062007874250412 ], [ 7475498.565288707613945, 330640.468175858259201 ], [ 7475480.06496062874794, 330626.530511811375618 ], [ 7475442.18996062874794, 330598.843175858259201 ], [ 7475402.81496062874794, 330568.655839890241623 ], [ 7475363.93996062874794, 330537.843832015991211 ], [ 7475324.939304456114769, 330506.968503937125206 ] ] ] } },
{ "type": "Feature", "properties": { "FULLNAME": "SW BROOKLANE DR", "BIKE_FAC": "Bike Lane" }, "geometry": { "type": "MultiLineString", "coordinates": [ [ [ 7475324.939304456114769, 330506.968503937125206 ], [ 7475287.939304456114769, 330463.374671921133995 ], [ 7475245.563976377248764, 330418.593503937125206 ], [ 7475231.688976377248764, 330406.062335953116417 ], [ 7475212.813976377248764, 330389.937335953116417 ], [ 7475193.438976377248764, 330374.437664046883583 ], [ 7475173.688976377248764, 330359.562664046883583 ], [ 7475153.313976377248764, 330345.312664046883583 ], [ 7475139.063320204615593, 330336.531167984008789 ], [ 7475116.688648298382759, 330323.562992125749588 ], [ 7475094.063648298382759, 330311.312664046883583 ], [ 7475070.938648298382759, 330299.719160109758377 ], [ 7475047.563320204615593, 330288.875328078866005 ], [ 7475042.563648298382759, 330286.812992125749588 ], [ 7475022.313648298382759, 330278.906824141740799 ], [ 7475001.813648298382759, 330271.750656172633171 ], [ 7474981.062992125749588, 330265.344488188624382 ], [ 7474960.063648298382759, 330259.688320204615593 ], [ 7474938.938320204615593, 330254.781824141740799 ], [ 7474917.563648298382759, 330250.657152235507965 ], [ 7474910.688320204615593, 330249.437992125749588 ], [ 7474889.313320204615593, 330246.157152235507965 ], [ 7474867.813320204615593, 330243.625656172633171 ], [ 7474846.188648298382759, 330241.906824141740799 ], [ 7474824.438320204615593, 330240.969816267490387 ], [ 7474802.813648298382759, 330240.813320204615593 ], [ 7474781.188648298382759, 330241.438648298382759 ], [ 7474757.313648298382759, 330242.126312330365181 ] ] ] } },
{ "type": "Feature", "properties": { "FULLNAME": "NW BUCHANAN AVE", "BIKE_FAC": "Bike Lane" }, "geometry": { "type": "MultiLineString", "coordinates": [ [ [ 7483392.706364825367928, 343282.133858263492584 ], [ 7483381.953412070870399, 343289.614173233509064 ], [ 7483372.252296581864357, 343295.925524935126305 ], [ 7483360.915026247501373, 343302.003280833363533 ], [ 7483350.629593178629875, 343306.795275583863258 ], [ 7483340.110564306378365, 343311.119750648736954 ], [ 7483304.345472440123558, 343326.547900259494781 ], [ 7483260.515748038887978, 343345.365485563874245 ], [ 7483239.828083992004395, 343354.131561681628227 ], [ 7483215.867782145738602, 343364.41666667163372 ], [ 7483179.284776896238327, 343380.429133862257004 ], [ 7483150.122703418135643, 343393.258530184626579 ], [ 7483106.614829391241074, 343412.133530184626579 ], [ 7483076.223097115755081, 343425.56988188624382 ], [ 7483028.026574805378914, 343445.178805768489838 ], [ 7482983.768700793385506, 343465.558727040886879 ], [ 7482952.897309705615044, 343478.834973752498627 ], [ 7482918.826443567872047, 343493.871062994003296 ], [ 7482883.956364825367928, 343509.22670604288578 ], [ 7482852.604986876249313, 343522.183070868253708 ], [ 7482837.702099740505219, 343527.778871387243271 ], [ 7482824.97670604288578, 343532.10662730038166 ], [ 7482811.928477689623833, 343535.788713917136192 ], [ 7482798.750984251499176, 343538.566272959113121 ], [ 7482785.896653547883034, 343540.633202105760574 ], [ 7482779.702755898237228, 343541.318569555878639 ], [ 7482774.52755905687809, 343541.854002624750137 ], [ 7482757.708661422133446, 343543.638451442122459 ], [ 7482741.057086616754532, 343546.16174541413784 ], [ 7482724.614829391241074, 343549.583005249500275 ], [ 7482709.142388448119164, 343553.412729665637016 ], [ 7482694.248359575867653, 343558.493110239505768 ], [ 7482680.012467190623283, 343563.611548557877541 ], [ 7482669.295275583863258, 343567.930446192622185 ], [ 7482630.106299206614494, 343583.766076117753983 ], [ 7482590.597112864255905, 343599.921587929129601 ], [ 7482560.845144361257553, 343611.758530184626579 ], [ 7482531.253280833363533, 343623.915026247501373 ], [ 7482511.898622050881386, 343630.793307080864906 ], [ 7482503.028871387243271, 343632.617782145738602 ], [ 7482467.494750648736954, 343634.28740157186985 ] ] ] } },
{ "type": "Feature", "properties": { "FULLNAME": "NW BUCHANAN AVE", "BIKE_FAC": "Bike Lane" }, "geometry": { "type": "MultiLineString", "coordinates": [ [ [ 7482467.494750648736954, 343634.28740157186985 ], [ 7482427.403871387243271, 343640.93011811375618 ], [ 7482363.404527559876442, 343665.993110239505768 ], [ 7482278.029855638742447, 343703.243110239505768 ], [ 7482231.530183732509613, 343723.524934381246567 ], [ 7482183.905183732509613, 343744.337270334362984 ], [ 7482145.905183732509613, 343762.931102365255356 ] ] ] } },
{ "type": "Feature", "properties": { "FULLNAME": "NW BUCHANAN AVE", "BIKE_FAC": "Bike Lane" }, "geometry": { "type": "MultiLineString", "coordinates": [ [ [ 7482145.905183732509613, 343762.931102365255356 ], [ 7482103.655511811375618, 343778.618766397237778 ], [ 7482048.780839890241623, 343802.650590553879738 ], [ 7481990.656167984008789, 343829.650262460112572 ], [ 7481939.156496062874794, 343851.96325458586216 ], [ 7481898.406824141740799, 343870.58825458586216 ], [ 7481881.282152235507965, 343878.119750648736954 ], [ 7481873.282152235507965, 343881.025918632745743 ], [ 7481865.031824141740799, 343883.182086616754532 ], [ 7481855.532152235507965, 343884.650918632745743 ] ] ] } },
{ "type": "Feature", "properties": { "FULLNAME": "SW E AVE", "BIKE_FAC": "Neighborhood Bikeway" }, "geometry": { "type": "MultiLineString", "coordinates": [ [ [ 7480093.98162730038166, 337057.492782145738602 ], [ 7480037.35662730038166, 337064.274278208613396 ], [ 7479968.73162730038166, 337074.368438318371773 ], [ 7479913.48228345811367, 337084.368110239505768 ], [ 7479863.482611551880836, 337090.931102365255356 ], [ 7479817.48228345811367, 337097.806102365255356 ] ] ] } },
{ "type": "Feature", "properties": { "FULLNAME": "SW E AVE", "BIKE_FAC": "Neighborhood Bikeway" }, "geometry": { "type": "MultiLineString", "coordinates": [ [ [ 7479170.109580054879189, 337171.151902884244919 ], [ 7479199.859251961112022, 337169.214238852262497 ], [ 7479259.609251961112022, 337166.901574805378914 ], [ 7479309.983923882246017, 337163.308070868253708 ], [ 7479360.358923882246017, 337158.932414695620537 ], [ 7479364.483595803380013, 337158.557414695620537 ], [ 7479403.608595803380013, 337155.651574805378914 ], [ 7479429.358595803380013, 337153.963910758495331 ], [ 7479454.983923882246017, 337151.526246726512909 ], [ 7479480.483267709612846, 337148.276246726512909 ], [ 7479501.233267709612846, 337145.057086616754532 ], [ 7479550.482939630746841, 337136.807086616754532 ], [ 7479560.858267709612846, 337135.46325458586216 ], [ 7479616.858267709612846, 337128.212926506996155 ], [ 7479688.482939630746841, 337115.900262460112572 ], [ 7479754.107611551880836, 337106.181430444121361 ], [ 7479817.48228345811367, 337097.806102365255356 ] ] ] } },
{ "type": "Feature", "properties": { "FULLNAME": "NW GLENRIDGE DR", "BIKE_FAC": "Bike Lane" }, "geometry": { "type": "MultiLineString", "coordinates": [ [ [ 7472037.746719166636467, 352836.247375324368477 ], [ 7472038.121391072869301, 352849.872375324368477 ], [ 7472038.497047245502472, 352872.216535434126854 ], [ 7472039.372375324368477, 352911.778543308377266 ], [ 7472040.122375324368477, 352943.966207355260849 ], [ 7472040.872703418135643, 352977.091535434126854 ], [ 7472041.372703418135643, 353013.247375324368477 ], [ 7472042.498031497001648, 353053.93503937125206 ], [ 7472043.874015748500824, 353111.56003937125206 ], [ 7472043.998687669634819, 353151.653871387243271 ], [ 7472044.124343827366829, 353164.528871387243271 ], [ 7472044.999343827366829, 353177.372703418135643 ], [ 7472046.624343827366829, 353190.154199481010437 ] ] ] } },
{ "type": "Feature", "properties": { "FULLNAME": "NW 9TH ST", "BIKE_FAC": "Bike Lane" }, "geometry": { "type": "MultiLineString", "coordinates": [ [ [ 7484553.687664046883583, 348431.52263779938221 ], [ 7484595.313320204615593, 348512.991797894239426 ], [ 7484632.688648298382759, 348600.991469815373421 ], [ 7484670.689304456114769, 348683.366797894239426 ], [ 7484696.06496062874794, 348741.02263779938221 ], [ 7484721.940616801381111, 348800.179133862257004 ], [ 7484747.565616801381111, 348858.460629925131798 ], [ 7484765.316272959113121, 348900.616797894239426 ] ] ] } },
{ "type": "Feature", "properties": { "FULLNAME": "NW 9TH ST", "BIKE_FAC": "Bike Lane" }, "geometry": { "type": "MultiLineString", "coordinates": [ [ [ 7484765.316272959113121, 348900.616797894239426 ], [ 7484780.441272959113121, 348936.616469815373421 ], [ 7484811.566601052880287, 349005.866469815373421 ], [ 7484843.692257210612297, 349079.616469815373421 ], [ 7484872.067585304379463, 349142.959973752498627 ], [ 7484900.193241477012634, 349208.77263779938221 ], [ 7484928.068569555878639, 349271.929133862257004 ] ] ] } },
{ "type": "Feature", "properties": { "FULLNAME": "NW 9TH ST", "BIKE_FAC": "Bike Lane" }, "geometry": { "type": "MultiLineString", "coordinates": [ [ [ 7484928.068569555878639, 349271.929133862257004 ], [ 7484932.318897634744644, 349281.835301831364632 ], [ 7484966.31922572851181, 349358.39763779938221 ], [ 7484996.06988188624382, 349428.991141736507416 ], [ 7485029.070538058876991, 349504.116469815373421 ], [ 7485061.945866137742996, 349580.554133862257004 ], [ 7485067.570866137742996, 349593.241469815373421 ] ] ] } },
{ "type": "Feature", "properties": { "FULLNAME": "NW 9TH ST", "BIKE_FAC": "Bike Lane" }, "geometry": { "type": "MultiLineString", "coordinates": [ [ [ 7485067.570866137742996, 349593.241469815373421 ], [ 7485092.696194231510162, 349649.428805768489838 ], [ 7485133.447178483009338, 349742.429133862257004 ], [ 7485167.197834640741348, 349822.084973752498627 ], [ 7485199.698162734508514, 349895.709973752498627 ], [ 7485229.698818892240524, 349965.522309705615044 ], [ 7485241.198818892240524, 349990.928805768489838 ] ] ] } },
{ "type": "Feature", "properties": { "FULLNAME": "NW 9TH ST", "BIKE_FAC": "Bike Lane" }, "geometry": { "type": "MultiLineString", "coordinates": [ [ [ 7485241.198818892240524, 349990.928805768489838 ], [ 7485261.57414698600769, 350036.397309705615044 ], [ 7485303.075131237506866, 350133.147309705615044 ], [ 7485339.575459316372871, 350215.678805768489838 ], [ 7485364.700787395238876, 350274.459973752498627 ] ] ] } },
{ "type": "Feature", "properties": { "FULLNAME": "NW 9TH ST", "BIKE_FAC": "Bike Lane" }, "geometry": { "type": "MultiLineString", "coordinates": [ [ [ 7485364.700787395238876, 350274.459973752498627 ], [ 7485388.451443567872047, 350330.52263779938221 ], [ 7485429.952099740505219, 350426.053477689623833 ], [ 7485472.327755898237228, 350521.147309705615044 ], [ 7485510.828083992004395, 350610.991141736507416 ], [ 7485542.454068243503571, 350681.116141736507416 ] ] ] } },
{ "type": "Feature", "properties": { "FULLNAME": "NW 9TH ST", "BIKE_FAC": "Bike Lane" }, "geometry": { "type": "MultiLineString", "coordinates": [ [ [ 7485542.454068243503571, 350681.116141736507416 ], [ 7485560.453740164637566, 350720.959973752498627 ], [ 7485602.579724416136742, 350815.77263779938221 ], [ 7485643.330708667635918, 350908.709645673632622 ], [ 7485662.956036746501923, 350954.428149610757828 ] ] ] } },
{ "type": "Feature", "properties": { "FULLNAME": "NW 9TH ST", "BIKE_FAC": "Bike Lane" }, "geometry": { "type": "MultiLineString", "coordinates": [ [ [ 7485662.956036746501923, 350954.428149610757828 ], [ 7485670.456364825367928, 350972.11581364274025 ], [ 7485723.70767717063427, 351089.740485563874245 ], [ 7485753.958005249500275, 351153.646981626749039 ], [ 7485787.958989500999451, 351232.583989500999451 ] ] ] } },
{ "type": "Feature", "properties": { "FULLNAME": "NW 9TH ST", "BIKE_FAC": "Bike Lane" }, "geometry": { "type": "MultiLineString", "coordinates": [ [ [ 7485787.958989500999451, 351232.583989500999451 ], [ 7485793.833989500999451, 351246.303149610757828 ], [ 7485816.709645673632622, 351304.021981626749039 ] ] ] } },
{ "type": "Feature", "properties": { "FULLNAME": "NW 9TH ST", "BIKE_FAC": "Bike Lane" }, "geometry": { "type": "MultiLineString", "coordinates": [ [ [ 7485816.709645673632622, 351304.021981626749039 ], [ 7485830.584973752498627, 351338.740485563874245 ], [ 7485849.710301831364632, 351385.927821516990662 ], [ 7485878.460958003997803, 351452.052821516990662 ], [ 7485905.211286082863808, 351508.146653547883034 ], [ 7485927.962270334362984, 351555.052493438124657 ], [ 7485948.087270334362984, 351592.74015748500824 ], [ 7485955.58759842813015, 351609.521653547883034 ] ] ] } },
{ "type": "Feature", "properties": { "FULLNAME": "NW 9TH ST", "BIKE_FAC": "Bike Lane" }, "geometry": { "type": "MultiLineString", "coordinates": [ [ [ 7486088.013779520988464, 351904.98228345811367 ], [ 7486101.340223103761673, 351934.052165359258652 ], [ 7486117.715551182627678, 351971.427165359258652 ], [ 7486131.966207355260849, 352002.45833332836628 ], [ 7486150.466535434126854, 352043.489501312375069 ], [ 7486166.841863512992859, 352080.427165359258652 ], [ 7486183.967191606760025, 352119.708661422133446 ], [ 7486200.967191606760025, 352157.45833332836628 ], [ 7486219.717847764492035, 352198.270669296383858 ], [ 7486237.468175858259201, 352238.676837265491486 ], [ 7486255.593503937125206, 352278.895997375249863 ], [ 7486272.594160109758377, 352317.895669296383858 ], [ 7486284.343832015991211, 352343.426837265491486 ], [ 7486289.094160109758377, 352356.645669296383858 ], [ 7486292.469160109758377, 352368.302165359258652 ], [ 7486295.094488188624382, 352380.176837265491486 ], [ 7486297.094816267490387, 352392.614173233509064 ], [ 7486298.219488188624382, 352405.145997375249863 ], [ 7486298.594816267490387, 352417.739829391241074 ], [ 7486298.219488188624382, 352430.33333332836628 ], [ 7486296.969816267490387, 352442.864501312375069 ], [ 7486293.220472440123558, 352476.927165359258652 ], [ 7486288.220144361257553, 352493.833661422133446 ], [ 7486283.095800518989563, 352507.302165359258652 ], [ 7486275.345472440123558, 352527.395997375249863 ], [ 7486270.470800518989563, 352546.395997375249863 ], [ 7486269.470800518989563, 352560.70833332836628 ] ] ] } },
{ "type": "Feature", "properties": { "FULLNAME": "STATE HWY 99W", "BIKE_FAC": "Bike Lane" }, "geometry": { "type": "MultiLineString", "coordinates": [ [ [ 7486020.585629925131798, 351303.708661422133446 ], [ 7486044.085958003997803, 351379.239173233509064 ], [ 7486067.961286082863808, 351448.520669296383858 ], [ 7486088.587270334362984, 351506.145669296383858 ], [ 7486108.33759842813015, 351562.270669296383858 ], [ 7486132.46325458586216, 351627.83333332836628 ], [ 7486150.588582679629326, 351675.051837265491486 ], [ 7486173.214238852262497, 351738.145669296383858 ], [ 7486189.839566931128502, 351787.739501312375069 ], [ 7486207.215223103761673, 351839.989173233509064 ], [ 7486227.215223103761673, 351902.708005249500275 ], [ 7486243.966207355260849, 351953.645341202616692 ], [ 7486259.841535434126854, 352003.645341202616692 ], [ 7486274.466863512992859, 352049.926509186625481 ], [ 7486289.217191606760025, 352098.114501312375069 ], [ 7486303.46751968562603, 352143.114173233509064 ], [ 7486317.968175858259201, 352190.114173233509064 ], [ 7486332.718832015991211, 352236.364173233509064 ], [ 7486346.344160109758377, 352283.614173233509064 ], [ 7486362.844160109758377, 352338.176837265491486 ], [ 7486384.595144361257553, 352411.863845139741898 ], [ 7486401.845472440123558, 352473.426837265491486 ], [ 7486409.970800518989563, 352502.395341202616692 ] ] ] } },
{ "type": "Feature", "properties": { "FULLNAME": "NE CONIFER BLVD", "BIKE_FAC": "Bike Lane" }, "geometry": { "type": "MultiLineString", "coordinates": [ [ [ 7485816.709645673632622, 351304.021981626749039 ], [ 7485855.834645673632622, 351304.427821516990662 ], [ 7485894.210301831364632, 351304.208661422133446 ], [ 7485944.959973752498627, 351303.802165359258652 ], [ 7485969.084973752498627, 351304.020997375249863 ], [ 7485985.585301831364632, 351303.864829391241074 ], [ 7486010.085629925131798, 351303.739829391241074 ], [ 7486020.585629925131798, 351303.708661422133446 ] ] ] } },
{ "type": "Feature", "properties": { "FULLNAME": "STATE HWY 99W", "BIKE_FAC": "Bike Lane" }, "geometry": { "type": "MultiLineString", "coordinates": [ [ [ 7485605.949475064873695, 350141.584317579865456 ], [ 7485620.6998031437397, 350186.396653547883034 ], [ 7485644.825787395238876, 350254.833989500999451 ], [ 7485686.951443567872047, 350373.771653547883034 ], [ 7485725.578083992004395, 350479.99015748500824 ], [ 7485766.453740164637566, 350587.74015748500824 ], [ 7485798.954724416136742, 350676.614829391241074 ], [ 7485834.080380573868752, 350772.646325454115868 ], [ 7485868.456692919135094, 350865.208661422133446 ], [ 7485899.207349076867104, 350950.802165359258652 ], [ 7485926.583005249500275, 351019.114829391241074 ], [ 7485948.58333332836628, 351070.270997375249863 ], [ 7485976.709317579865456, 351144.33333332836628 ], [ 7485999.084645673632622, 351219.333661422133446 ], [ 7486020.585629925131798, 351303.708661422133446 ] ] ] } },
{ "type": "Feature", "properties": { "FULLNAME": "NW WALNUT BLVD", "BIKE_FAC": "Bike Lane" }, "geometry": { "type": "MultiLineString", "coordinates": [ [ [ 7485364.700787395238876, 350274.459973752498627 ], [ 7485414.200459316372871, 350249.741141736507416 ], [ 7485489.8248031437397, 350205.678477689623833 ], [ 7485558.949475064873695, 350165.86581364274025 ], [ 7485605.949475064873695, 350141.584317579865456 ] ] ] } },
{ "type": "Feature", "properties": { "FULLNAME": "STATE HWY 99W", "BIKE_FAC": "Bike Lane" }, "geometry": { "type": "MultiLineString", "coordinates": [ [ [ 7484986.812007874250412, 348417.115485563874245 ], [ 7485009.062664046883583, 348488.084317579865456 ], [ 7485038.062664046883583, 348570.553149610757828 ], [ 7485062.563320204615593, 348641.396653547883034 ], [ 7485117.314632549881935, 348792.396653547883034 ], [ 7485154.315288707613945, 348893.99015748500824 ], [ 7485190.565944880247116, 348993.177821516990662 ], [ 7485225.316601052880287, 349091.083989500999451 ], [ 7485263.817257210612297, 349197.178477689623833 ], [ 7485300.067913383245468, 349295.896981626749039 ], [ 7485336.693897634744644, 349397.303149610757828 ], [ 7485373.694553807377815, 349494.459317579865456 ], [ 7485408.31988188624382, 349590.11581364274025 ], [ 7485439.195866137742996, 349677.24081364274025 ], [ 7485483.321850389242172, 349791.86581364274025 ], [ 7485513.947178483009338, 349879.084317579865456 ], [ 7485550.947834640741348, 349980.802821516990662 ], [ 7485587.82414698600769, 350086.896653547883034 ], [ 7485605.949475064873695, 350141.584317579865456 ] ] ] } },
{ "type": "Feature", "properties": { "FULLNAME": "STATE HWY 99W", "BIKE_FAC": "Bike Lane" }, "geometry": { "type": "MultiLineString", "coordinates": [ [ [ 7483631.281824141740799, 344286.86515748500824 ], [ 7483631.220144361257553, 344287.070866137742996 ], [ 7483629.157152235507965, 344293.958989500999451 ], [ 7483601.40748031437397, 344366.708989500999451 ], [ 7483591.282808393239975, 344394.584317579865456 ], [ 7483579.407808393239975, 344429.271981626749039 ], [ 7483568.408136487007141, 344464.240485563874245 ], [ 7483558.033464565873146, 344499.428149610757828 ], [ 7483548.533792644739151, 344534.803149610757828 ], [ 7483543.659120738506317, 344553.74081364274025 ], [ 7483535.159448817372322, 344589.834645673632622 ], [ 7483527.284776896238327, 344626.084645673632622 ], [ 7483520.284776896238327, 344662.522309705615044 ], [ 7483513.910433068871498, 344699.084645673632622 ], [ 7483511.785104990005493, 344712.209645673632622 ], [ 7483507.535433068871498, 344742.02263779938221 ], [ 7483504.036089241504669, 344771.928477689623833 ], [ 7483501.286089241504669, 344801.897309705615044 ], [ 7483499.286089241504669, 344831.959973752498627 ], [ 7483498.16174541413784, 344862.053805768489838 ], [ 7483498.036417320370674, 344866.11581364274025 ], [ 7483497.536417320370674, 344897.366469815373421 ], [ 7483497.912073493003845, 344928.64763779938221 ], [ 7483499.03740157186985, 344959.897309705615044 ], [ 7483500.912729665637016, 344991.116141736507416 ], [ 7483503.537729665637016, 345022.272309705615044 ], [ 7483504.788057744503021, 345037.366141736507416 ], [ 7483507.662729665637016, 345066.647309705615044 ], [ 7483511.413385823369026, 345095.803805768489838 ], [ 7483515.788385823369026, 345124.866469815373421 ], [ 7483521.039041996002197, 345153.803477689623833 ], [ 7483527.039041996002197, 345182.616469815373421 ], [ 7483533.039370074868202, 345210.459973752498627 ], [ 7483540.289698168635368, 345240.960301831364632 ], [ 7483548.289698168635368, 345271.272965878248215 ], [ 7483557.039698168635368, 345301.397965878248215 ], [ 7483566.540026247501373, 345331.27263779938221 ], [ 7483576.790026247501373, 345360.897965878248215 ], [ 7483582.915682420134544, 345377.27263779938221 ], [ 7483596.290682420134544, 345411.835301831364632 ], [ 7483610.415682420134544, 345446.084973752498627 ], [ 7483625.291338577866554, 345480.02263779938221 ], [ 7483632.041338577866554, 345494.928805768489838 ], [ 7483647.91666667163372, 345528.64763779938221 ], [ 7483664.541994750499725, 345561.991469815373421 ], [ 7483681.791994750499725, 345594.991469815373421 ], [ 7483693.79232282936573, 345617.866141736507416 ], [ 7483719.54232282936573, 345665.929133862257004 ], [ 7483746.042979001998901, 345713.616141736507416 ], [ 7483784.793307080864906, 345782.428477689623833 ], [ 7483824.918635174632072, 345851.89763779938221 ], [ 7483856.669291332364082, 345907.428805768489838 ], [ 7483900.544619426131248, 345983.709973752498627 ], [ 7483941.170275583863258, 346052.803477689623833 ], [ 7483980.920275583863258, 346122.116141736507416 ], [ 7484020.295931756496429, 346191.178477689623833 ], [ 7484060.296259835362434, 346261.334973752498627 ], [ 7484098.172244101762772, 346327.334645673632622 ], [ 7484138.797900259494781, 346399.021981626749039 ], [ 7484177.422900259494781, 346466.396981626749039 ], [ 7484218.173556432127953, 346538.897309705615044 ], [ 7484261.298884510993958, 346616.084317579865456 ], [ 7484299.924540683627129, 346686.959645673632622 ], [ 7484337.1751968562603, 346758.365485563874245 ], [ 7484373.5501968562603, 346829.24081364274025 ], [ 7484394.67585301399231, 346871.146981626749039 ], [ 7484415.05085301399231, 346913.397309705615044 ], [ 7484434.801181107759476, 346955.990485563874245 ], [ 7484443.301509186625481, 346975.11581364274025 ], [ 7484476.676509186625481, 347047.74081364274025 ], [ 7484509.052493438124657, 347121.427821516990662 ], [ 7484540.427821516990662, 347195.709317579865456 ], [ 7484570.928805768489838, 347270.552821516990662 ], [ 7484600.178805768489838, 347345.302821516990662 ], [ 7484628.679790019989014, 347420.209645673632622 ], [ 7484654.18011811375618, 347489.990485563874245 ], [ 7484674.430446192622185, 347544.928149610757828 ], [ 7484696.556102365255356, 347609.584645673632622 ], [ 7484725.806758522987366, 347692.396981626749039 ], [ 7484753.307414695620537, 347776.865485563874245 ], [ 7484792.808070868253708, 347885.958989500999451 ], [ 7484831.808727040886879, 347990.771653547883034 ], [ 7484871.684711292386055, 348100.396981626749039 ], [ 7484902.06003937125206, 348183.427821516990662 ], [ 7484934.060695543885231, 348271.959317579865456 ], [ 7484969.436351701617241, 348369.896653547883034 ], [ 7484986.812007874250412, 348417.115485563874245 ] ] ] } },
{ "type": "Feature", "properties": { "FULLNAME": "NE CONSER ST", "BIKE_FAC": "Bike Lane" }, "geometry": { "type": "MultiLineString", "coordinates": [ [ [ 7490074.231955379247665, 351420.902230978012085 ], [ 7490084.996062994003296, 351431.752952754497528 ], [ 7490118.056430444121361, 351462.459645673632622 ], [ 7490154.191601052880287, 351498.171916007995605 ], [ 7490163.479658797383308, 351506.85236220061779 ], [ 7490176.587270334362984, 351519.35236220061779 ], [ 7490191.691601052880287, 351533.328083992004395 ] ] ] } },
{ "type": "Feature", "properties": { "FULLNAME": "NE CONSER ST", "BIKE_FAC": "Bike Lane" }, "geometry": { "type": "MultiLineString", "coordinates": [ [ [ 7489892.710301831364632, 351269.745406821370125 ], [ 7489899.338910758495331, 351273.089895009994507 ], [ 7489914.463910758495331, 351280.589566931128502 ], [ 7489929.213910758495331, 351288.776902884244919 ], [ 7489943.068897634744644, 351297.811679795384407 ], [ 7489955.655839890241623, 351307.056430444121361 ], [ 7489966.983923882246017, 351316.735564306378365 ], [ 7489976.098425194621086, 351324.981955379247665 ], [ 7489987.469816267490387, 351334.964566931128502 ], [ 7489998.320538058876991, 351345.554790019989014 ], [ 7490006.046259835362434, 351353.454068243503571 ], [ 7490041.853674545884132, 351388.306430444121361 ], [ 7490074.231955379247665, 351420.902230978012085 ] ] ] } },
{ "type": "Feature", "properties": { "FULLNAME": "NE CONSER ST", "BIKE_FAC": "Bike Lane" }, "geometry": { "type": "MultiLineString", "coordinates": [ [ [ 7489876.59251968562603, 351263.178477689623833 ], [ 7489884.909120738506317, 351266.465879261493683 ], [ 7489892.710301831364632, 351269.745406821370125 ] ] ] } },
{ "type": "Feature", "properties": { "FULLNAME": "NE CONSER ST", "BIKE_FAC": "Bike Lane" }, "geometry": { "type": "MultiLineString", "coordinates": [ [ [ 7489626.709645673632622, 351221.955052495002747 ], [ 7489671.19914698600769, 351227.856299206614494 ], [ 7489746.937007874250412, 351238.099409446120262 ], [ 7489798.616797894239426, 351245.381889760494232 ], [ 7489819.064304456114769, 351248.711942255496979 ], [ 7489836.610564306378365, 351252.342191606760025 ], [ 7489851.534776896238327, 351255.921916007995605 ], [ 7489868.022309705615044, 351260.358923882246017 ], [ 7489876.59251968562603, 351263.178477689623833 ] ] ] } },
{ "type": "Feature", "properties": { "FULLNAME": "NE CONSER ST", "BIKE_FAC": "Bike Lane" }, "geometry": { "type": "MultiLineString", "coordinates": [ [ [ 7489471.222769021987915, 351192.830052495002747 ], [ 7489489.305446192622185, 351199.931758522987366 ], [ 7489502.68077427148819, 351203.994422569870949 ], [ 7489516.306102365255356, 351207.306430444121361 ], [ 7489528.603018373250961, 351209.415354326367378 ], [ 7489541.797572180628777, 351211.325131237506866 ], [ 7489598.308070868253708, 351218.529855638742447 ], [ 7489626.709645673632622, 351221.955052495002747 ] ] ] } },
{ "type": "Feature", "properties": { "FULLNAME": "NE CONSER ST", "BIKE_FAC": "Bike Lane" }, "geometry": { "type": "MultiLineString", "coordinates": [ [ [ 7489332.22670604288578, 350951.813648298382759 ], [ 7489338.519028872251511, 350978.730971127748489 ], [ 7489355.811351701617241, 351050.744422569870949 ], [ 7489361.614501312375069, 351069.777887135744095 ], [ 7489365.755905508995056, 351081.681102365255356 ], [ 7489370.309055119752884, 351092.438320204615593 ], [ 7489375.309055119752884, 351103.376312330365181 ], [ 7489381.380905508995056, 351114.666994750499725 ], [ 7489387.457349076867104, 351124.215551182627678 ], [ 7489394.31496062874794, 351133.373687669634819 ], [ 7489402.040682420134544, 351142.835629925131798 ], [ 7489410.200459316372871, 351151.168963253498077 ], [ 7489415.668963253498077, 351156.290354326367378 ], [ 7489423.48162730038166, 351163.061351701617241 ], [ 7489432.85662730038166, 351171.090879261493683 ], [ 7489442.869422569870949, 351177.492782145738602 ], [ 7489453.68996062874794, 351183.76410761475563 ], [ 7489464.801181107759476, 351189.753937005996704 ], [ 7489471.222769021987915, 351192.830052495002747 ] ] ] } },
{ "type": "Feature", "properties": { "FULLNAME": "NE CONSER ST", "BIKE_FAC": "Bike Lane" }, "geometry": { "type": "MultiLineString", "coordinates": [ [ [ 7489269.683727040886879, 350691.686679795384407 ], [ 7489281.232939630746841, 350741.563976377248764 ], [ 7489298.896325454115868, 350813.402230978012085 ], [ 7489315.474409446120262, 350882.971128612756729 ], [ 7489326.625328078866005, 350927.820866137742996 ], [ 7489332.22670604288578, 350951.813648298382759 ] ] ] } },
{ "type": "Feature", "properties": { "FULLNAME": "NE CONSER ST", "BIKE_FAC": "Bike Lane" }, "geometry": { "type": "MultiLineString", "coordinates": [ [ [ 7489210.211614176630974, 350449.484251961112022 ], [ 7489213.69422572851181, 350463.871062994003296 ], [ 7489220.24507874250412, 350491.15255905687809 ], [ 7489229.53248031437397, 350529.420931756496429 ], [ 7489239.648950129747391, 350572.333005249500275 ], [ 7489249.931102365255356, 350613.959645673632622 ], [ 7489263.488845139741898, 350669.144356951117516 ], [ 7489266.916010499000549, 350681.32414698600769 ], [ 7489269.683727040886879, 350691.686679795384407 ] ] ] } },
{ "type": "Feature", "properties": { "FULLNAME": "NE CONSER ST", "BIKE_FAC": "Bike Lane" }, "geometry": { "type": "MultiLineString", "coordinates": [ [ [ 7489111.113517060875893, 350253.289370074868202 ], [ 7489123.931430444121361, 350268.96325458586216 ], [ 7489142.754593178629875, 350292.513123363256454 ], [ 7489154.032152235507965, 350308.144028872251511 ], [ 7489164.108923882246017, 350323.660433068871498 ], [ 7489173.358595803380013, 350339.660433068871498 ], [ 7489180.484251961112022, 350353.128937005996704 ], [ 7489186.592191606760025, 350367.238845139741898 ], [ 7489192.21751968562603, 350381.363845139741898 ], [ 7489195.368766397237778, 350391.23162730038166 ], [ 7489203.660761147737503, 350421.871391072869301 ], [ 7489210.211614176630974, 350449.484251961112022 ] ] ] } },
{ "type": "Feature", "properties": { "FULLNAME": "NE CONSER ST", "BIKE_FAC": "Bike Lane" }, "geometry": { "type": "MultiLineString", "coordinates": [ [ [ 7488936.622047245502472, 350032.137139111757278 ], [ 7488955.494750648736954, 350055.68011811375618 ], [ 7488976.997047245502472, 350082.980971127748489 ], [ 7488999.75918635725975, 350111.879593178629875 ], [ 7489022.241797894239426, 350140.872375324368477 ], [ 7489045.991797894239426, 350170.06003937125206 ], [ 7489079.053149610757828, 350212.300524935126305 ], [ 7489100.427821516990662, 350239.55085301399231 ], [ 7489111.113517060875893, 350253.289370074868202 ] ] ] } },
{ "type": "Feature", "properties": { "FULLNAME": "NE CONSER ST", "BIKE_FAC": "Bike Lane" }, "geometry": { "type": "MultiLineString", "coordinates": [ [ [ 7488491.18996062874794, 349857.951771646738052 ], [ 7488518.150918632745743, 349856.65748031437397 ], [ 7488550.789698168635368, 349856.136482939124107 ], [ 7488589.722112864255905, 349855.268700793385506 ], [ 7488615.894028872251511, 349854.227034121751785 ], [ 7488641.753937005996704, 349853.698490813374519 ], [ 7488659.137795269489288, 349853.868110239505768 ], [ 7488676.09744094312191, 349854.80085301399231 ], [ 7488691.700459316372871, 349856.242454066872597 ], [ 7488706.184383198618889, 349859.105971127748489 ], [ 7488721.059055119752884, 349862.386482939124107 ], [ 7488735.718175858259201, 349866.424868762493134 ], [ 7488749.843503937125206, 349871.018700793385506 ], [ 7488763.822178483009338, 349876.170275583863258 ], [ 7488776.881233602762222, 349882.021325454115868 ], [ 7488790.025262460112572, 349888.635826766490936 ], [ 7488802.914698168635368, 349895.928477689623833 ], [ 7488815.720472440123558, 349903.923228353261948 ], [ 7488828.784448817372322, 349912.899606302380562 ], [ 7488841.762139111757278, 349923.193897634744644 ], [ 7488854.03248031437397, 349933.73162730038166 ], [ 7488865.782808393239975, 349945.512795269489288 ], [ 7488870.407808393239975, 349950.356299206614494 ], [ 7488888.116141736507416, 349971.059383198618889 ], [ 7488908.529527559876442, 349996.318897634744644 ], [ 7488936.622047245502472, 350032.137139111757278 ] ] ] } },
{ "type": "Feature", "properties": { "FULLNAME": "NW 11TH ST", "BIKE_FAC": "Neighborhood Bikeway" }, "geometry": { "type": "MultiLineString", "coordinates": [ [ [ 7482219.782152235507965, 346418.413713917136192 ], [ 7482218.486548557877541, 346386.485564306378365 ], [ 7482215.550524935126305, 346319.151902884244919 ], [ 7482211.674540683627129, 346210.371062994003296 ], [ 7482209.549540683627129, 346149.683070868253708 ], [ 7482207.673884510993958, 346097.339895009994507 ], [ 7482205.673556432127953, 346035.246062994003296 ], [ 7482203.798228353261948, 345983.214566931128502 ], [ 7482202.422244101762772, 345929.183070868253708 ], [ 7482200.172244101762772, 345866.433070868253708 ], [ 7482198.546259835362434, 345808.933070868253708 ], [ 7482196.296259835362434, 345757.620734915137291 ], [ 7482194.295931756496429, 345706.713910758495331 ], [ 7482192.545275583863258, 345650.62007874250412 ], [ 7482190.169619426131248, 345601.557742789387703 ], [ 7482188.794291332364082, 345560.870406821370125 ], [ 7482188.169291332364082, 345506.12007874250412 ], [ 7482186.293963253498077, 345451.620406821370125 ], [ 7482183.918307080864906, 345398.682742789387703 ], [ 7482182.042650923132896, 345344.870406821370125 ], [ 7482180.91732282936573, 345303.432742789387703 ], [ 7482178.791994750499725, 345247.901574805378914 ], [ 7482175.66666667163372, 345190.119750648736954 ], [ 7482175.541338577866554, 345171.713910758495331 ], [ 7482174.541338577866554, 345152.276246726512909 ] ] ] } },
{ "type": "Feature", "properties": { "FULLNAME": "NW SATINWOOD ST", "BIKE_FAC": "Bike Lane" }, "geometry": { "type": "MultiLineString", "coordinates": [ [ [ 7484079.018700793385506, 353209.596128612756729 ], [ 7484085.789370074868202, 353237.686351701617241 ], [ 7484094.209645673632622, 353271.019685044884682 ], [ 7484103.497703418135643, 353304.092847764492035 ], [ 7484113.480314955115318, 353336.297572180628777 ], [ 7484123.202427819371223, 353365.637795269489288 ], [ 7484133.185367450118065, 353393.762795269489288 ], [ 7484138.480314955115318, 353407.825459316372871 ], [ 7484152.28248031437397, 353442.026574805378914 ], [ 7484166.344816267490387, 353476.749015748500824 ], [ 7484180.06003937125206, 353506.783792644739151 ], [ 7484194.209645673632622, 353535.342847764492035 ], [ 7484205.494422569870949, 353558.953740164637566 ], [ 7484219.730314955115318, 353583.60662730038166 ], [ 7484233.966535434126854, 353610.082349076867104 ], [ 7484247.942257210612297, 353634.301181107759476 ], [ 7484257.837926506996155, 353650.707349076867104 ], [ 7484279.278871387243271, 353683.60662730038166 ], [ 7484300.719816267490387, 353717.460629925131798 ], [ 7484317.386482939124107, 353744.804461941123009 ] ] ] } },
{ "type": "Feature", "properties": { "FULLNAME": "NW SAMARITAN DR", "BIKE_FAC": "Bike Lane" }, "geometry": { "type": "MultiLineString", "coordinates": [ [ [ 7486146.346128612756729, 352613.646653547883034 ], [ 7486139.595800518989563, 352640.178149610757828 ], [ 7486134.596128612756729, 352668.459317579865456 ], [ 7486124.846784770488739, 352708.521981626749039 ], [ 7486114.221784770488739, 352748.178149610757828 ], [ 7486106.347112864255905, 352779.052821516990662 ], [ 7486103.472112864255905, 352793.49081364274025 ], [ 7486101.222112864255905, 352808.084317579865456 ], [ 7486099.847112864255905, 352822.772309705615044 ], [ 7486099.47244094312191, 352829.146981626749039 ], [ 7486098.47244094312191, 352863.896981626749039 ], [ 7486095.723097115755081, 352893.053477689623833 ], [ 7486098.098425194621086, 352942.271981626749039 ], [ 7486101.223425194621086, 353002.428149610757828 ], [ 7486102.724409446120262, 353044.365485563874245 ], [ 7486104.849409446120262, 353085.021981626749039 ], [ 7486106.850065618753433, 353125.366141736507416 ], [ 7486108.600065618753433, 353166.303477689623833 ], [ 7486109.975065618753433, 353198.771981626749039 ], [ 7486110.350393697619438, 353231.272309705615044 ], [ 7486110.350393697619438, 353246.709645673632622 ], [ 7486109.725721791386604, 353283.27263779938221 ], [ 7486108.226049870252609, 353319.803805768489838 ], [ 7486107.976377949118614, 353323.27263779938221 ], [ 7486105.47670604288578, 353357.710301831364632 ], [ 7486102.10170604288578, 353392.084973752498627 ], [ 7486100.10170604288578, 353409.241469815373421 ], [ 7486092.72736220061779, 353463.741141736507416 ], [ 7486085.352690294384956, 353503.928805768489838 ], [ 7486077.227690294384956, 353543.335301831364632 ], [ 7486068.478018373250961, 353581.64763779938221 ], [ 7486058.353346452116966, 353620.429133862257004 ], [ 7486046.853674545884132, 353658.772965878248215 ], [ 7486035.104002624750137, 353696.179133862257004 ], [ 7486021.979330703616142, 353736.304461941123009 ], [ 7486009.729658797383308, 353772.835629925131798 ], [ 7485996.729330703616142, 353810.429790019989014 ], [ 7485987.729986876249313, 353838.492125988006592 ], [ 7485978.104986876249313, 353866.148622050881386 ], [ 7485969.729986876249313, 353887.210958003997803 ], [ 7485960.480643048882484, 353907.961286082863808 ], [ 7485951.980314955115318, 353925.55511811375618 ], [ 7485942.855314955115318, 353942.898622050881386 ], [ 7485932.980314955115318, 353959.867782145738602 ], [ 7485922.480643048882484, 353976.429790019989014 ], [ 7485912.855643048882484, 353990.398950129747391 ], [ 7485900.605643048882484, 354007.023950129747391 ], [ 7485887.855643048882484, 354023.18011811375618 ], [ 7485874.355971127748489, 354038.836614176630974 ], [ 7485860.355643048882484, 354053.961614176630974 ], [ 7485845.730971127748489, 354068.524278208613396 ], [ 7485830.480971127748489, 354082.524606302380562 ], [ 7485814.855971127748489, 354095.93077427148819 ], [ 7485802.856299206614494, 354105.493438318371773 ], [ 7485787.230971127748489, 354117.05577427148819 ], [ 7485770.980971127748489, 354127.96259842813015 ], [ 7485754.481299206614494, 354138.181102365255356 ], [ 7485737.480971127748489, 354147.743766397237778 ], [ 7485720.105971127748489, 354156.618438318371773 ], [ 7485702.480971127748489, 354164.775262460112572 ], [ 7485684.481299206614494, 354172.181430444121361 ], [ 7485666.105971127748489, 354178.869094491004944 ], [ 7485662.856299206614494, 354179.994094491004944 ], [ 7485648.731299206614494, 354184.71259842813015 ], [ 7485634.356299206614494, 354188.650590553879738 ], [ 7485619.856299206614494, 354191.806758522987366 ], [ 7485605.106299206614494, 354194.212926506996155 ], [ 7485590.35662730038166, 354195.837926506996155 ], [ 7485575.48162730038166, 354196.650262460112572 ], [ 7485560.606299206614494, 354196.681758522987366 ], [ 7485545.73162730038166, 354195.932086616754532 ], [ 7485530.981299206614494, 354194.400590553879738 ], [ 7485516.231955379247665, 354192.087926506996155 ], [ 7485504.356299206614494, 354189.619750648736954 ], [ 7485490.10662730038166, 354185.900918632745743 ], [ 7485475.981299206614494, 354181.400918632745743 ], [ 7485462.23162730038166, 354176.182086616754532 ], [ 7485448.606299206614494, 354170.21325458586216 ], [ 7485435.48162730038166, 354163.525918632745743 ], [ 7485422.606299206614494, 354156.150590553879738 ], [ 7485410.231299206614494, 354148.08825458586216 ], [ 7485398.981299206614494, 354139.932086616754532 ], [ 7485383.981299206614494, 354127.46325458586216 ], [ 7485369.481299206614494, 354114.401246726512909 ], [ 7485355.606299206614494, 354100.744422569870949 ], [ 7485342.231299206614494, 354086.557086616754532 ], [ 7485329.480971127748489, 354071.838582679629326 ], [ 7485317.356299206614494, 354056.619750648736954 ], [ 7485305.855643048882484, 354040.900918632745743 ], [ 7485295.480971127748489, 354025.588582679629326 ], [ 7485283.730643048882484, 354006.338582679629326 ], [ 7485272.480314955115318, 353986.682414695620537 ], [ 7485262.105314955115318, 353966.651246726512909 ], [ 7485252.354986876249313, 353946.24507874250412 ], [ 7485243.355314955115318, 353925.525918632745743 ], [ 7485234.979986876249313, 353904.526246726512909 ], [ 7485229.354658797383308, 353888.838582679629326 ], [ 7485200.854002624750137, 353825.151246726512909 ], [ 7485186.729002624750137, 353796.776246726512909 ], [ 7485171.729002624750137, 353768.775918632745743 ], [ 7485156.228674545884132, 353741.151246726512909 ], [ 7485139.853346452116966, 353713.932742789387703 ], [ 7485135.353346452116966, 353706.557414695620537 ], [ 7485124.853346452116966, 353689.213582679629326 ], [ 7485113.603018373250961, 353672.307414695620537 ], [ 7485101.728346452116966, 353655.838582679629326 ], [ 7485089.227690294384956, 353639.838582679629326 ], [ 7485076.102690294384956, 353624.338910758495331 ], [ 7485062.478018373250961, 353609.338582679629326 ], [ 7485048.228018373250961, 353594.901246726512909 ], [ 7485044.603018373250961, 353591.463910758495331 ], [ 7485031.602690294384956, 353579.838910758495331 ], [ 7485017.97736220061779, 353568.838910758495331 ], [ 7485003.85236220061779, 353558.432742789387703 ], [ 7484989.35236220061779, 353548.682742789387703 ], [ 7484974.47736220061779, 353539.62007874250412 ], [ 7484959.102690294384956, 353531.214238852262497 ], [ 7484943.47736220061779, 353523.526574805378914 ], [ 7484927.35236220061779, 353516.526574805378914 ], [ 7484921.22736220061779, 353514.057742789387703 ], [ 7484904.22736220061779, 353507.995406821370125 ], [ 7484887.102690294384956, 353502.683070868253708 ], [ 7484869.72736220061779, 353498.120406821370125 ], [ 7484852.10236220061779, 353494.308398947119713 ], [ 7484834.477034121751785, 353491.308070868253708 ], [ 7484816.60236220061779, 353489.058070868253708 ], [ 7484798.72736220061779, 353487.620406821370125 ], [ 7484780.72736220061779, 353486.933398947119713 ], [ 7484773.60236220061779, 353486.902230978012085 ], [ 7484755.85236220061779, 353487.526574805378914 ], [ 7484737.97736220061779, 353488.964566931128502 ], [ 7484720.35236220061779, 353491.152230978012085 ], [ 7484702.727690294384956, 353494.152230978012085 ], [ 7484685.227690294384956, 353497.901902884244919 ], [ 7484667.977690294384956, 353502.433727040886879 ], [ 7484650.977690294384956, 353507.714895009994507 ], [ 7484639.103018373250961, 353511.901902884244919 ], [ 7484622.852690294384956, 353518.308727040886879 ], [ 7484606.978346452116966, 353525.464895009994507 ], [ 7484591.353018373250961, 353533.339895009994507 ], [ 7484576.103018373250961, 353541.871391072869301 ], [ 7484561.353346452116966, 353551.121391072869301 ], [ 7484546.978346452116966, 353561.02755905687809 ], [ 7484533.103674545884132, 353571.558727040886879 ], [ 7484519.603674545884132, 353582.715223103761673 ], [ 7484506.728674545884132, 353594.465223103761673 ], [ 7484486.104330703616142, 353614.90255905687809 ], [ 7484467.104330703616142, 353632.621391072869301 ], [ 7484447.604330703616142, 353649.777887135744095 ], [ 7484427.604658797383308, 353666.340551182627678 ], [ 7484407.104658797383308, 353682.278215229511261 ], [ 7484386.104986876249313, 353697.590551182627678 ], [ 7484383.354986876249313, 353699.496719166636467 ], [ 7484340.355314955115318, 353728.372047245502472 ], [ 7484317.386482939124107, 353744.804461941123009 ] ] ] } },
{ "type": "Feature", "properties": { "FULLNAME": "NW HIGHLAND DR", "BIKE_FAC": "Bike Lane" }, "geometry": { "type": "MultiLineString", "coordinates": [ [ [ 7482471.638779520988464, 345838.53248031437397 ], [ 7482472.796916007995605, 345880.21325458586216 ], [ 7482474.546587929129601, 345921.775918632745743 ], [ 7482475.671916007995605, 345954.24507874250412 ], [ 7482477.172244101762772, 345996.12007874250412 ], [ 7482478.672900259494781, 346043.525918632745743 ], [ 7482480.422900259494781, 346091.432414695620537 ], [ 7482482.173556432127953, 346140.713910758495331 ], [ 7482484.173884510993958, 346194.620406821370125 ], [ 7482485.674540683627129, 346237.463910758495331 ], [ 7482487.174868762493134, 346278.401246726512909 ], [ 7482488.4251968562603, 346317.964238852262497 ], [ 7482489.3001968562603, 346347.495406821370125 ], [ 7482490.175524935126305, 346382.995406821370125 ], [ 7482490.996719166636467, 346415.059711292386055 ] ] ] } },
{ "type": "Feature", "properties": { "FULLNAME": "NW HIGHLAND DR", "BIKE_FAC": "Bike Lane" }, "geometry": { "type": "MultiLineString", "coordinates": [ [ [ 7482490.996719166636467, 346415.059711292386055 ], [ 7482491.050524935126305, 346416.651574805378914 ], [ 7482506.679461941123009, 346878.152230978012085 ], [ 7482513.931430444121361, 347097.339895009994507 ], [ 7482523.558727040886879, 347416.496062994003296 ] ] ] } },
{ "type": "Feature", "properties": { "FULLNAME": "NW HIGHLAND DR", "BIKE_FAC": "Bike Lane" }, "geometry": { "type": "MultiLineString", "coordinates": [ [ [ 7482523.558727040886879, 347416.496062994003296 ], [ 7482526.684055119752884, 347487.90255905687809 ], [ 7482529.93503937125206, 347592.52755905687809 ], [ 7482532.060695543885231, 347686.559055119752884 ], [ 7482536.811679795384407, 347821.996391072869301 ], [ 7482540.062664046883583, 347937.52755905687809 ], [ 7482541.687992125749588, 347967.277887135744095 ] ] ] } },
{ "type": "Feature", "properties": { "FULLNAME": "NW HIGHLAND DR", "BIKE_FAC": "Bike Lane" }, "geometry": { "type": "MultiLineString", "coordinates": [ [ [ 7482541.687992125749588, 347967.277887135744095 ], [ 7482544.813648298382759, 348024.527887135744095 ], [ 7482546.938976377248764, 348124.215551182627678 ], [ 7482549.56496062874794, 348222.465223103761673 ], [ 7482552.190616801381111, 348320.778215229511261 ], [ 7482555.191272959113121, 348430.121719166636467 ], [ 7482556.191929131746292, 348471.121719166636467 ] ] ] } },
{ "type": "Feature", "properties": { "FULLNAME": "NW HIGHLAND DR", "BIKE_FAC": "Bike Lane" }, "geometry": { "type": "MultiLineString", "coordinates": [ [ [ 7482556.191929131746292, 348471.121719166636467 ], [ 7482559.442585304379463, 348538.559383198618889 ], [ 7482561.068241477012634, 348620.403543308377266 ], [ 7482563.068569555878639, 348686.872375324368477 ], [ 7482564.19422572851181, 348756.341207355260849 ], [ 7482567.81988188624382, 348866.403543308377266 ], [ 7482570.945538058876991, 348959.466535434126854 ], [ 7482571.946194231510162, 348981.93503937125206 ] ] ] } },
{ "type": "Feature", "properties": { "FULLNAME": "NW HIGHLAND DR", "BIKE_FAC": "Bike Lane" }, "geometry": { "type": "MultiLineString", "coordinates": [ [ [ 7482571.946194231510162, 348981.93503937125206 ], [ 7482574.821522310376167, 349043.590879261493683 ], [ 7482578.947178483009338, 349136.091535434126854 ], [ 7482582.322834640741348, 349217.528543308377266 ], [ 7482584.572834640741348, 349273.341207355260849 ] ] ] } },
{ "type": "Feature", "properties": { "FULLNAME": "SE CRYSTAL LAKE DR", "BIKE_FAC": "Bike Lane" }, "geometry": { "type": "MultiLineString", "coordinates": [ [ [ 7482678.00984251499176, 335498.456036746501923 ], [ 7482691.551509186625481, 335495.678149610757828 ], [ 7482701.909120738506317, 335492.717847764492035 ], [ 7482712.963910758495331, 335489.171916007995605 ], [ 7482724.338910758495331, 335484.265419945120811 ], [ 7482735.909120738506317, 335479.358923882246017 ], [ 7482748.583005249500275, 335472.327427819371223 ], [ 7482760.127952754497528, 335465.296259835362434 ], [ 7482771.75984251499176, 335457.049868762493134 ], [ 7482782.176509186625481, 335448.456036746501923 ], [ 7482788.773950129747391, 335442.553149610757828 ], [ 7482801.534120738506317, 335430.313648298382759 ], [ 7482815.423228353261948, 335416.337926506996155 ], [ 7482827.141732290387154, 335402.362204730510712 ], [ 7482839.642060369253159, 335388.039370074868202 ], [ 7482868.63484251499176, 335354.011482939124107 ], [ 7482887.818897634744644, 335331.26837269961834 ], [ 7482905.787729665637016, 335309.827427819371223 ], [ 7482909.086286082863808, 335305.921259835362434 ] ] ] } },
{ "type": "Feature", "properties": { "FULLNAME": "NW PONDEROSA AVE", "BIKE_FAC": "Bike Lane" }, "geometry": { "type": "MultiLineString", "coordinates": [ [ [ 7471990.735564306378365, 351388.464895009994507 ], [ 7471982.36023622751236, 351397.215223103761673 ], [ 7471974.360564306378365, 351403.934055119752884 ], [ 7471965.860564306378365, 351410.027887135744095 ], [ 7471956.985564306378365, 351415.465223103761673 ], [ 7471947.735564306378365, 351420.184055119752884 ], [ 7471938.110564306378365, 351424.215223103761673 ], [ 7471929.860564306378365, 351426.965223103761673 ], [ 7471921.361220479011536, 351428.934055119752884 ], [ 7471912.73589238524437, 351430.153215229511261 ], [ 7471903.98589238524437, 351430.559055119752884 ], [ 7471867.86089238524437, 351431.965551182627678 ], [ 7471829.486220479011536, 351433.902887135744095 ], [ 7471784.73589238524437, 351435.559383198618889 ], [ 7471742.111220479011536, 351437.278215229511261 ], [ 7471703.111220479011536, 351438.747047245502472 ], [ 7471663.861220479011536, 351440.309711292386055 ], [ 7471626.861548557877541, 351441.934711292386055 ], [ 7471590.861548557877541, 351443.466207355260849 ], [ 7471562.236548557877541, 351444.591535434126854 ], [ 7471526.111876636743546, 351445.997375324368477 ], [ 7471499.361876636743546, 351447.372703418135643 ] ] ] } },
{ "type": "Feature", "properties": { "FULLNAME": "NW 29TH ST", "BIKE_FAC": "Bike Lane" }, "geometry": { "type": "MultiLineString", "coordinates": [ [ [ 7475673.742454066872597, 353213.269356951117516 ], [ 7475672.242782145738602, 353229.487860888242722 ], [ 7475669.993110239505768, 353245.612860888242722 ], [ 7475666.993110239505768, 353261.613517060875893 ], [ 7475664.868110239505768, 353270.832020998001099 ], [ 7475660.743110239505768, 353292.019685044884682 ], [ 7475657.368766397237778, 353313.332020998001099 ], [ 7475654.743766397237778, 353334.769356951117516 ], [ 7475652.868766397237778, 353356.269685044884682 ], [ 7475651.618766397237778, 353384.17585301399231 ], [ 7475650.994422569870949, 353409.738188982009888 ], [ 7475650.244094491004944, 353425.082349076867104 ], [ 7475650.369750648736954, 353440.457020998001099 ], [ 7475651.119750648736954, 353455.613188982009888 ] ] ] } },
{ "type": "Feature", "properties": { "FULLNAME": "NW 29TH ST", "BIKE_FAC": "Bike Lane" }, "geometry": { "type": "MultiLineString", "coordinates": [ [ [ 7475651.119750648736954, 353455.613188982009888 ], [ 7475652.869750648736954, 353471.082349076867104 ], [ 7475655.39337269961834, 353490.585629925131798 ], [ 7475657.74507874250412, 353507.80085301399231 ], [ 7475660.87007874250412, 353527.895013123750687 ], [ 7475664.74507874250412, 353547.832020998001099 ], [ 7475669.245406821370125, 353566.894356951117516 ], [ 7475675.995734915137291, 353593.019685044884682 ], [ 7475683.496062994003296, 353618.957020998001099 ], [ 7475691.745734915137291, 353644.644685044884682 ], [ 7475700.621062994003296, 353668.175524935126305 ], [ 7475709.621391072869301, 353689.144685044884682 ], [ 7475719.246391072869301, 353709.80085301399231 ], [ 7475733.246719166636467, 353737.113517060875893 ], [ 7475746.121719166636467, 353760.957349076867104 ], [ 7475757.141732290387154, 353778.578740164637566 ], [ 7475761.547244101762772, 353785.729658797383308 ], [ 7475765.347769021987915, 353790.936679795384407 ], [ 7475769.154855638742447, 353796.673556432127953 ], [ 7475773.118438318371773, 353801.992782145738602 ], [ 7475776.397965878248215, 353806.318897634744644 ] ] ] } },
{ "type": "Feature", "properties": { "FULLNAME": "NW BUCHANAN AVE", "BIKE_FAC": "Bike Lane" }, "geometry": { "type": "MultiLineString", "coordinates": [ [ [ 7480474.909776896238327, 343916.967191606760025 ], [ 7480450.160104990005493, 343917.466863512992859 ], [ 7480406.035104990005493, 343918.561023622751236 ], [ 7480355.535433068871498, 343919.279855638742447 ], [ 7480308.785433068871498, 343920.061351701617241 ], [ 7480263.910433068871498, 343920.905183732509613 ], [ 7480227.785433068871498, 343921.311679795384407 ], [ 7480199.035433068871498, 343921.936679795384407 ] ] ] } },
{ "type": "Feature", "properties": { "FULLNAME": "NW BUCHANAN AVE", "BIKE_FAC": "Bike Lane" }, "geometry": { "type": "MultiLineString", "coordinates": [ [ [ 7480199.035433068871498, 343921.936679795384407 ], [ 7480192.160433068871498, 343922.061679795384407 ], [ 7480151.286089241504669, 343922.811679795384407 ], [ 7480085.785761147737503, 343924.530511811375618 ], [ 7480007.285761147737503, 343926.687007874250412 ], [ 7479956.911089241504669, 343927.906167984008789 ], [ 7479925.536417320370674, 343928.781167984008789 ] ] ] } },
{ "type": "Feature", "properties": { "FULLNAME": "SW 9TH ST", "BIKE_FAC": "Bike Lane" }, "geometry": { "type": "MultiLineString", "coordinates": [ [ [ 7480756.749343827366829, 339510.274934381246567 ], [ 7480774.25, 339552.83759842813015 ], [ 7480809.000328078866005, 339637.024606302380562 ], [ 7480840.876312330365181, 339718.524606302380562 ], [ 7480868.626640424132347, 339787.336942255496979 ], [ 7480888.376968502998352, 339837.649606302380562 ], [ 7480892.251968502998352, 339847.618438318371773 ], [ 7480896.501968502998352, 339858.712270334362984 ] ] ] } },
{ "type": "Feature", "properties": { "FULLNAME": "SW 9TH ST", "BIKE_FAC": "Bike Lane" }, "geometry": { "type": "MultiLineString", "coordinates": [ [ [ 7480896.501968502998352, 339858.712270334362984 ], [ 7480907.252296581864357, 339886.618438318371773 ], [ 7480918.502624675631523, 339915.461942255496979 ], [ 7480953.878280833363533, 340003.461942255496979 ], [ 7480980.003608927130699, 340064.024278208613396 ], [ 7481003.378937005996704, 340122.243438318371773 ], [ 7481022.004265084862709, 340166.587270334362984 ], [ 7481031.379593178629875, 340188.868438318371773 ], [ 7481039.87992125749588, 340209.368438318371773 ], [ 7481044.50492125749588, 340221.493766397237778 ] ] ] } },
{ "type": "Feature", "properties": { "FULLNAME": "SW 11TH ST", "BIKE_FAC": "Neighborhood Bikeway" }, "geometry": { "type": "MultiLineString", "coordinates": [ [ [ 7480499.882545933127403, 340425.588582679629326 ], [ 7480490.132217854261398, 340404.807414695620537 ], [ 7480478.382217854261398, 340373.463910758495331 ], [ 7480458.506889760494232, 340322.463582679629326 ], [ 7480435.130905508995056, 340261.74507874250412 ], [ 7480414.005905508995056, 340208.463582679629326 ], [ 7480395.130577430129051, 340158.557414695620537 ], [ 7480376.130249351263046, 340112.088910758495331 ], [ 7480362.754593178629875, 340078.026574805378914 ] ] ] } },
{ "type": "Feature", "properties": { "FULLNAME": "SW 11TH ST", "BIKE_FAC": "Neighborhood Bikeway" }, "geometry": { "type": "MultiLineString", "coordinates": [ [ [ 7480362.754593178629875, 340078.026574805378914 ], [ 7480350.754265084862709, 340046.026574805378914 ], [ 7480343.379593178629875, 340024.557414695620537 ], [ 7480320.754265084862709, 339968.49507874250412 ], [ 7480302.628937005996704, 339919.49507874250412 ], [ 7480283.753608927130699, 339870.588910758495331 ], [ 7480260.503280833363533, 339812.119750648736954 ], [ 7480240.502296581864357, 339759.963910758495331 ], [ 7480226.127296581864357, 339722.369750648736954 ] ] ] } },
{ "type": "Feature", "properties": { "FULLNAME": "SW 15TH ST", "BIKE_FAC": "Bike Lane" }, "geometry": { "type": "MultiLineString", "coordinates": [ [ [ 7479249.629593178629875, 339766.466207355260849 ], [ 7479246.629593178629875, 339757.748031497001648 ], [ 7479243.50492125749588, 339745.935367450118065 ], [ 7479241.004593178629875, 339733.904199481010437 ], [ 7479239.253937005996704, 339689.435367450118065 ], [ 7479236.878280833363533, 339618.341863512992859 ], [ 7479234.502624675631523, 339532.93503937125206 ], [ 7479232.502296581864357, 339459.685367450118065 ], [ 7479231.001640424132347, 339388.06003937125206 ], [ 7479228.251312330365181, 339324.341207355260849 ], [ 7479225.625656172633171, 339244.465879261493683 ], [ 7479222.874671921133995, 339150.653871387243271 ], [ 7479220.624015748500824, 339064.153543308377266 ], [ 7479219.749015748500824, 339043.090879261493683 ] ] ] } },
{ "type": "Feature", "properties": { "FULLNAME": "SW 15TH ST", "BIKE_FAC": "Bike Lane" }, "geometry": { "type": "MultiLineString", "coordinates": [ [ [ 7479219.749015748500824, 339043.090879261493683 ], [ 7479214.797572180628777, 339018.280511811375618 ], [ 7479202.869422569870949, 338992.16732282936573 ], [ 7479187.395013123750687, 338968.310695543885231 ], [ 7479177.723425194621086, 338951.869094491004944 ], [ 7479168.374343827366829, 338929.302165359258652 ], [ 7479159.992125988006592, 338898.030839890241623 ], [ 7479158.702755898237228, 338876.108595803380013 ], [ 7479156.446194231510162, 338862.568569555878639 ], [ 7479153.222112864255905, 338817.757217854261398 ] ] ] } },
{ "type": "Feature", "properties": { "FULLNAME": "SW 15TH ST", "BIKE_FAC": "Bike Lane" }, "geometry": { "type": "MultiLineString", "coordinates": [ [ [ 7479170.109580054879189, 337171.151902884244919 ], [ 7479168.358923882246017, 337143.120734915137291 ], [ 7479165.233923882246017, 337087.651574805378914 ], [ 7479162.857939630746841, 337034.933070868253708 ], [ 7479158.982611551880836, 336988.776902884244919 ], [ 7479158.857939630746841, 336984.276902884244919 ] ] ] } },
{ "type": "Feature", "properties": { "FULLNAME": "SW 30TH ST", "BIKE_FAC": "Bike Lane" }, "geometry": { "type": "MultiLineString", "coordinates": [ [ [ 7476472.635826766490936, 339859.599409446120262 ], [ 7476472.635826766490936, 339847.442913383245468 ], [ 7476472.510498687624931, 339834.318241477012634 ], [ 7476471.135498687624931, 339797.91174541413784 ], [ 7476469.760170608758926, 339734.599081367254257 ], [ 7476467.00918635725975, 339660.567913383245468 ], [ 7476466.383858263492584, 339593.161417320370674 ], [ 7476462.883530184626579, 339533.817913383245468 ], [ 7476459.882545933127403, 339453.442585304379463 ], [ 7476458.007217854261398, 339407.12992125749588 ], [ 7476455.507217854261398, 339347.005249351263046 ], [ 7476452.256233602762222, 339266.380249351263046 ], [ 7476450.380905508995056, 339196.598753273487091 ], [ 7476446.12992125749588, 339095.911417320370674 ], [ 7476442.879593178629875, 339019.379593178629875 ], [ 7476443.254265084862709, 339013.348753273487091 ], [ 7476444.878937005996704, 338993.348425194621086 ], [ 7476447.254265084862709, 338973.411089241504669 ], [ 7476450.503608927130699, 338953.566929131746292 ], [ 7476452.378608927130699, 338927.536089241504669 ] ] ] } },
{ "type": "Feature", "properties": { "FULLNAME": "SW 30TH ST", "BIKE_FAC": "Bike Lane" }, "geometry": { "type": "MultiLineString", "coordinates": [ [ [ 7476505.017388448119164, 340667.03740157186985 ], [ 7476504.017060369253159, 340660.443569555878639 ], [ 7476502.142060369253159, 340641.755905508995056 ], [ 7476500.766732290387154, 340615.78740157186985 ], [ 7476499.516404196619987, 340565.537073493003845 ], [ 7476497.516076117753983, 340518.568241477012634 ], [ 7476495.640748038887978, 340466.130905508995056 ], [ 7476494.390419945120811, 340409.037073493003845 ], [ 7476490.88976377248764, 340344.568241477012634 ], [ 7476488.264435693621635, 340280.78740157186985 ], [ 7476487.13910761475563, 340236.380905508995056 ], [ 7476485.138451442122459, 340171.037073493003845 ], [ 7476482.762795269489288, 340116.068241477012634 ], [ 7476480.012467190623283, 340050.755577430129051 ], [ 7476478.637139111757278, 339996.442913383245468 ], [ 7476476.761811017990112, 339942.91174541413784 ], [ 7476473.510826766490936, 339894.03674541413784 ], [ 7476472.635826766490936, 339864.192913383245468 ], [ 7476472.635826766490936, 339859.599409446120262 ] ] ] } },
{ "type": "Feature", "properties": { "FULLNAME": "SW 30TH ST", "BIKE_FAC": "Bike Lane" }, "geometry": { "type": "MultiLineString", "coordinates": [ [ [ 7476569.785433068871498, 339856.947506561875343 ], [ 7476570.510826766490936, 339873.598753273487091 ], [ 7476571.635826766490936, 339888.942913383245468 ], [ 7476572.260826766490936, 339913.224081367254257 ], [ 7476574.136482939124107, 339955.942913383245468 ], [ 7476575.762139111757278, 340004.223753273487091 ], [ 7476577.512139111757278, 340055.380249351263046 ], [ 7476579.887795269489288, 340110.91174541413784 ], [ 7476583.013123363256454, 340178.66174541413784 ], [ 7476584.138779520988464, 340229.599081367254257 ], [ 7476586.13910761475563, 340280.849409446120262 ], [ 7476587.26476377248764, 340329.474409446120262 ], [ 7476589.76476377248764, 340379.787073493003845 ], [ 7476591.765091866254807, 340434.974737539887428 ], [ 7476593.765419945120811, 340486.443241477012634 ], [ 7476596.391076117753983, 340541.568241477012634 ], [ 7476598.391404196619987, 340593.068241477012634 ], [ 7476600.641732290387154, 340640.099737539887428 ], [ 7476601.767060369253159, 340666.568569555878639 ] ] ] } },
{ "type": "Feature", "properties": { "FULLNAME": "SW 30TH ST", "BIKE_FAC": "Bike Lane" }, "geometry": { "type": "MultiLineString", "coordinates": [ [ [ 7476601.767060369253159, 340666.568569555878639 ], [ 7476601.517060369253159, 340694.693241477012634 ], [ 7476603.517388448119164, 340737.755905508995056 ], [ 7476607.39271654188633, 340807.193241477012634 ], [ 7476608.643044620752335, 340822.318241477012634 ], [ 7476609.14337269961834, 340837.537073493003845 ], [ 7476608.893700793385506, 340852.724737539887428 ], [ 7476607.893700793385506, 340867.91240157186985 ], [ 7476606.018700793385506, 340883.006233602762222 ], [ 7476603.393700793385506, 340897.974737539887428 ], [ 7476601.518700793385506, 340906.53740157186985 ], [ 7476597.269028872251511, 340919.381561681628227 ], [ 7476592.269028872251511, 340931.975065618753433 ], [ 7476586.644028872251511, 340944.225065618753433 ], [ 7476580.144356951117516, 340956.16240157186985 ], [ 7476575.019685044884682, 340964.975065618753433 ], [ 7476570.519685044884682, 340974.193569555878639 ], [ 7476566.644685044884682, 340983.724737539887428 ], [ 7476563.895013123750687, 340992.443897634744644 ] ] ] } },
{ "type": "Feature", "properties": { "FULLNAME": "SW 30TH ST", "BIKE_FAC": "Bike Lane" }, "geometry": { "type": "MultiLineString", "coordinates": [ [ [ 7476563.895013123750687, 340992.443897634744644 ], [ 7476562.519685044884682, 340986.006561681628227 ], [ 7476560.019685044884682, 340978.787729665637016 ], [ 7476556.769356951117516, 340971.850065618753433 ], [ 7476540.019356951117516, 340949.850065618753433 ], [ 7476524.769356951117516, 340922.631561681628227 ], [ 7476523.144356951117516, 340918.725065618753433 ], [ 7476519.019356951117516, 340906.943897634744644 ], [ 7476515.644028872251511, 340894.943569555878639 ], [ 7476513.144028872251511, 340882.756561681628227 ], [ 7476511.269028872251511, 340870.412729665637016 ], [ 7476510.26837269961834, 340858.006233602762222 ], [ 7476508.393700793385506, 340821.975065618753433 ], [ 7476507.26837269961834, 340776.53740157186985 ], [ 7476505.39271654188633, 340717.506561681628227 ], [ 7476505.51771654188633, 340696.693569555878639 ], [ 7476506.017388448119164, 340683.224737539887428 ], [ 7476505.767060369253159, 340671.943569555878639 ], [ 7476505.017388448119164, 340667.03740157186985 ] ] ] } },
{ "type": "Feature", "properties": { "FULLNAME": "NW 9TH ST", "BIKE_FAC": "Bike Lane" }, "geometry": { "type": "MultiLineString", "coordinates": [ [ [ 7482467.494750648736954, 343634.28740157186985 ], [ 7482492.404199481010437, 343691.992782145738602 ], [ 7482520.654855638742447, 343758.461286082863808 ], [ 7482549.029855638742447, 343822.242782145738602 ], [ 7482578.280511811375618, 343887.836614176630974 ], [ 7482599.781167984008789, 343938.461614176630974 ], [ 7482602.780839890241623, 343945.711286082863808 ], [ 7482629.531167984008789, 344007.461286082863808 ], [ 7482655.906824141740799, 344064.867782145738602 ], [ 7482682.907152235507965, 344128.086286082863808 ], [ 7482707.032808393239975, 344182.367782145738602 ], [ 7482728.907808393239975, 344233.430446192622185 ], [ 7482759.533792644739151, 344305.117454066872597 ], [ 7482784.409120738506317, 344360.211286082863808 ], [ 7482804.034120738506317, 344404.68011811375618 ], [ 7482830.784448817372322, 344467.336614176630974 ], [ 7482852.659776896238327, 344515.461614176630974 ], [ 7482859.820866137742996, 344531.954068243503571 ] ] ] } },
{ "type": "Feature", "properties": { "FULLNAME": "NW 9TH ST", "BIKE_FAC": "Bike Lane" }, "geometry": { "type": "MultiLineString", "coordinates": [ [ [ 7483655.423228353261948, 346361.460958003997803 ], [ 7483682.548228353261948, 346420.742125988006592 ], [ 7483702.298556432127953, 346471.335629925131798 ], [ 7483722.799212604761124, 346522.929461941123009 ], [ 7483756.0501968562603, 346602.804790019989014 ], [ 7483792.800524935126305, 346687.992125988006592 ], [ 7483830.05085301399231, 346771.617125988006592 ], [ 7483862.176509186625481, 346844.742125988006592 ], [ 7483894.051837265491486, 346918.429461941123009 ], [ 7483927.927493438124657, 346997.460958003997803 ], [ 7483961.428149610757828, 347074.241797894239426 ], [ 7483969.553477689623833, 347092.64829395711422 ], [ 7483996.678805768489838, 347154.210629925131798 ], [ 7484031.429133862257004, 347234.117125988006592 ], [ 7484064.68011811375618, 347309.897965878248215 ], [ 7484100.93077427148819, 347394.366797894239426 ], [ 7484108.680446192622185, 347411.804461941123009 ], [ 7484134.681102365255356, 347471.022965878248215 ], [ 7484175.681758522987366, 347564.179133862257004 ], [ 7484208.557086616754532, 347639.679461941123009 ], [ 7484227.807414695620537, 347683.960629925131798 ], [ 7484241.432742789387703, 347715.522965878248215 ], [ 7484276.308070868253708, 347794.960629925131798 ], [ 7484312.308727040886879, 347878.835629925131798 ], [ 7484346.559711292386055, 347956.085629925131798 ], [ 7484359.934711292386055, 347987.179461941123009 ] ] ] } },
{ "type": "Feature", "properties": { "FULLNAME": "NE CONIFER BLVD", "BIKE_FAC": "Bike Lane" }, "geometry": { "type": "MultiLineString", "coordinates": [ [ [ 7490011.01837269961834, 351897.215223103761673 ], [ 7490013.441929131746292, 351891.059055119752884 ], [ 7490020.076771646738052, 351872.017388448119164 ], [ 7490027.455380573868752, 351848.580052495002747 ], [ 7490034.226049870252609, 351826.618110239505768 ], [ 7490040.476377949118614, 351803.744750648736954 ], [ 7490045.033464565873146, 351787.382217854261398 ], [ 7490051.109908133745193, 351766.548556432127953 ], [ 7490057.620406821370125, 351746.192585304379463 ], [ 7490064.998687669634819, 351725.27263779938221 ], [ 7490072.725065618753433, 351704.942257210612297 ], [ 7490081.725065618753433, 351685.098753273487091 ], [ 7490091.127296581864357, 351664.682414695620537 ], [ 7490102.498687669634819, 351643.849081367254257 ], [ 7490112.394685044884682, 351627.442913383245468 ], [ 7490119.338910758495331, 351616.765748038887978 ], [ 7490130.580380573868752, 351600.168635174632072 ], [ 7490142.81988188624382, 351583.675524935126305 ], [ 7490155.31988188624382, 351567.572834640741348 ], [ 7490162.351377949118614, 351559.152887135744095 ], [ 7490170.510826766490936, 351550.298556432127953 ], [ 7490180.31988188624382, 351539.534776896238327 ], [ 7490189.309383198618889, 351531.124015748500824 ] ] ] } },
{ "type": "Feature", "properties": { "FULLNAME": "NW 29TH ST", "BIKE_FAC": "Bike Lane" }, "geometry": { "type": "MultiLineString", "coordinates": [ [ [ 7476979.163713917136192, 343506.257217854261398 ], [ 7476980.913713917136192, 343531.06988188624382 ], [ 7476986.539698168635368, 343609.81988188624382 ], [ 7476992.289698168635368, 343689.382874011993408 ], [ 7476999.541010499000549, 343782.632874011993408 ], [ 7477003.416010499000549, 343834.414041996002197 ] ] ] } },
{ "type": "Feature", "properties": { "FULLNAME": "NW 29TH ST", "BIKE_FAC": "Bike Lane" }, "geometry": { "type": "MultiLineString", "coordinates": [ [ [ 7477003.416010499000549, 343834.414041996002197 ], [ 7477006.29166667163372, 343873.164041996002197 ], [ 7477014.041994750499725, 343976.320538058876991 ], [ 7477023.292979001998901, 344095.257874011993408 ], [ 7477029.543963253498077, 344174.35170604288578 ], [ 7477036.794291332364082, 344270.10170604288578 ], [ 7477043.295275583863258, 344349.60170604288578 ], [ 7477047.795931756496429, 344408.132874011993408 ] ] ] } },
{ "type": "Feature", "properties": { "FULLNAME": "NW 29TH ST", "BIKE_FAC": "Bike Lane" }, "geometry": { "type": "MultiLineString", "coordinates": [ [ [ 7477047.795931756496429, 344408.132874011993408 ], [ 7477049.670931756496429, 344434.195866137742996 ], [ 7477056.921587929129601, 344527.570866137742996 ], [ 7477063.172244101762772, 344607.070538058876991 ], [ 7477068.547572180628777, 344685.446194231510162 ], [ 7477075.673228353261948, 344765.195538058876991 ], [ 7477081.548884510993958, 344843.883202105760574 ], [ 7477088.049540683627129, 344924.039698168635368 ], [ 7477092.8001968562603, 344958.695866137742996 ], [ 7477094.6751968562603, 344981.570866137742996 ] ] ] } },
{ "type": "Feature", "properties": { "FULLNAME": "NW 29TH ST", "BIKE_FAC": "Bike Lane" }, "geometry": { "type": "MultiLineString", "coordinates": [ [ [ 7477094.6751968562603, 344981.570866137742996 ], [ 7477097.9251968562603, 345019.758202105760574 ], [ 7477099.30085301399231, 345099.664698168635368 ], [ 7477102.426837265491486, 345195.664698168635368 ], [ 7477104.552493438124657, 345272.977034121751785 ], [ 7477105.677493438124657, 345315.915026247501373 ] ] ] } },
{ "type": "Feature", "properties": { "FULLNAME": "NW 29TH ST", "BIKE_FAC": "Bike Lane" }, "geometry": { "type": "MultiLineString", "coordinates": [ [ [ 7477105.677493438124657, 345315.915026247501373 ], [ 7477106.428149610757828, 345346.383858263492584 ], [ 7477109.178477689623833, 345420.383530184626579 ], [ 7477110.929133862257004, 345498.915354326367378 ], [ 7477113.304790019989014, 345579.321194231510162 ], [ 7477115.80511811375618, 345643.946522310376167 ] ] ] } },
{ "type": "Feature", "properties": { "FULLNAME": "NW 29TH ST", "BIKE_FAC": "Bike Lane" }, "geometry": { "type": "MultiLineString", "coordinates": [ [ [ 7477115.80511811375618, 345643.946522310376167 ], [ 7477116.80511811375618, 345672.258858263492584 ], [ 7477118.931102365255356, 345755.478018373250961 ], [ 7477120.556758522987366, 345835.603018373250961 ], [ 7477122.932414695620537, 345915.040682420134544 ], [ 7477124.932742789387703, 345994.540354326367378 ], [ 7477127.058727040886879, 346064.728018373250961 ] ] ] } },
{ "type": "Feature", "properties": { "FULLNAME": "NW 29TH ST", "BIKE_FAC": "Bike Lane" }, "geometry": { "type": "MultiLineString", "coordinates": [ [ [ 7477127.058727040886879, 346064.728018373250961 ], [ 7477127.933398947119713, 346095.75918635725975 ], [ 7477131.059383198618889, 346189.13418635725975 ], [ 7477132.935367450118065, 346271.103346452116966 ], [ 7477135.311023622751236, 346350.540682420134544 ], [ 7477137.311351701617241, 346430.75984251499176 ], [ 7477139.562007874250412, 346511.259514436125755 ], [ 7477141.812335953116417, 346577.884514436125755 ] ] ] } },
{ "type": "Feature", "properties": { "FULLNAME": "NW 29TH ST", "BIKE_FAC": "Bike Lane" }, "geometry": { "type": "MultiLineString", "coordinates": [ [ [ 7477141.812335953116417, 346577.884514436125755 ], [ 7477142.812664046883583, 346608.50984251499176 ], [ 7477145.563648298382759, 346705.291010499000549 ], [ 7477149.064304456114769, 346812.510170608758926 ], [ 7477151.43996062874794, 346899.635170608758926 ], [ 7477153.690616801381111, 346979.354002624750137 ], [ 7477155.941601052880287, 347051.75984251499176 ], [ 7477157.066272959113121, 347089.29166667163372 ] ] ] } },
{ "type": "Feature", "properties": { "FULLNAME": "NW 29TH ST", "BIKE_FAC": "Bike Lane" }, "geometry": { "type": "MultiLineString", "coordinates": [ [ [ 7477157.066272959113121, 347089.29166667163372 ], [ 7477158.316601052880287, 347134.54166667163372 ], [ 7477160.692257210612297, 347209.385170608758926 ], [ 7477162.818241477012634, 347292.478674545884132 ], [ 7477165.193897634744644, 347379.885498687624931 ], [ 7477167.819553807377815, 347475.697834640741348 ], [ 7477168.195209980010986, 347531.323162734508514 ], [ 7477169.320538058876991, 347586.947834640741348 ], [ 7477170.695866137742996, 347625.885498687624931 ], [ 7477171.446522310376167, 347697.635498687624931 ], [ 7477173.696522310376167, 347764.354330703616142 ], [ 7477174.946850389242172, 347806.479658797383308 ] ] ] } },
{ "type": "Feature", "properties": { "FULLNAME": "NW 29TH ST", "BIKE_FAC": "Bike Lane" }, "geometry": { "type": "MultiLineString", "coordinates": [ [ [ 7477174.946850389242172, 347806.479658797383308 ], [ 7477176.072178483009338, 347848.979330703616142 ], [ 7477176.947834640741348, 347909.54232282936573 ], [ 7477178.573490813374519, 347970.104658797383308 ], [ 7477181.073818892240524, 348030.666994750499725 ], [ 7477181.82414698600769, 348047.261154860258102 ] ] ] } },
{ "type": "Feature", "properties": { "FULLNAME": "NW 29TH ST", "BIKE_FAC": "Bike Lane" }, "geometry": { "type": "MultiLineString", "coordinates": [ [ [ 7477181.82414698600769, 348047.261154860258102 ], [ 7477183.1998031437397, 348126.823162734508514 ], [ 7477185.075459316372871, 348220.823490813374519 ], [ 7477185.700787395238876, 348265.104658797383308 ], [ 7477185.576115489006042, 348294.136154860258102 ] ] ] } },
{ "type": "Feature", "properties": { "FULLNAME": "NW 29TH ST", "BIKE_FAC": "Bike Lane" }, "geometry": { "type": "MultiLineString", "coordinates": [ [ [ 7477185.576115489006042, 348294.136154860258102 ], [ 7477185.451115489006042, 348309.354986876249313 ], [ 7477185.201115489006042, 348327.229658797383308 ], [ 7477188.451771646738052, 348410.105314955115318 ], [ 7477187.577427819371223, 348456.979986876249313 ], [ 7477185.578083992004395, 348546.417650923132896 ], [ 7477185.328412070870399, 348566.167650923132896 ] ] ] } },
{ "type": "Feature", "properties": { "FULLNAME": "NW 29TH ST", "BIKE_FAC": "Bike Lane" }, "geometry": { "type": "MultiLineString", "coordinates": [ [ [ 7477185.328412070870399, 348566.167650923132896 ], [ 7477184.703412070870399, 348602.417650923132896 ], [ 7477183.954068243503571, 348664.542650923132896 ], [ 7477183.204396322369576, 348730.636482939124107 ], [ 7477182.205052495002747, 348805.230314955115318 ], [ 7477181.580380573868752, 348880.449475064873695 ], [ 7477181.706364825367928, 348950.386482939124107 ], [ 7477180.707020998001099, 349029.512139111757278 ], [ 7477179.207349076867104, 349108.417979001998901 ], [ 7477178.083005249500275, 349205.3248031437397 ], [ 7477177.208989500999451, 349291.543307080864906 ], [ 7477175.834645673632622, 349396.387139111757278 ], [ 7477175.460629925131798, 349494.918635174632072 ], [ 7477174.585958003997803, 349577.512467190623283 ], [ 7477174.586286082863808, 349592.512467190623283 ] ] ] } },
{ "type": "Feature", "properties": { "FULLNAME": "NW 29TH ST", "BIKE_FAC": "Bike Lane" }, "geometry": { "type": "MultiLineString", "coordinates": [ [ [ 7477174.586286082863808, 349592.512467190623283 ], [ 7477175.211614176630974, 349670.575131237506866 ], [ 7477177.08759842813015, 349757.35662730038166 ], [ 7477179.837926506996155, 349842.262467190623283 ], [ 7477181.838910758495331, 349917.043635174632072 ], [ 7477182.213582679629326, 349924.918635174632072 ] ] ] } },
{ "type": "Feature", "properties": { "FULLNAME": "NW 29TH ST", "BIKE_FAC": "Bike Lane" }, "geometry": { "type": "MultiLineString", "coordinates": [ [ [ 7477182.213582679629326, 349924.918635174632072 ], [ 7477185.339566931128502, 349984.231299206614494 ], [ 7477187.590223103761673, 350077.137795269489288 ], [ 7477190.093832015991211, 350172.23589238524437 ], [ 7477191.715879261493683, 350207.356955379247665 ], [ 7477192.966207355260849, 350253.200131237506866 ] ] ] } },
{ "type": "Feature", "properties": { "FULLNAME": "NE CONIFER BLVD", "BIKE_FAC": "Bike Lane" }, "geometry": { "type": "MultiLineString", "coordinates": [ [ [ 7489798.207349076867104, 352166.10236220061779 ], [ 7489835.316929131746292, 352135.243110239505768 ], [ 7489845.039041996002197, 352127.170275583863258 ], [ 7489861.792650923132896, 352111.892388448119164 ], [ 7489876.505905508995056, 352097.526246726512909 ], [ 7489892.304790019989014, 352082.161417320370674 ], [ 7489907.322178483009338, 352065.885498687624931 ], [ 7489921.471456691622734, 352048.95833332836628 ], [ 7489934.752624675631523, 352032.118110239505768 ], [ 7489947.773622050881386, 352014.149278208613396 ], [ 7489956.063320204615593, 352001.996719166636467 ], [ 7489967.348097115755081, 351984.461942255496979 ], [ 7489977.76476377248764, 351966.579724416136742 ], [ 7489987.851377949118614, 351948.380577430129051 ], [ 7489996.976049870252609, 351929.692913383245468 ], [ 7490005.88976377248764, 351909.809055119752884 ], [ 7490011.01837269961834, 351897.215223103761673 ] ] ] } },
{ "type": "Feature", "properties": { "FULLNAME": "NW 29TH ST", "BIKE_FAC": "Bike Lane" }, "geometry": { "type": "MultiLineString", "coordinates": [ [ [ 7477192.966207355260849, 350253.200131237506866 ], [ 7477195.341863512992859, 350297.512795269489288 ], [ 7477196.716863512992859, 350315.794291332364082 ], [ 7477197.091863512992859, 350334.137795269489288 ], [ 7477196.842191606760025, 350352.48162730038166 ], [ 7477195.717191606760025, 350370.763123363256454 ], [ 7477193.84251968562603, 350389.012795269489288 ], [ 7477191.217847764492035, 350407.169291332364082 ], [ 7477187.84251968562603, 350425.169291332364082 ], [ 7477185.21751968562603, 350436.669291332364082 ], [ 7477178.843175858259201, 350456.825787395238876 ], [ 7477171.718175858259201, 350476.731955379247665 ], [ 7477163.968503937125206, 350496.388123363256454 ], [ 7477155.343503937125206, 350515.731955379247665 ], [ 7477146.093832015991211, 350534.73228345811367 ], [ 7477144.218832015991211, 350538.35728345811367 ], [ 7477137.093832015991211, 350552.169291332364082 ], [ 7477129.344160109758377, 350565.606955379247665 ], [ 7477120.843832015991211, 350578.638123363256454 ], [ 7477111.844488188624382, 350591.231955379247665 ], [ 7477102.094488188624382, 350603.356955379247665 ], [ 7477091.719160109758377, 350614.950787395238876 ], [ 7477080.844488188624382, 350626.013451442122459 ], [ 7477075.844816267490387, 350630.669619426131248 ], [ 7477058.969816267490387, 350645.419947504997253 ], [ 7477041.719816267490387, 350659.544947504997253 ], [ 7477023.844816267490387, 350673.076115489006042 ], [ 7477005.595144361257553, 350685.951443567872047 ], [ 7476986.845144361257553, 350698.170275583863258 ], [ 7476967.595800518989563, 350709.701443567872047 ], [ 7476894.970800518989563, 350755.201443567872047 ], [ 7476820.471456691622734, 350802.576771646738052 ], [ 7476728.22244094312191, 350859.983267709612846 ], [ 7476652.847769021987915, 350908.483595803380013 ], [ 7476642.723097115755081, 350914.983923882246017 ], [ 7476569.848425194621086, 350963.390419945120811 ], [ 7476509.848753273487091, 351002.796259835362434 ], [ 7476448.849081367254257, 351043.859251961112022 ], [ 7476425.099409446120262, 351060.453412070870399 ], [ 7476403.599409446120262, 351076.421916007995605 ], [ 7476382.724737539887428, 351093.016076117753983 ], [ 7476362.349737539887428, 351110.234580054879189 ], [ 7476342.349737539887428, 351128.046916007995605 ], [ 7476330.099737539887428, 351139.797244101762772 ], [ 7476308.350065618753433, 351161.546916007995605 ], [ 7476288.350393697619438, 351182.765748038887978 ], [ 7476268.975721791386604, 351204.484908133745193 ], [ 7476250.100721791386604, 351226.734908133745193 ], [ 7476231.851049870252609, 351249.48523622751236 ], [ 7476216.601049870252609, 351270.547244101762772 ], [ 7476199.72670604288578, 351295.047572180628777 ], [ 7476183.60170604288578, 351319.984908133745193 ], [ 7476168.102034121751785, 351345.36023622751236 ], [ 7476153.22736220061779, 351371.141404196619987 ], [ 7476146.602034121751785, 351383.704068243503571 ], [ 7476133.72736220061779, 351409.454068243503571 ], [ 7476121.602690294384956, 351435.547900259494781 ], [ 7476110.103018373250961, 351461.985564306378365 ], [ 7476099.478018373250961, 351488.704396322369576 ], [ 7476089.478018373250961, 351515.73523622751236 ], [ 7476088.353346452116966, 351518.923228353261948 ], [ 7476079.479002624750137, 351545.891732290387154 ], [ 7476074.478674545884132, 351562.641732290387154 ] ] ] } },
{ "type": "Feature", "properties": { "FULLNAME": "SW 30TH ST", "BIKE_FAC": "Bike Lane" }, "geometry": { "type": "MultiLineString", "coordinates": [ [ [ 7476563.895013123750687, 340992.443897634744644 ], [ 7476565.019685044884682, 341001.006561681628227 ], [ 7476565.144685044884682, 341008.66240157186985 ], [ 7476566.770341202616692, 341043.349737539887428 ], [ 7476566.895013123750687, 341060.662729665637016 ], [ 7476567.020013123750687, 341072.006561681628227 ] ] ] } },
{ "type": "Feature", "properties": { "FULLNAME": "NW 30TH ST", "BIKE_FAC": "Bike Lane" }, "geometry": { "type": "MultiLineString", "coordinates": [ [ [ 7476567.147309705615044, 341322.475393697619438 ], [ 7476568.02263779938221, 341350.81922572851181 ], [ 7476568.64763779938221, 341399.006561681628227 ], [ 7476568.77329395711422, 341447.975065618753433 ], [ 7476568.898622050881386, 341500.19422572851181 ], [ 7476569.273950129747391, 341549.975393697619438 ], [ 7476569.524278208613396, 341611.850393697619438 ], [ 7476570.024934381246567, 341656.756889760494232 ], [ 7476570.149934381246567, 341696.788385823369026 ], [ 7476569.900590553879738, 341740.663057744503021 ] ] ] } },
{ "type": "Feature", "properties": { "FULLNAME": "NW 30TH ST", "BIKE_FAC": "Bike Lane" }, "geometry": { "type": "MultiLineString", "coordinates": [ [ [ 7476567.020013123750687, 341072.006561681628227 ], [ 7476567.147309705615044, 341322.475393697619438 ] ] ] } },
{ "type": "Feature", "properties": { "FULLNAME": "NW CIRCLE BLVD", "BIKE_FAC": "Buffered Bike Lane" }, "geometry": { "type": "MultiLineString", "coordinates": [ [ [ 7479021.942913383245468, 347714.974737539887428 ], [ 7478994.192913383245468, 347717.630905508995056 ], [ 7478955.942913383245468, 347719.224737539887428 ], [ 7478897.067913383245468, 347722.256233602762222 ], [ 7478839.818241477012634, 347724.256233602762222 ], [ 7478782.193241477012634, 347726.849737539887428 ], [ 7478722.193569555878639, 347729.350393697619438 ], [ 7478667.318897634744644, 347731.06922572851181 ], [ 7478603.068897634744644, 347734.257217854261398 ], [ 7478577.818897634744644, 347735.506889760494232 ] ] ] } },
{ "type": "Feature", "properties": { "FULLNAME": "NW CIRCLE BLVD", "BIKE_FAC": "Buffered Bike Lane" }, "geometry": { "type": "MultiLineString", "coordinates": [ [ [ 7478577.818897634744644, 347735.506889760494232 ], [ 7478510.943897634744644, 347738.819553807377815 ], [ 7478424.94422572851181, 347742.476049870252609 ], [ 7478352.444553807377815, 347746.101049870252609 ], [ 7478271.06988188624382, 347750.132545933127403 ], [ 7478204.44488188624382, 347753.570538058876991 ], [ 7478125.94488188624382, 347757.289370074868202 ], [ 7478092.44488188624382, 347758.820538058876991 ] ] ] } },
{ "type": "Feature", "properties": { "FULLNAME": "NW CIRCLE BLVD", "BIKE_FAC": "Buffered Bike Lane" }, "geometry": { "type": "MultiLineString", "coordinates": [ [ [ 7478092.44488188624382, 347758.820538058876991 ], [ 7478028.320209980010986, 347761.789698168635368 ], [ 7477943.320209980010986, 347765.883858263492584 ], [ 7477872.320538058876991, 347769.227690294384956 ], [ 7477788.195866137742996, 347773.228018373250961 ], [ 7477725.320866137742996, 347776.353018373250961 ], [ 7477682.695866137742996, 347778.634514436125755 ] ] ] } },
{ "type": "Feature", "properties": { "FULLNAME": "NW CIRCLE BLVD", "BIKE_FAC": "Buffered Bike Lane" }, "geometry": { "type": "MultiLineString", "coordinates": [ [ [ 7477682.695866137742996, 347778.634514436125755 ], [ 7477649.196194231510162, 347780.415682420134544 ], [ 7477559.196194231510162, 347784.541010499000549 ], [ 7477469.571850389242172, 347790.322506561875343 ], [ 7477429.071522310376167, 347792.760170608758926 ] ] ] } },
{ "type": "Feature", "properties": { "FULLNAME": "NW CIRCLE BLVD", "BIKE_FAC": "Buffered Bike Lane" }, "geometry": { "type": "MultiLineString", "coordinates": [ [ [ 7477429.071522310376167, 347792.760170608758926 ], [ 7477381.571522310376167, 347795.666338577866554 ], [ 7477305.696850389242172, 347800.260498687624931 ], [ 7477227.571850389242172, 347803.947834640741348 ], [ 7477174.946850389242172, 347806.479658797383308 ] ] ] } },
{ "type": "Feature", "properties": { "FULLNAME": "NW CIRCLE BLVD", "BIKE_FAC": "Buffered Bike Lane" }, "geometry": { "type": "MultiLineString", "coordinates": [ [ [ 7477174.946850389242172, 347806.479658797383308 ], [ 7477142.322178483009338, 347808.041994750499725 ], [ 7477045.322178483009338, 347811.948490813374519 ], [ 7476970.822834640741348, 347814.636482939124107 ], [ 7476892.697834640741348, 347819.261154860258102 ], [ 7476803.322834640741348, 347822.448818892240524 ], [ 7476728.948162734508514, 347826.824475064873695 ], [ 7476694.073490813374519, 347829.293307080864906 ], [ 7476659.198490813374519, 347830.9498031437397 ], [ 7476624.198162734508514, 347831.8248031437397 ], [ 7476589.198490813374519, 347831.918635174632072 ] ] ] } },
{ "type": "Feature", "properties": { "FULLNAME": "NW CIRCLE BLVD", "BIKE_FAC": "Buffered Bike Lane" }, "geometry": { "type": "MultiLineString", "coordinates": [ [ [ 7476589.198490813374519, 347831.918635174632072 ], [ 7476555.198490813374519, 347831.231299206614494 ], [ 7476530.948818892240524, 347830.606299206614494 ], [ 7476506.698818892240524, 347829.200131237506866 ], [ 7476482.573490813374519, 347827.012467190623283 ], [ 7476458.448490813374519, 347824.043963253498077 ], [ 7476434.448490813374519, 347820.293963253498077 ], [ 7476410.573818892240524, 347815.762795269489288 ], [ 7476400.073818892240524, 347813.481299206614494 ], [ 7476375.698490813374519, 347808.138123363256454 ], [ 7476351.448490813374519, 347802.013123363256454 ], [ 7476328.323818892240524, 347795.387795269489288 ] ] ] } },
{ "type": "Feature", "properties": { "FULLNAME": "NW CIRCLE BLVD", "BIKE_FAC": "Buffered Bike Lane" }, "geometry": { "type": "MultiLineString", "coordinates": [ [ [ 7476328.323818892240524, 347795.387795269489288 ], [ 7476303.698490813374519, 347787.481955379247665 ], [ 7476281.698818892240524, 347779.638123363256454 ], [ 7476264.198818892240524, 347773.950787395238876 ], [ 7476247.073818892240524, 347767.544619426131248 ], [ 7476230.198490813374519, 347760.35728345811367 ], [ 7476213.698818892240524, 347752.48228345811367 ], [ 7476205.948490813374519, 347748.388451442122459 ] ] ] } },
{ "type": "Feature", "properties": { "FULLNAME": "NW CIRCLE BLVD", "BIKE_FAC": "Bike Lane" }, "geometry": { "type": "MultiLineString", "coordinates": [ [ [ 7476205.948490813374519, 347748.388451442122459 ], [ 7476197.448818892240524, 347743.888451442122459 ], [ 7476181.698490813374519, 347734.60728345811367 ], [ 7476173.198490813374519, 347729.23228345811367 ], [ 7476133.698162734508514, 347706.763779520988464 ], [ 7476094.573162734508514, 347683.60728345811367 ], [ 7476055.822834640741348, 347659.763451442122459 ], [ 7476017.448162734508514, 347635.263779520988464 ], [ 7476004.572834640741348, 347626.826115489006042 ], [ 7475949.572834640741348, 347589.63910761475563 ], [ 7475901.572834640741348, 347557.044947504997253 ], [ 7475829.947506561875343, 347508.26410761475563 ], [ 7475771.822178483009338, 347467.795275583863258 ], [ 7475724.946850389242172, 347436.108267709612846 ], [ 7475670.446850389242172, 347398.795603677630424 ], [ 7475609.071850389242172, 347356.951771646738052 ], [ 7475552.571522310376167, 347318.420931756496429 ], [ 7475496.571522310376167, 347279.827427819371223 ], [ 7475436.320866137742996, 347239.077099740505219 ], [ 7475381.553477689623833, 347201.441929131746292 ] ] ] } },
{ "type": "Feature", "properties": { "FULLNAME": "NW CIRCLE BLVD", "BIKE_FAC": "Bike Lane" }, "geometry": { "type": "MultiLineString", "coordinates": [ [ [ 7475381.553477689623833, 347201.441929131746292 ], [ 7475347.795275583863258, 347180.682086616754532 ], [ 7475318.969488188624382, 347163.221456691622734 ], [ 7475289.089895009994507, 347143.780183732509613 ], [ 7475277.070538058876991, 347134.608595803380013 ] ] ] } },
{ "type": "Feature", "properties": { "FULLNAME": "NW CIRCLE BLVD", "BIKE_FAC": "Bike Lane" }, "geometry": { "type": "MultiLineString", "coordinates": [ [ [ 7475277.070538058876991, 347134.608595803380013 ], [ 7475261.570866137742996, 347123.109251961112022 ], [ 7475243.526246726512909, 347109.925524935126305 ], [ 7475206.320209980010986, 347081.671587929129601 ], [ 7475183.56988188624382, 347063.983923882246017 ], [ 7475153.820209980010986, 347040.015748038887978 ], [ 7475137.31988188624382, 347025.796916007995605 ], [ 7475121.44488188624382, 347010.953083992004395 ], [ 7475106.069553807377815, 346995.546916007995605 ], [ 7475091.31988188624382, 346979.609580054879189 ], [ 7475077.19422572851181, 346963.140419945120811 ], [ 7475067.44422572851181, 346952.390419945120811 ], [ 7475050.56922572851181, 346932.890419945120811 ], [ 7475034.319553807377815, 346912.859580054879189 ], [ 7475018.69422572851181, 346892.359580054879189 ], [ 7475003.69422572851181, 346871.390748038887978 ], [ 7474966.193897634744644, 346817.890748038887978 ], [ 7474923.193569555878639, 346758.578412070870399 ], [ 7474886.318241477012634, 346711.203083992004395 ], [ 7474872.692913383245468, 346694.547244101762772 ], [ 7474854.817913383245468, 346673.984908133745193 ], [ 7474836.442913383245468, 346653.953412070870399 ], [ 7474817.442257210612297, 346634.484580054879189 ], [ 7474797.942257210612297, 346615.547244101762772 ], [ 7474780.567257210612297, 346599.047572180628777 ], [ 7474762.941929131746292, 346583.328740164637566 ], [ 7474744.817257210612297, 346568.234908133745193 ], [ 7474726.192257210612297, 346553.734908133745193 ], [ 7474707.066929131746292, 346539.891076117753983 ], [ 7474687.566929131746292, 346526.672900259494781 ], [ 7474678.441929131746292, 346520.48523622751236 ], [ 7474653.691929131746292, 346504.234908133745193 ], [ 7474628.441929131746292, 346488.641404196619987 ], [ 7474602.816601052880287, 346473.734908133745193 ], [ 7474576.691601052880287, 346459.516732290387154 ], [ 7474517.941272959113121, 346432.172900259494781 ], [ 7474470.441601052880287, 346410.860564306378365 ], [ 7474416.691272959113121, 346387.017060369253159 ], [ 7474351.691272959113121, 346357.172900259494781 ], [ 7474306.691272959113121, 346337.73589238524437 ], [ 7474273.065944880247116, 346322.579724416136742 ], [ 7474238.316272959113121, 346306.079724416136742 ], [ 7474216.816272959113121, 346295.017388448119164 ], [ 7474195.815944880247116, 346283.236220479011536 ], [ 7474175.065616801381111, 346270.798556432127953 ], [ 7474154.815616801381111, 346257.673556432127953 ], [ 7474134.940616801381111, 346243.89271654188633 ], [ 7474129.565616801381111, 346240.39271654188633 ], [ 7474109.690288707613945, 346226.486220479011536 ], [ 7474090.065616801381111, 346211.923884510993958 ], [ 7474071.065616801381111, 346196.767388448119164 ], [ 7474052.565616801381111, 346180.986220479011536 ], [ 7474034.565288707613945, 346164.611548557877541 ], [ 7473973.249015748500824, 346107.421259835362434 ], [ 7473955.265419945120811, 346088.650918632745743 ] ] ] } },
{ "type": "Feature", "properties": { "FULLNAME": "NW GRANT AVE", "BIKE_FAC": "Bike Lane" }, "geometry": { "type": "MultiLineString", "coordinates": [ [ [ 7475687.928477689623833, 345056.137139111757278 ], [ 7475668.178477689623833, 345057.481299206614494 ], [ 7475601.553477689623833, 345058.731299206614494 ], [ 7475563.428477689623833, 345060.575131237506866 ] ] ] } },
{ "type": "Feature", "properties": { "FULLNAME": "NW GRANT AVE", "BIKE_FAC": "Bike Lane" }, "geometry": { "type": "MultiLineString", "coordinates": [ [ [ 7475563.428477689623833, 345060.575131237506866 ], [ 7475543.678805768489838, 345061.543635174632072 ] ] ] } },
{ "type": "Feature", "properties": { "FULLNAME": "NW GRANT AVE", "BIKE_FAC": "Bike Lane" }, "geometry": { "type": "MultiLineString", "coordinates": [ [ [ 7475543.678805768489838, 345061.543635174632072 ], [ 7475536.178805768489838, 345061.918963253498077 ], [ 7475462.428805768489838, 345065.637795269489288 ], [ 7475367.053805768489838, 345070.794619426131248 ], [ 7475309.804133862257004, 345073.076115489006042 ], [ 7475249.804461941123009, 345076.419947504997253 ], [ 7475228.804790019989014, 345077.85728345811367 ], [ 7475211.054790019989014, 345078.576115489006042 ] ] ] } },
{ "type": "Feature", "properties": { "FULLNAME": "NW GRANT AVE", "BIKE_FAC": "Bike Lane" }, "geometry": { "type": "MultiLineString", "coordinates": [ [ [ 7475211.054790019989014, 345078.576115489006042 ], [ 7475038.679461941123009, 345086.556102365255356 ] ] ] } },
{ "type": "Feature", "properties": { "FULLNAME": "NW GRANT AVE", "BIKE_FAC": "Bike Lane" }, "geometry": { "type": "MultiLineString", "coordinates": [ [ [ 7475038.679461941123009, 345086.556102365255356 ], [ 7474907.790354326367378, 345091.525262460112572 ] ] ] } },
{ "type": "Feature", "properties": { "FULLNAME": "SE GOODNIGHT AVE", "BIKE_FAC": "Bike Lane" }, "geometry": { "type": "MultiLineString", "coordinates": [ [ [ 7483167.109580054879189, 329501.855643048882484 ], [ 7483319.526902884244919, 329499.278215229511261 ] ] ] } },
{ "type": "Feature", "properties": { "FULLNAME": "SE GOODNIGHT AVE", "BIKE_FAC": "Bike Lane" }, "geometry": { "type": "MultiLineString", "coordinates": [ [ [ 7483319.526902884244919, 329499.278215229511261 ], [ 7483386.521325454115868, 329497.767060369253159 ], [ 7483442.554461941123009, 329491.363845139741898 ] ] ] } },
{ "type": "Feature", "properties": { "FULLNAME": "SW COUNTRY CLUB DR", "BIKE_FAC": "Bike Lane" }, "geometry": { "type": "MultiLineString", "coordinates": [ [ [ 7469175.248359575867653, 333242.492454066872597 ], [ 7469606.62007874250412, 333230.15748031437397 ] ] ] } },
{ "type": "Feature", "properties": { "FULLNAME": "NW 2ND ST", "BIKE_FAC": "Bike Lane" }, "geometry": { "type": "MultiLineString", "coordinates": [ [ [ 7483526.491469815373421, 340877.168307080864906 ], [ 7483572.255905508995056, 340990.955708667635918 ], [ 7483596.024278208613396, 341050.486876636743546 ], [ 7483623.256561681628227, 341117.174540683627129 ], [ 7483651.256889760494232, 341187.643700793385506 ], [ 7483667.516404196619987, 341227.755577430129051 ] ] ] } },
{ "type": "Feature", "properties": { "FULLNAME": "NW 2ND ST", "BIKE_FAC": "Bike Lane" }, "geometry": { "type": "MultiLineString", "coordinates": [ [ [ 7483667.516404196619987, 341227.755577430129051 ], [ 7483685.730643048882484, 341267.829396322369576 ], [ 7483713.942585304379463, 341332.352034121751785 ], [ 7483735.067585304379463, 341384.602034121751785 ], [ 7483753.192913383245468, 341429.164698168635368 ], [ 7483775.193569555878639, 341483.570866137742996 ], [ 7483795.193897634744644, 341533.164698168635368 ], [ 7483815.19422572851181, 341579.383530184626579 ], [ 7483837.06922572851181, 341628.258530184626579 ], [ 7483867.449475064873695, 341694.605971127748489 ] ] ] } },
{ "type": "Feature", "properties": { "FULLNAME": "NE 2ND ST", "BIKE_FAC": "Bike Lane" }, "geometry": { "type": "MultiLineString", "coordinates": [ [ [ 7484659.203083992004395, 342889.206692919135094 ], [ 7484779.005577430129051, 343061.360564306378365 ] ] ] } },
{ "type": "Feature", "properties": { "FULLNAME": "NE 2ND ST", "BIKE_FAC": "Bike Lane" }, "geometry": { "type": "MultiLineString", "coordinates": [ [ [ 7484779.005577430129051, 343061.360564306378365 ], [ 7484806.76476377248764, 343102.243110239505768 ], [ 7484835.395997375249863, 343142.034448817372322 ], [ 7484870.465551182627678, 343186.435367450118065 ], [ 7484897.721456691622734, 343218.628280833363533 ] ] ] } },
{ "type": "Feature", "properties": { "FULLNAME": "NE 2ND ST", "BIKE_FAC": "Bike Lane" }, "geometry": { "type": "MultiLineString", "coordinates": [ [ [ 7484897.721456691622734, 343218.628280833363533 ], [ 7484913.520013123750687, 343234.036417320370674 ], [ 7484926.193569555878639, 343246.623031497001648 ], [ 7484941.558070868253708, 343261.72736220061779 ], [ 7484956.705708667635918, 343275.919947504997253 ], [ 7484975.54232282936573, 343291.6751968562603 ], [ 7484993.511154860258102, 343306.258530184626579 ], [ 7485012.999015748500824, 343320.841863512992859 ], [ 7485032.270013123750687, 343333.558727040886879 ], [ 7485059.874015748500824, 343351.657808393239975 ], [ 7485083.812007874250412, 343366.420931756496429 ], [ 7485098.285433068871498, 343375.312335953116417 ], [ 7485110.177821516990662, 343383.038057744503021 ] ] ] } },
{ "type": "Feature", "properties": { "FULLNAME": "NW 2ND ST", "BIKE_FAC": "Bike Lane" }, "geometry": { "type": "MultiLineString", "coordinates": [ [ [ 7483384.781496062874794, 340523.522309705615044 ], [ 7483393.027887135744095, 340554.989501312375069 ], [ 7483403.053805768489838, 340584.833005249500275 ], [ 7483440.59744094312191, 340680.536089241504669 ], [ 7483444.026246726512909, 340687.758530184626579 ], [ 7483447.151246726512909, 340692.706364825367928 ], [ 7483451.665026247501373, 340698.548228353261948 ], [ 7483454.876968502998352, 340703.557086616754532 ], [ 7483459.130249351263046, 340710.6751968562603 ], [ 7483462.9498031437397, 340718.296587929129601 ], [ 7483480.658136487007141, 340762.411089241504669 ], [ 7483498.366469815373421, 340806.074475064873695 ], [ 7483526.491469815373421, 340877.168307080864906 ] ] ] } },
{ "type": "Feature", "properties": { "FULLNAME": "NE 2ND ST", "BIKE_FAC": "Bike Lane" }, "geometry": { "type": "MultiLineString", "coordinates": [ [ [ 7483867.449475064873695, 341694.605971127748489 ], [ 7483880.209973752498627, 341720.300524935126305 ], [ 7483902.779527559876442, 341762.5748031437397 ], [ 7483934.029527559876442, 341820.517388448119164 ], [ 7483962.197834640741348, 341870.343832015991211 ], [ 7483988.152887135744095, 341914.571194231510162 ], [ 7484015.973753273487091, 341959.66666667163372 ], [ 7484047.310695543885231, 342007.713582679629326 ], [ 7484075.001640424132347, 342048.729330703616142 ], [ 7484103.430446192622185, 342090.526246726512909 ], [ 7484139.281167984008789, 342141.95833332836628 ], [ 7484169.012139111757278, 342184.66666667163372 ], [ 7484202.171916007995605, 342232.192913383245468 ], [ 7484245.531167984008789, 342294.823162734508514 ], [ 7484277.128280833363533, 342340.439304456114769 ], [ 7484306.685695543885231, 342382.713582679629326 ], [ 7484342.275918632745743, 342433.798556432127953 ], [ 7484374.090223103761673, 342479.415026247501373 ], [ 7484403.690944880247116, 342521.645997375249863 ], [ 7484429.559055119752884, 342559.189304456114769 ], [ 7484465.540026247501373, 342611.012139111757278 ], [ 7484493.404527559876442, 342650.769356951117516 ], [ 7484524.437335953116417, 342695.474081367254257 ], [ 7484556.468832015991211, 342741.177165359258652 ], [ 7484587.197834640741348, 342785.838582679629326 ], [ 7484615.8001968562603, 342826.489829391241074 ], [ 7484640.105971127748489, 342861.255249351263046 ], [ 7484659.203083992004395, 342889.206692919135094 ] ] ] } },
{ "type": "Feature", "properties": { "FULLNAME": "NW 3RD ST / HWY 99W", "BIKE_FAC": "Bike Lane" }, "geometry": { "type": "MultiLineString", "coordinates": [ [ [ 7483110.628937005996704, 340626.207020998001099 ], [ 7483112.503937005996704, 340630.394028872251511 ], [ 7483124.003937005996704, 340656.894356951117516 ], [ 7483146.129593178629875, 340716.144356951117516 ], [ 7483162.37992125749588, 340757.67585301399231 ], [ 7483182.255249351263046, 340809.238517060875893 ], [ 7483202.630249351263046, 340858.706692919135094 ], [ 7483219.380905508995056, 340901.362860888242722 ], [ 7483235.881233602762222, 340941.707020998001099 ], [ 7483251.506233602762222, 340982.738188982009888 ] ] ] } },
{ "type": "Feature", "properties": { "FULLNAME": "NW 3RD ST / HWY 99W", "BIKE_FAC": "Bike Lane" }, "geometry": { "type": "MultiLineString", "coordinates": [ [ [ 7483251.506233602762222, 340982.738188982009888 ], [ 7483265.256561681628227, 341016.175524935126305 ], [ 7483279.631889760494232, 341051.238188982009888 ], [ 7483294.881889760494232, 341089.019356951117516 ], [ 7483309.257217854261398, 341124.394356951117516 ], [ 7483325.132545933127403, 341163.144356951117516 ], [ 7483338.007545933127403, 341194.894028872251511 ], [ 7483352.383202105760574, 341230.863188982009888 ], [ 7483368.383202105760574, 341269.6751968562603 ], [ 7483382.758530184626579, 341305.738188982009888 ], [ 7483395.773950129747391, 341337.848425194621086 ] ] ] } },
{ "type": "Feature", "properties": { "FULLNAME": "NW 3RD ST / HWY 99W", "BIKE_FAC": "Bike Lane" }, "geometry": { "type": "MultiLineString", "coordinates": [ [ [ 7483395.773950129747391, 341337.848425194621086 ], [ 7483411.88418635725975, 341377.3001968562603 ], [ 7483427.88418635725975, 341417.488188982009888 ], [ 7483458.135170608758926, 341491.737860888242722 ], [ 7483472.75984251499176, 341527.956692919135094 ], [ 7483488.510826766490936, 341566.707020998001099 ], [ 7483502.510826766490936, 341601.394356951117516 ], [ 7483519.636154860258102, 341643.488188982009888 ], [ 7483533.386154860258102, 341677.05085301399231 ], [ 7483547.511482939124107, 341712.675524935126305 ], [ 7483563.387139111757278, 341750.863188982009888 ], [ 7483578.887467190623283, 341789.206692919135094 ], [ 7483594.637467190623283, 341827.956692919135094 ], [ 7483608.262795269489288, 341861.300524935126305 ], [ 7483623.262795269489288, 341898.363188982009888 ], [ 7483637.888123363256454, 341935.175524935126305 ], [ 7483651.763123363256454, 341970.675524935126305 ], [ 7483667.013779520988464, 342010.644356951117516 ], [ 7483680.513779520988464, 342046.206692919135094 ], [ 7483695.13910761475563, 342084.9251968562603 ], [ 7483708.639435693621635, 342122.144028872251511 ], [ 7483715.764435693621635, 342142.050524935126305 ] ] ] } },
{ "type": "Feature", "properties": { "FULLNAME": "NW 3RD ST / HWY 99W", "BIKE_FAC": "Bike Lane" }, "geometry": { "type": "MultiLineString", "coordinates": [ [ [ 7483715.764435693621635, 342142.050524935126305 ], [ 7483722.639435693621635, 342161.331692919135094 ], [ 7483735.38976377248764, 342198.113188982009888 ], [ 7483759.515091866254807, 342270.644028872251511 ], [ 7483781.640748038887978, 342342.206692919135094 ], [ 7483804.641404196619987, 342423.581692919135094 ], [ 7483826.517060369253159, 342503.269028872251511 ], [ 7483846.393044620752335, 342579.550524935126305 ], [ 7483854.78740157186985, 342615.995734915137291 ] ] ] } },
{ "type": "Feature", "properties": { "FULLNAME": "NW 3RD ST / HWY 99W", "BIKE_FAC": "Bike Lane" }, "geometry": { "type": "MultiLineString", "coordinates": [ [ [ 7483854.78740157186985, 342615.995734915137291 ], [ 7483863.39337269961834, 342653.612860888242722 ], [ 7483879.144028872251511, 342732.363188982009888 ], [ 7483893.769356951117516, 342814.144356951117516 ], [ 7483900.394685044884682, 342855.832020998001099 ], [ 7483906.145341202616692, 342897.644356951117516 ], [ 7483911.020669296383858, 342939.550524935126305 ], [ 7483914.395669296383858, 342971.488188982009888 ], [ 7483918.645997375249863, 343021.894356951117516 ], [ 7483922.271325454115868, 343072.363188982009888 ], [ 7483925.146653547883034, 343122.863517060875893 ], [ 7483925.396981626749039, 343128.988517060875893 ], [ 7483926.52263779938221, 343166.55085301399231 ], [ 7483926.772309705615044, 343204.113188982009888 ], [ 7483926.27263779938221, 343241.676181107759476 ] ] ] } },
{ "type": "Feature", "properties": { "FULLNAME": "NW 4TH ST / HWY 99W", "BIKE_FAC": "Bike Lane" }, "geometry": { "type": "MultiLineString", "coordinates": [ [ [ 7482843.380577430129051, 340733.45767717063427 ], [ 7482854.505577430129051, 340762.645341202616692 ], [ 7482864.630249351263046, 340790.926837265491486 ], [ 7482880.755905508995056, 340829.208005249500275 ], [ 7482897.006233602762222, 340868.738845139741898 ], [ 7482926.506561681628227, 340938.988845139741898 ], [ 7482957.257217854261398, 341015.301509186625481 ], [ 7482972.507217854261398, 341052.489173233509064 ], [ 7482987.279855638742447, 341088.512795269489288 ] ] ] } },
{ "type": "Feature", "properties": { "FULLNAME": "NW 4TH ST / HWY 99W", "BIKE_FAC": "Bike Lane" }, "geometry": { "type": "MultiLineString", "coordinates": [ [ [ 7482987.279855638742447, 341088.512795269489288 ], [ 7483002.133202105760574, 341125.301509186625481 ], [ 7483028.883530184626579, 341191.738845139741898 ], [ 7483056.508858263492584, 341259.614173233509064 ], [ 7483069.13418635725975, 341291.520341202616692 ], [ 7483084.38418635725975, 341329.426181107759476 ], [ 7483104.25984251499176, 341378.33267717063427 ], [ 7483119.635170608758926, 341416.926509186625481 ], [ 7483130.635498687624931, 341444.70767717063427 ] ] ] } },
{ "type": "Feature", "properties": { "FULLNAME": "NW 4TH ST / HWY 99W", "BIKE_FAC": "Bike Lane" }, "geometry": { "type": "MultiLineString", "coordinates": [ [ [ 7483130.635498687624931, 341444.70767717063427 ], [ 7483146.760170608758926, 341483.238845139741898 ], [ 7483168.760826766490936, 341539.426181107759476 ], [ 7483189.136154860258102, 341591.114173233509064 ], [ 7483205.636811017990112, 341632.770013123750687 ], [ 7483222.136811017990112, 341673.926509186625481 ], [ 7483246.762139111757278, 341736.145341202616692 ], [ 7483261.012467190623283, 341772.020013123750687 ], [ 7483275.637795269489288, 341810.20767717063427 ], [ 7483294.013123363256454, 341855.832349076867104 ], [ 7483306.638451442122459, 341889.176509186625481 ], [ 7483323.138779520988464, 341931.113845139741898 ], [ 7483341.88910761475563, 341977.613517060875893 ], [ 7483363.639435693621635, 342032.395341202616692 ], [ 7483381.13976377248764, 342076.614173233509064 ], [ 7483399.890091866254807, 342123.583005249500275 ] ] ] } },
{ "type": "Feature", "properties": { "FULLNAME": "SW 5TH ST", "BIKE_FAC": "Bike Lane" }, "geometry": { "type": "MultiLineString", "coordinates": [ [ [ 7481416.213910758495331, 338009.815288707613945 ], [ 7481462.218832015991211, 338120.277887135744095 ], [ 7481492.16666667163372, 338195.104330703616142 ], [ 7481521.420275583863258, 338267.847112864255905 ], [ 7481546.463582679629326, 338330.781167984008789 ], [ 7481559.51476377248764, 338363.280839890241623 ] ] ] } },
{ "type": "Feature", "properties": { "FULLNAME": "SW 5TH ST", "BIKE_FAC": "Bike Lane" }, "geometry": { "type": "MultiLineString", "coordinates": [ [ [ 7481559.51476377248764, 338363.280839890241623 ], [ 7481576.421916007995605, 338404.638123363256454 ], [ 7481606.890419945120811, 338479.117454066872597 ], [ 7481631.803805768489838, 338541.00984251499176 ], [ 7481658.491141736507416, 338616.86515748500824 ], [ 7481684.116141736507416, 338680.521653547883034 ], [ 7481700.991469815373421, 338722.74015748500824 ] ] ] } },
{ "type": "Feature", "properties": { "FULLNAME": "SW 5TH ST", "BIKE_FAC": "Bike Lane" }, "geometry": { "type": "MultiLineString", "coordinates": [ [ [ 7481700.991469815373421, 338722.74015748500824 ], [ 7481723.116797894239426, 338776.396653547883034 ], [ 7481752.992454066872597, 338848.802493438124657 ], [ 7481781.993110239505768, 338919.396325454115868 ], [ 7481812.243766397237778, 338993.396653547883034 ], [ 7481835.868766397237778, 339050.396653547883034 ], [ 7481846.97670604288578, 339078.01410761475563 ] ] ] } },
{ "type": "Feature", "properties": { "FULLNAME": "SW 5TH ST", "BIKE_FAC": "Bike Lane" }, "geometry": { "type": "MultiLineString", "coordinates": [ [ [ 7481846.97670604288578, 339078.01410761475563 ], [ 7481861.494422569870949, 339111.833989500999451 ], [ 7481894.24507874250412, 339193.583989500999451 ], [ 7481926.120406821370125, 339271.99015748500824 ], [ 7481954.245734915137291, 339340.552493438124657 ], [ 7481976.746062994003296, 339393.708989500999451 ], [ 7481990.746062994003296, 339425.802493438124657 ], [ 7481993.496719166636467, 339432.083661422133446 ] ] ] } },
{ "type": "Feature", "properties": { "FULLNAME": "SW 5TH ST", "BIKE_FAC": "Bike Lane" }, "geometry": { "type": "MultiLineString", "coordinates": [ [ [ 7481993.496719166636467, 339432.083661422133446 ], [ 7482009.496719166636467, 339468.396325454115868 ], [ 7482075.623031497001648, 339632.083661422133446 ], [ 7482102.248687669634819, 339699.677493438124657 ], [ 7482124.123687669634819, 339749.990485563874245 ], [ 7482139.624015748500824, 339788.864829391241074 ] ] ] } },
{ "type": "Feature", "properties": { "FULLNAME": "NW 5TH ST", "BIKE_FAC": "Bike Lane" }, "geometry": { "type": "MultiLineString", "coordinates": [ [ [ 7482139.624015748500824, 339788.864829391241074 ], [ 7482154.374343827366829, 339825.989829391241074 ], [ 7482173.999671921133995, 339876.177165359258652 ], [ 7482216.875656172633171, 339981.739829391241074 ], [ 7482262.500984251499176, 340093.177821516990662 ], [ 7482280.659120738506317, 340138.991797894239426 ] ] ] } },
{ "type": "Feature", "properties": { "FULLNAME": "NW 5TH ST", "BIKE_FAC": "Bike Lane" }, "geometry": { "type": "MultiLineString", "coordinates": [ [ [ 7482280.659120738506317, 340138.991797894239426 ], [ 7482330.127624675631523, 340256.021325454115868 ], [ 7482355.753280833363533, 340319.333661422133446 ], [ 7482378.628280833363533, 340374.396325454115868 ], [ 7482399.878937005996704, 340426.333661422133446 ], [ 7482412.628608927130699, 340457.458661422133446 ], [ 7482426.378937005996704, 340491.364829391241074 ] ] ] } },
{ "type": "Feature", "properties": { "FULLNAME": "NW 5TH ST", "BIKE_FAC": "Bike Lane" }, "geometry": { "type": "MultiLineString", "coordinates": [ [ [ 7482426.378937005996704, 340491.364829391241074 ], [ 7482436.629265084862709, 340515.896325454115868 ], [ 7482448.504265084862709, 340544.70833332836628 ], [ 7482462.504593178629875, 340578.989829391241074 ], [ 7482480.37992125749588, 340624.802165359258652 ], [ 7482500.255249351263046, 340674.489829391241074 ], [ 7482518.755577430129051, 340717.302165359258652 ], [ 7482533.255905508995056, 340752.052821516990662 ], [ 7482546.631233602762222, 340782.802165359258652 ], [ 7482556.756233602762222, 340806.802165359258652 ], [ 7482566.506561681628227, 340831.24015748500824 ], [ 7482570.631233602762222, 340840.739501312375069 ] ] ] } },
{ "type": "Feature", "properties": { "FULLNAME": "NW 5TH ST", "BIKE_FAC": "Bike Lane" }, "geometry": { "type": "MultiLineString", "coordinates": [ [ [ 7482570.631233602762222, 340840.739501312375069 ], [ 7482575.381561681628227, 340851.864829391241074 ], [ 7482586.131561681628227, 340878.489829391241074 ], [ 7482601.132217854261398, 340917.302165359258652 ], [ 7482620.757545933127403, 340965.052165359258652 ], [ 7482639.382545933127403, 341009.146325454115868 ], [ 7482660.007874011993408, 341061.802165359258652 ], [ 7482677.508202105760574, 341105.70833332836628 ], [ 7482694.383858263492584, 341146.58333332836628 ], [ 7482703.63418635725975, 341170.489829391241074 ], [ 7482713.00918635725975, 341195.74015748500824 ] ] ] } },
{ "type": "Feature", "properties": { "FULLNAME": "NW 5TH ST", "BIKE_FAC": "Bike Lane" }, "geometry": { "type": "MultiLineString", "coordinates": [ [ [ 7482713.00918635725975, 341195.74015748500824 ], [ 7482722.25918635725975, 341217.58333332836628 ], [ 7482736.634514436125755, 341251.489501312375069 ], [ 7482751.88484251499176, 341287.458661422133446 ], [ 7482766.88484251499176, 341322.427165359258652 ], [ 7482811.510826766490936, 341431.770997375249863 ], [ 7482846.52755905687809, 341515.277230978012085 ], [ 7482860.636811017990112, 341552.364829391241074 ] ] ] } },
{ "type": "Feature", "properties": { "FULLNAME": "NW 5TH ST", "BIKE_FAC": "Bike Lane" }, "geometry": { "type": "MultiLineString", "coordinates": [ [ [ 7482860.636811017990112, 341552.364829391241074 ], [ 7482862.386811017990112, 341556.395997375249863 ], [ 7482874.512139111757278, 341584.770997375249863 ], [ 7482893.762139111757278, 341632.333661422133446 ], [ 7482908.887795269489288, 341669.739829391241074 ], [ 7482925.637795269489288, 341709.08333332836628 ], [ 7482942.763123363256454, 341751.833661422133446 ], [ 7482958.513123363256454, 341790.677165359258652 ], [ 7482973.388451442122459, 341826.364829391241074 ], [ 7482989.513779520988464, 341868.395997375249863 ], [ 7483010.638779520988464, 341918.489501312375069 ], [ 7483033.014435693621635, 341973.302165359258652 ], [ 7483052.63976377248764, 342018.552165359258652 ], [ 7483071.765091866254807, 342066.552165359258652 ], [ 7483092.265748038887978, 342117.020997375249863 ], [ 7483115.765748038887978, 342172.801837265491486 ], [ 7483138.191601052880287, 342227.64829395711422 ] ] ] } },
{ "type": "Feature", "properties": { "FULLNAME": "NW 5TH ST", "BIKE_FAC": "Bike Lane" }, "geometry": { "type": "MultiLineString", "coordinates": [ [ [ 7483138.191601052880287, 342227.64829395711422 ], [ 7483154.266732290387154, 342266.739501312375069 ], [ 7483176.266732290387154, 342320.239501312375069 ], [ 7483199.017388448119164, 342374.614501312375069 ], [ 7483217.893044620752335, 342422.645669296383858 ], [ 7483235.268044620752335, 342466.645997375249863 ], [ 7483261.39337269961834, 342538.58333332836628 ], [ 7483281.644356951117516, 342596.083661422133446 ], [ 7483297.894685044884682, 342642.176837265491486 ], [ 7483326.645013123750687, 342722.302493438124657 ], [ 7483356.478674545884132, 342816.260498687624931 ] ] ] } },
{ "type": "Feature", "properties": { "FULLNAME": "NW 5TH ST", "BIKE_FAC": "Bike Lane" }, "geometry": { "type": "MultiLineString", "coordinates": [ [ [ 7483356.478674545884132, 342816.260498687624931 ], [ 7483364.858595803380013, 342840.593175858259201 ], [ 7483425.233595803380013, 343015.905183732509613 ], [ 7483435.529527559876442, 343043.879265084862709 ], [ 7483449.031167984008789, 343083.703740164637566 ], [ 7483452.916338577866554, 343096.428149610757828 ], [ 7483455.636154860258102, 343107.986876636743546 ], [ 7483457.772965878248215, 343119.739829391241074 ], [ 7483459.132874011993408, 343131.978674545884132 ], [ 7483459.909776896238327, 343144.314304456114769 ], [ 7483459.44422572851181, 343156.839238852262497 ], [ 7483458.859908133745193, 343166.072834640741348 ], [ 7483457.691272959113121, 343175.072178483009338 ], [ 7483455.353674545884132, 343186.994094491004944 ], [ 7483452.081036746501923, 343197.513123363256454 ], [ 7483448.106955379247665, 343209.201115489006042 ], [ 7483443.548556432127953, 343219.603346452116966 ], [ 7483438.172244101762772, 343229.888779520988464 ], [ 7483432.094488188624382, 343239.823490813374519 ], [ 7483425.783136487007141, 343249.173884510993958 ], [ 7483418.770341202616692, 343257.822834640741348 ], [ 7483411.056102365255356, 343265.887467190623283 ], [ 7483401.706036746501923, 343274.653543308377266 ], [ 7483392.706364825367928, 343282.133858263492584 ] ] ] } },
{ "type": "Feature", "properties": { "FULLNAME": "SW 15TH ST", "BIKE_FAC": "Bike Lane" }, "geometry": { "type": "MultiLineString", "coordinates": [ [ [ 7479158.857939630746841, 336984.276902884244919 ], [ 7479157.35728345811367, 336919.12007874250412 ], [ 7479155.106955379247665, 336879.151574805378914 ], [ 7479153.231955379247665, 336846.088910758495331 ], [ 7479147.730971127748489, 336771.588910758495331 ], [ 7479142.605971127748489, 336714.526574805378914 ], [ 7479137.729986876249313, 336639.963910758495331 ], [ 7479133.354658797383308, 336569.088910758495331 ], [ 7479132.354330703616142, 336520.432414695620537 ], [ 7479132.604002624750137, 336515.026246726512909 ], [ 7479133.604002624750137, 336506.901246726512909 ], [ 7479135.354002624750137, 336498.901246726512909 ], [ 7479137.854002624750137, 336491.088910758495331 ], [ 7479141.103674545884132, 336483.588910758495331 ], [ 7479145.104002624750137, 336476.401574805378914 ], [ 7479148.978674545884132, 336470.776246726512909 ] ] ] } },
{ "type": "Feature", "properties": { "FULLNAME": "SW 15TH ST", "BIKE_FAC": "Bike Lane" }, "geometry": { "type": "MultiLineString", "coordinates": [ [ [ 7479218.366141736507416, 338045.371062994003296 ], [ 7479216.24081364274025, 337983.464895009994507 ], [ 7479213.989829391241074, 337932.933398947119713 ], [ 7479209.989829391241074, 337845.089566931128502 ], [ 7479207.114501312375069, 337794.558727040886879 ], [ 7479204.238845139741898, 337743.808398947119713 ], [ 7479200.613517060875893, 337683.777230978012085 ], [ 7479199.488188982009888, 337664.277230978012085 ], [ 7479197.237860888242722, 337627.089566931128502 ], [ 7479193.487532809376717, 337565.183398947119713 ], [ 7479188.611548557877541, 337482.839238852262497 ], [ 7479183.861548557877541, 337400.683398947119713 ], [ 7479180.735564306378365, 337349.433070868253708 ], [ 7479178.860564306378365, 337318.464238852262497 ], [ 7479176.98523622751236, 337286.433398947119713 ], [ 7479172.859580054879189, 337215.839566931128502 ], [ 7479170.109580054879189, 337171.151902884244919 ] ] ] } },
{ "type": "Feature", "properties": { "FULLNAME": "SW 15TH ST", "BIKE_FAC": "Bike Lane" }, "geometry": { "type": "MultiLineString", "coordinates": [ [ [ 7479180.744422569870949, 338409.653215229511261 ], [ 7479182.493766397237778, 338391.559055119752884 ], [ 7479187.243766397237778, 338343.152887135744095 ], [ 7479192.618110239505768, 338286.090551182627678 ], [ 7479197.617782145738602, 338241.871719166636467 ], [ 7479203.492454066872597, 338199.02755905687809 ], [ 7479211.367125988006592, 338135.434055119752884 ], [ 7479217.616469815373421, 338081.714895009994507 ], [ 7479218.366141736507416, 338045.371062994003296 ] ] ] } },
{ "type": "Feature", "properties": { "FULLNAME": "SW 15TH ST", "BIKE_FAC": "Bike Lane" }, "geometry": { "type": "MultiLineString", "coordinates": [ [ [ 7479153.222112864255905, 338817.757217854261398 ], [ 7479152.899934381246567, 338811.954068243503571 ], [ 7479153.222112864255905, 338802.927493438124657 ], [ 7479153.544619426131248, 338773.912729665637016 ], [ 7479152.577427819371223, 338750.378608927130699 ], [ 7479150.965551182627678, 338725.877296581864357 ], [ 7479150.643044620752335, 338713.304461941123009 ], [ 7479149.998359575867653, 338700.086614176630974 ], [ 7479149.353674545884132, 338685.579396322369576 ], [ 7479149.031167984008789, 338673.328740164637566 ], [ 7479149.67585301399231, 338656.564632549881935 ], [ 7479150.643044620752335, 338626.260498687624931 ], [ 7479157.735564306378365, 338584.672900259494781 ], [ 7479168.74507874250412, 338531.122047245502472 ], [ 7479176.119422569870949, 338458.152887135744095 ], [ 7479180.744422569870949, 338409.653215229511261 ] ] ] } },
{ "type": "Feature", "properties": { "FULLNAME": "SW 26TH ST", "BIKE_FAC": "Bike Lane" }, "geometry": { "type": "MultiLineString", "coordinates": [ [ [ 7477721.239173233509064, 337382.312335953116417 ], [ 7477721.613517060875893, 337348.187335953116417 ], [ 7477720.988188982009888, 337327.031167984008789 ], [ 7477719.488188982009888, 337271.031167984008789 ], [ 7477717.862532809376717, 337209.312007874250412 ], [ 7477717.612204730510712, 337175.249671921133995 ], [ 7477718.111876636743546, 337141.186679795384407 ], [ 7477719.486548557877541, 337107.155839890241623 ], [ 7477722.611220479011536, 337058.811679795384407 ], [ 7477726.611220479011536, 337015.405511811375618 ], [ 7477732.48523622751236, 336950.687007874250412 ], [ 7477738.609908133745193, 336881.562007874250412 ], [ 7477744.859251961112022, 336817.655511811375618 ], [ 7477749.358923882246017, 336758.030183732509613 ], [ 7477750.483595803380013, 336730.467847764492035 ], [ 7477751.108923882246017, 336701.405511811375618 ], [ 7477750.733267709612846, 336672.342847764492035 ], [ 7477749.732939630746841, 336643.280183732509613 ], [ 7477745.732611551880836, 336590.155183732509613 ] ] ] } },
{ "type": "Feature", "properties": { "FULLNAME": "NW 29TH ST", "BIKE_FAC": "Bike Lane" }, "geometry": { "type": "MultiLineString", "coordinates": [ [ [ 7476918.155511811375618, 342468.506561681628227 ], [ 7476917.364501312375069, 342502.492454066872597 ], [ 7476919.319553807377815, 342538.171916007995605 ], [ 7476923.229658797383308, 342617.351049870252609 ], [ 7476919.473097115755081, 342682.850721791386604 ], [ 7476921.65748031437397, 342717.881889760494232 ], [ 7476924.908136487007141, 342765.663057744503021 ], [ 7476927.158464565873146, 342800.475393697619438 ], [ 7476928.658464565873146, 342820.975393697619438 ] ] ] } },
{ "type": "Feature", "properties": { "FULLNAME": "NW 29TH ST", "BIKE_FAC": "Bike Lane" }, "geometry": { "type": "MultiLineString", "coordinates": [ [ [ 7476928.658464565873146, 342820.975393697619438 ], [ 7476930.658464565873146, 342841.350393697619438 ], [ 7476933.783792644739151, 342886.757217854261398 ], [ 7476940.034776896238327, 342967.288057744503021 ], [ 7476945.535104990005493, 343046.819553807377815 ], [ 7476951.410761147737503, 343124.81988188624382 ], [ 7476954.785761147737503, 343170.600721791386604 ] ] ] } },
{ "type": "Feature", "properties": { "FULLNAME": "NW 29TH ST", "BIKE_FAC": "Bike Lane" }, "geometry": { "type": "MultiLineString", "coordinates": [ [ [ 7476954.785761147737503, 343170.600721791386604 ], [ 7476956.661417320370674, 343197.194553807377815 ], [ 7476962.16174541413784, 343274.94488188624382 ], [ 7476970.287729665637016, 343385.726377949118614 ], [ 7476974.913057744503021, 343448.695209980010986 ], [ 7476979.163713917136192, 343506.257217854261398 ] ] ] } },
{ "type": "Feature", "properties": { "FULLNAME": "SW 35TH ST", "BIKE_FAC": "Bike Lane" }, "geometry": { "type": "MultiLineString", "coordinates": [ [ [ 7475061.229002624750137, 335475.849081367254257 ], [ 7475064.354986876249313, 335566.067913383245468 ], [ 7475072.85662730038166, 335815.130249351263046 ], [ 7475073.48162730038166, 335836.068241477012634 ], [ 7475076.107939630746841, 335912.474409446120262 ], [ 7475078.608595803380013, 335995.912073493003845 ], [ 7475081.358923882246017, 336074.162073493003845 ], [ 7475083.359251961112022, 336138.005905508995056 ], [ 7475084.609580054879189, 336188.974409446120262 ], [ 7475086.735564306378365, 336252.256233602762222 ] ] ] } },
{ "type": "Feature", "properties": { "FULLNAME": "SW 35TH ST", "BIKE_FAC": "Bike Lane" }, "geometry": { "type": "MultiLineString", "coordinates": [ [ [ 7475086.735564306378365, 336252.256233602762222 ], [ 7475088.360564306378365, 336302.568241477012634 ], [ 7475090.36089238524437, 336364.443569555878639 ], [ 7475092.986548557877541, 336412.630905508995056 ], [ 7475093.486548557877541, 336427.755905508995056 ] ] ] } },
{ "type": "Feature", "properties": { "FULLNAME": "SW 35TH ST", "BIKE_FAC": "Bike Lane" }, "geometry": { "type": "MultiLineString", "coordinates": [ [ [ 7475093.486548557877541, 336427.755905508995056 ], [ 7475095.112204730510712, 336480.068569555878639 ], [ 7475096.987860888242722, 336547.349737539887428 ], [ 7475098.612860888242722, 336588.537729665637016 ] ] ] } },
{ "type": "Feature", "properties": { "FULLNAME": "SW 35TH ST", "BIKE_FAC": "Bike Lane" }, "geometry": { "type": "MultiLineString", "coordinates": [ [ [ 7475098.612860888242722, 336588.537729665637016 ], [ 7475100.113188982009888, 336628.318569555878639 ], [ 7475103.238845139741898, 336724.381561681628227 ], [ 7475106.739829391241074, 336822.756233602762222 ], [ 7475109.61515748500824, 336895.350065618753433 ], [ 7475111.741141736507416, 336960.756561681628227 ], [ 7475113.241141736507416, 337012.537729665637016 ], [ 7475114.491469815373421, 337073.068897634744644 ], [ 7475112.617125988006592, 337111.006561681628227 ] ] ] } },
{ "type": "Feature", "properties": { "FULLNAME": "NW 35TH ST", "BIKE_FAC": "Bike Lane" }, "geometry": { "type": "MultiLineString", "coordinates": [ [ [ 7475241.903215229511261, 341771.104002624750137 ], [ 7475243.403871387243271, 341811.573162734508514 ], [ 7475245.404199481010437, 341869.041994750499725 ], [ 7475246.654527559876442, 341922.698162734508514 ], [ 7475248.280183732509613, 341994.479330703616142 ], [ 7475250.280511811375618, 342057.948490813374519 ], [ 7475253.01771654188633, 342152.658464565873146 ] ] ] } },
{ "type": "Feature", "properties": { "FULLNAME": "NW 35TH ST", "BIKE_FAC": "Bike Lane" }, "geometry": { "type": "MultiLineString", "coordinates": [ [ [ 7475253.01771654188633, 342152.658464565873146 ], [ 7475262.983595803380013, 342510.689632549881935 ] ] ] } },
{ "type": "Feature", "properties": { "FULLNAME": "SW 49TH ST", "BIKE_FAC": "Bike Lane" }, "geometry": { "type": "MultiLineString", "coordinates": [ [ [ 7470521.487532809376717, 333586.459973752498627 ], [ 7470522.973753273487091, 333620.172572180628777 ], [ 7470524.849081367254257, 333665.984908133745193 ], [ 7470526.349409446120262, 333710.328740164637566 ], [ 7470527.850065618753433, 333756.016404196619987 ], [ 7470530.100393697619438, 333803.641076117753983 ], [ 7470532.601049870252609, 333866.297900259494781 ], [ 7470534.226049870252609, 333906.797244101762772 ], [ 7470535.601377949118614, 333947.422572180628777 ], [ 7470535.976377949118614, 333966.234908133745193 ], [ 7470536.352034121751785, 333972.704068243503571 ], [ 7470535.976377949118614, 333979.204068243503571 ], [ 7470534.72670604288578, 333985.61023622751236 ], [ 7470532.852034121751785, 333991.797572180628777 ], [ 7470530.102034121751785, 333997.73523622751236 ], [ 7470526.72670604288578, 334003.266404196619987 ], [ 7470522.727034121751785, 334008.391404196619987 ], [ 7470518.102034121751785, 334012.954068243503571 ], [ 7470512.977034121751785, 334016.954068243503571 ], [ 7470507.352034121751785, 334020.266404196619987 ], [ 7470501.477034121751785, 334022.891404196619987 ], [ 7470495.227034121751785, 334024.798228353261948 ], [ 7470487.102034121751785, 334026.297900259494781 ], [ 7470478.85236220061779, 334027.047900259494781 ], [ 7470475.602034121751785, 334027.11023622751236 ], [ 7470409.602034121751785, 334029.485564306378365 ], [ 7470355.97736220061779, 334031.298556432127953 ], [ 7470302.60236220061779, 334033.580052495002747 ], [ 7470262.35236220061779, 334035.11089238524437 ], [ 7470236.352690294384956, 334036.579724416136742 ], [ 7470216.477690294384956, 334037.923556432127953 ], [ 7470207.977690294384956, 334039.673884510993958 ], [ 7470199.602690294384956, 334042.173884510993958 ], [ 7470191.477690294384956, 334045.455380573868752 ], [ 7470183.602690294384956, 334049.423556432127953 ], [ 7470176.228018373250961, 334054.079724416136742 ], [ 7470169.228018373250961, 334059.392388448119164 ], [ 7470162.853018373250961, 334065.330052495002747 ], [ 7470156.978346452116966, 334071.798556432127953 ], [ 7470151.603346452116966, 334078.767388448119164 ], [ 7470146.978346452116966, 334086.205380573868752 ], [ 7470144.353346452116966, 334091.142388448119164 ], [ 7470140.728346452116966, 334100.330380573868752 ], [ 7470137.728674545884132, 334109.798556432127953 ], [ 7470135.603674545884132, 334119.486220479011536 ], [ 7470134.228674545884132, 334129.298884510993958 ], [ 7470133.604002624750137, 334139.205052495002747 ], [ 7470133.729002624750137, 334149.14271654188633 ], [ 7470133.978674545884132, 334152.736548557877541 ], [ 7470136.604330703616142, 334228.64271654188633 ], [ 7470138.729986876249313, 334284.705380573868752 ], [ 7470140.105314955115318, 334324.361548557877541 ], [ 7470142.605971127748489, 334390.580708667635918 ], [ 7470146.231299206614494, 334483.955708667635918 ], [ 7470147.48162730038166, 334526.830380573868752 ], [ 7470148.106955379247665, 334568.924540683627129 ] ] ] } },
{ "type": "Feature", "properties": { "FULLNAME": "SW BROOKLANE DR", "BIKE_FAC": "Bike Lane" }, "geometry": { "type": "MultiLineString", "coordinates": [ [ [ 7476893.713582679629326, 333908.510498687624931 ], [ 7476892.337926506996155, 333883.010498687624931 ], [ 7476882.710629925131798, 333714.791338577866554 ], [ 7476882.709645673632622, 333668.010170608758926 ], [ 7476880.617454066872597, 333587.434383198618889 ], [ 7476881.710629925131798, 333559.498687669634819 ], [ 7476878.709317579865456, 333433.436023622751236 ], [ 7476872.529855638742447, 333385.002624675631523 ], [ 7476869.955052495002747, 333355.353346452116966 ], [ 7476867.203083992004395, 333186.946850389242172 ], [ 7476860.952099740505219, 333132.353018373250961 ], [ 7476860.97736220061779, 333113.1998031437397 ], [ 7476854.552165359258652, 333063.224737539887428 ], [ 7476844.31922572851181, 333006.824475064873695 ] ] ] } },
{ "type": "Feature", "properties": { "FULLNAME": "NW ARNOLD WAY", "BIKE_FAC": "Bike Lane" }, "geometry": { "type": "MultiLineString", "coordinates": [ [ [ 7477765.145669296383858, 341432.784776896238327 ], [ 7477741.146325454115868, 341461.034776896238327 ], [ 7477708.146325454115868, 341501.441601052880287 ], [ 7477670.146653547883034, 341547.191272959113121 ], [ 7477626.343175858259201, 341601.677821516990662 ], [ 7477589.843175858259201, 341646.678149610757828 ], [ 7477553.081036746501923, 341691.057414695620537 ], [ 7477525.47670604288578, 341725.128608927130699 ] ] ] } },
{ "type": "Feature", "properties": { "FULLNAME": "NW ARNOLD WAY", "BIKE_FAC": "Bike Lane" }, "geometry": { "type": "MultiLineString", "coordinates": [ [ [ 7477525.47670604288578, 341725.128608927130699 ], [ 7477509.496062994003296, 341745.042979001998901 ], [ 7477488.237204730510712, 341770.440944880247116 ], [ 7477448.914370074868202, 341819.269356951117516 ], [ 7477422.331036746501923, 341852.918307080864906 ] ] ] } },
{ "type": "Feature", "properties": { "FULLNAME": "NW ARNOLD WAY", "BIKE_FAC": "Bike Lane" }, "geometry": { "type": "MultiLineString", "coordinates": [ [ [ 7477422.331036746501923, 341852.918307080864906 ], [ 7477417.663385823369026, 341858.894028872251511 ], [ 7477412.542979001998901, 341865.4498031437397 ] ] ] } },
{ "type": "Feature", "properties": { "FULLNAME": "NW ARNOLD WAY", "BIKE_FAC": "Bike Lane" }, "geometry": { "type": "MultiLineString", "coordinates": [ [ [ 7477201.854330703616142, 342123.397965878248215 ], [ 7477196.825131237506866, 342129.870406821370125 ] ] ] } },
{ "type": "Feature", "properties": { "FULLNAME": "NW ARNOLD WAY", "BIKE_FAC": "Bike Lane" }, "geometry": { "type": "MultiLineString", "coordinates": [ [ [ 7477127.936023622751236, 342212.034776896238327 ], [ 7477112.528215229511261, 342231.403215229511261 ], [ 7477084.590879261493683, 342267.006233602762222 ], [ 7477066.846784770488739, 342288.966207355260849 ], [ 7477053.174868762493134, 342308.443241477012634 ], [ 7477038.670603677630424, 342330.460958003997803 ], [ 7477023.986548557877541, 342349.729986876249313 ], [ 7477004.99015748500824, 342374.428149610757828 ], [ 7476965.935367450118065, 342422.483923882246017 ], [ 7476943.040354326367378, 342445.758530184626579 ], [ 7476918.155511811375618, 342468.506561681628227 ] ] ] } },
{ "type": "Feature", "properties": { "FULLNAME": "53RD ST", "BIKE_FAC": "Bike Lane" }, "geometry": { "type": "MultiLineString", "coordinates": [ [ [ 7469375.060695543885231, 340344.820538058876991 ], [ 7469380.579396322369576, 340618.359580054879189 ] ] ] } },
{ "type": "Feature", "properties": { "FULLNAME": "SW AVERY AVE", "BIKE_FAC": "Bike Lane" }, "geometry": { "type": "MultiLineString", "coordinates": [ [ [ 7481421.837926506996155, 335072.018700793385506 ], [ 7481406.713582679629326, 335072.331036746501923 ], [ 7481383.71325458586216, 335073.362204730510712 ], [ 7481358.713582679629326, 335074.581364825367928 ], [ 7481317.83825458586216, 335076.112860888242722 ], [ 7481287.588582679629326, 335077.237860888242722 ], [ 7481260.338910758495331, 335078.331692919135094 ], [ 7481226.213582679629326, 335079.644028872251511 ], [ 7481191.838910758495331, 335080.925524935126305 ], [ 7481161.463910758495331, 335081.894356951117516 ], [ 7481127.088910758495331, 335082.675524935126305 ], [ 7481090.213910758495331, 335083.082020998001099 ], [ 7481058.714238852262497, 335083.394356951117516 ], [ 7481020.088910758495331, 335084.301181107759476 ], [ 7480989.339238852262497, 335084.67585301399231 ], [ 7480980.714238852262497, 335084.769685044884682 ], [ 7480940.089566931128502, 335085.238517060875893 ], [ 7480890.214566931128502, 335086.270341202616692 ], [ 7480846.964238852262497, 335087.051509186625481 ], [ 7480807.214895009994507, 335087.801509186625481 ], [ 7480771.339895009994507, 335088.551837265491486 ], [ 7480725.464566931128502, 335088.708005249500275 ], [ 7480691.965223103761673, 335089.614173233509064 ], [ 7480644.214895009994507, 335090.395997375249863 ], [ 7480600.589895009994507, 335091.145997375249863 ], [ 7480574.964895009994507, 335091.489829391241074 ], [ 7480541.839895009994507, 335092.052165359258652 ], [ 7480509.215223103761673, 335092.802493438124657 ], [ 7480475.590223103761673, 335093.208989500999451 ], [ 7480431.965223103761673, 335093.521325454115868 ], [ 7480403.715223103761673, 335093.302493438124657 ], [ 7480375.590551182627678, 335092.302493438124657 ], [ 7480350.715551182627678, 335090.771653547883034 ], [ 7480315.340551182627678, 335089.521325454115868 ], [ 7480293.590551182627678, 335089.365485563874245 ], [ 7480286.340879261493683, 335089.553149610757828 ], [ 7480273.090551182627678, 335090.052821516990662 ], [ 7480259.590879261493683, 335090.553149610757828 ], [ 7480240.340551182627678, 335091.209645673632622 ] ] ] } },
{ "type": "Feature", "properties": { "FULLNAME": "SW AVERY PARK DR", "BIKE_FAC": "Bike Lane" }, "geometry": { "type": "MultiLineString", "coordinates": [ [ [ 7479842.849081367254257, 336001.242454066872597 ], [ 7479858.723425194621086, 335983.679790019989014 ], [ 7479874.973097115755081, 335966.648622050881386 ], [ 7479891.848097115755081, 335950.18011811375618 ], [ 7479909.347769021987915, 335934.30511811375618 ], [ 7479918.098097115755081, 335927.117125988006592 ], [ 7479934.84744094312191, 335914.117454066872597 ], [ 7479952.097769021987915, 335901.773622050881386 ], [ 7479969.72244094312191, 335890.085629925131798 ], [ 7479987.847112864255905, 335879.085958003997803 ], [ 7480006.347112864255905, 335868.741797894239426 ], [ 7480021.097112864255905, 335860.867125988006592 ], [ 7480039.47244094312191, 335851.867125988006592 ], [ 7480058.222112864255905, 335843.554133862257004 ], [ 7480077.346784770488739, 335835.991797894239426 ], [ 7480096.597112864255905, 335829.179133862257004 ], [ 7480116.221456691622734, 335823.085301831364632 ], [ 7480146.847112864255905, 335812.710301831364632 ], [ 7480159.596784770488739, 335808.366469815373421 ], [ 7480174.346456691622734, 335802.616469815373421 ], [ 7480188.596128612756729, 335796.116141736507416 ], [ 7480202.596456691622734, 335788.928805768489838 ], [ 7480216.221128612756729, 335781.053805768489838 ], [ 7480219.221128612756729, 335778.928805768489838 ], [ 7480229.596456691622734, 335771.02263779938221 ], [ 7480239.471128612756729, 335762.522309705615044 ], [ 7480248.721128612756729, 335753.428805768489838 ], [ 7480257.471128612756729, 335743.803805768489838 ], [ 7480265.595472440123558, 335733.64763779938221 ], [ 7480273.095800518989563, 335723.022309705615044 ], [ 7480279.970472440123558, 335711.959973752498627 ], [ 7480286.220472440123558, 335700.522309705615044 ], [ 7480291.595472440123558, 335688.709973752498627 ], [ 7480296.345144361257553, 335676.584973752498627 ], [ 7480300.344816267490387, 335664.209645673632622 ], [ 7480303.094816267490387, 335652.084645673632622 ], [ 7480305.219816267490387, 335639.241141736507416 ], [ 7480306.594816267490387, 335626.303477689623833 ], [ 7480307.094816267490387, 335613.303805768489838 ], [ 7480306.844816267490387, 335600.272309705615044 ], [ 7480305.844488188624382, 335587.303149610757828 ], [ 7480304.094488188624382, 335574.428477689623833 ], [ 7480301.469160109758377, 335561.678805768489838 ], [ 7480291.843832015991211, 335488.053805768489838 ], [ 7480280.093503937125206, 335395.897309705615044 ], [ 7480271.71751968562603, 335337.36581364274025 ], [ 7480263.217191606760025, 335267.084645673632622 ], [ 7480256.716863512992859, 335217.334645673632622 ], [ 7480249.591207355260849, 335155.802821516990662 ], [ 7480242.340879261493683, 335105.49081364274025 ] ] ] } },
{ "type": "Feature", "properties": { "FULLNAME": "SW AVERY PARK DR", "BIKE_FAC": "Bike Lane" }, "geometry": { "type": "MultiLineString", "coordinates": [ [ [ 7479148.978674545884132, 336470.776246726512909 ], [ 7479154.979002624750137, 336463.37007874250412 ], [ 7479160.853674545884132, 336457.651246726512909 ], [ 7479167.228674545884132, 336452.494750648736954 ], [ 7479174.103674545884132, 336447.963582679629326 ], [ 7479181.353674545884132, 336444.151246726512909 ], [ 7479188.853346452116966, 336441.025918632745743 ], [ 7479196.728346452116966, 336438.651246726512909 ], [ 7479233.228346452116966, 336429.119750648736954 ], [ 7479239.353674545884132, 336428.057414695620537 ], [ 7479261.353018373250961, 336423.713582679629326 ], [ 7479283.103346452116966, 336418.588582679629326 ], [ 7479304.728018373250961, 336412.682086616754532 ], [ 7479326.103018373250961, 336406.025590553879738 ], [ 7479347.227690294384956, 336398.650590553879738 ], [ 7479368.10236220061779, 336390.494750648736954 ], [ 7479417.22736220061779, 336368.650590553879738 ], [ 7479488.227034121751785, 336336.400262460112572 ], [ 7479491.852034121751785, 336334.650262460112572 ], [ 7479513.602034121751785, 336323.46259842813015 ], [ 7479535.10170604288578, 336311.556430444121361 ], [ 7479556.10170604288578, 336298.993438318371773 ], [ 7479576.85170604288578, 336285.743438318371773 ], [ 7479596.976049870252609, 336271.868766397237778 ], [ 7479615.351377949118614, 336259.399606302380562 ], [ 7479631.101049870252609, 336247.712270334362984 ], [ 7479646.351049870252609, 336235.368110239505768 ], [ 7479661.225721791386604, 336222.462270334362984 ], [ 7479675.350721791386604, 336208.93077427148819 ], [ 7479689.100393697619438, 336194.868110239505768 ], [ 7479702.100721791386604, 336180.243110239505768 ], [ 7479728.224737539887428, 336148.117782145738602 ], [ 7479731.975393697619438, 336142.805446192622185 ], [ 7479752.850065618753433, 336113.899278208613396 ], [ 7479774.349409446120262, 336085.461942255496979 ], [ 7479796.474409446120262, 336057.492782145738602 ], [ 7479819.224081367254257, 336030.023950129747391 ], [ 7479827.724081367254257, 336019.305446192622185 ], [ 7479842.849081367254257, 336001.242454066872597 ] ] ] } },
{ "type": "Feature", "properties": { "FULLNAME": "NW BUCHANAN AVE", "BIKE_FAC": "Bike Lane" }, "geometry": { "type": "MultiLineString", "coordinates": [ [ [ 7481855.532152235507965, 343884.650918632745743 ], [ 7481848.282152235507965, 343885.150918632745743 ], [ 7481814.40748031437397, 343886.369750648736954 ], [ 7481760.407152235507965, 343889.494750648736954 ], [ 7481704.78248031437397, 343891.432742789387703 ], [ 7481623.65748031437397, 343893.057742789387703 ], [ 7481578.282808393239975, 343892.089238852262497 ] ] ] } },
{ "type": "Feature", "properties": { "FULLNAME": "NW BUCHANAN AVE", "BIKE_FAC": "Bike Lane" }, "geometry": { "type": "MultiLineString", "coordinates": [ [ [ 7481578.282808393239975, 343892.089238852262497 ], [ 7481561.032808393239975, 343891.714238852262497 ], [ 7481506.782808393239975, 343891.964238852262497 ], [ 7481452.532808393239975, 343893.276902884244919 ], [ 7481382.658136487007141, 343895.120734915137291 ], [ 7481322.283136487007141, 343897.214895009994507 ], [ 7481265.658464565873146, 343900.558727040886879 ], [ 7481247.158464565873146, 343900.746062994003296 ] ] ] } },
{ "type": "Feature", "properties": { "FULLNAME": "NW BUCHANAN AVE", "BIKE_FAC": "Bike Lane" }, "geometry": { "type": "MultiLineString", "coordinates": [ [ [ 7481247.158464565873146, 343900.746062994003296 ], [ 7481220.658464565873146, 343901.02755905687809 ], [ 7481165.908464565873146, 343903.434055119752884 ], [ 7481114.283792644739151, 343903.652887135744095 ], [ 7481063.533792644739151, 343903.934383198618889 ], [ 7481019.158792644739151, 343904.372047245502472 ], [ 7480977.283792644739151, 343905.903543308377266 ], [ 7480914.409120738506317, 343906.997047245502472 ], [ 7480867.659120738506317, 343907.372375324368477 ], [ 7480814.159448817372322, 343908.153871387243271 ], [ 7480770.909120738506317, 343909.06003937125206 ], [ 7480720.159448817372322, 343910.185367450118065 ], [ 7480659.409448817372322, 343911.873031497001648 ], [ 7480605.909776896238327, 343912.748031497001648 ], [ 7480559.534776896238327, 343913.560367450118065 ], [ 7480515.034776896238327, 343915.029199481010437 ], [ 7480491.909776896238327, 343916.186023622751236 ], [ 7480474.909776896238327, 343916.967191606760025 ] ] ] } },
{ "type": "Feature", "properties": { "FULLNAME": "NW BUCHANAN AVE", "BIKE_FAC": "Bike Lane" }, "geometry": { "type": "MultiLineString", "coordinates": [ [ [ 7479925.536417320370674, 343928.781167984008789 ], [ 7479898.161417320370674, 343929.531167984008789 ], [ 7479855.786089241504669, 343930.093832015991211 ], [ 7479816.78674541413784, 343930.843832015991211 ], [ 7479762.911417320370674, 343932.125656172633171 ], [ 7479716.286417320370674, 343933.156824141740799 ], [ 7479673.16174541413784, 343934.750656172633171 ], [ 7479643.28674541413784, 343935.719160109758377 ] ] ] } },
{ "type": "Feature", "properties": { "FULLNAME": "NW BUCHANAN AVE", "BIKE_FAC": "Bike Lane" }, "geometry": { "type": "MultiLineString", "coordinates": [ [ [ 7479643.28674541413784, 343935.719160109758377 ], [ 7479615.287073493003845, 343936.531824141740799 ], [ 7479556.037073493003845, 343939.313648298382759 ], [ 7479502.162073493003845, 343941.344816267490387 ], [ 7479440.537073493003845, 343942.470144361257553 ], [ 7479370.66240157186985, 343945.376640424132347 ], [ 7479314.16240157186985, 343946.65748031437397 ], [ 7479256.537729665637016, 343947.876640424132347 ], [ 7479201.788057744503021, 343949.595472440123558 ], [ 7479162.663057744503021, 343950.876968502998352 ], [ 7479119.537729665637016, 343951.845800518989563 ], [ 7479090.037729665637016, 343952.720800518989563 ] ] ] } },
{ "type": "Feature", "properties": { "FULLNAME": "NE CIRCLE BLVD", "BIKE_FAC": "Buffered Bike Lane" }, "geometry": { "type": "MultiLineString", "coordinates": [ [ [ 7485377.561351701617241, 348411.552165359258652 ], [ 7485548.185695543885231, 348410.051509186625481 ], [ 7485617.811023622751236, 348409.051181107759476 ], [ 7485692.784120738506317, 348407.951443567872047 ] ] ] } },
{ "type": "Feature", "properties": { "FULLNAME": "NE CIRCLE BLVD", "BIKE_FAC": "Buffered Bike Lane" }, "geometry": { "type": "MultiLineString", "coordinates": [ [ [ 7486131.562992125749588, 348403.111220479011536 ], [ 7486156.688648298382759, 348402.486220479011536 ], [ 7486204.813320204615593, 348402.86089238524437 ], [ 7486250.313976377248764, 348402.173228353261948 ], [ 7486301.188648298382759, 348401.266404196619987 ], [ 7486349.314304456114769, 348401.422572180628777 ], [ 7486403.563976377248764, 348400.579068243503571 ], [ 7486450.064304456114769, 348400.078740164637566 ], [ 7486497.689304456114769, 348400.047572180628777 ], [ 7486543.064632549881935, 348399.390419945120811 ], [ 7486593.43996062874794, 348398.328412070870399 ] ] ] } },
{ "type": "Feature", "properties": { "FULLNAME": "NE CIRCLE BLVD", "BIKE_FAC": "Buffered Bike Lane" }, "geometry": { "type": "MultiLineString", "coordinates": [ [ [ 7486593.43996062874794, 348398.328412070870399 ], [ 7486644.18996062874794, 348398.515419945120811 ], [ 7486686.81496062874794, 348398.233923882246017 ], [ 7486733.81496062874794, 348398.452427819371223 ], [ 7486777.690288707613945, 348398.827427819371223 ], [ 7486808.440616801381111, 348399.202099740505219 ], [ 7486839.565616801381111, 348399.26476377248764 ], [ 7486888.440288707613945, 348399.670603677630424 ], [ 7486931.440944880247116, 348399.38910761475563 ], [ 7486974.065616801381111, 348399.201771646738052 ], [ 7486979.690616801381111, 348399.076771646738052 ] ] ] } },
{ "type": "Feature", "properties": { "FULLNAME": "NW CIRCLE BLVD", "BIKE_FAC": "Bike Lane" }, "geometry": { "type": "MultiLineString", "coordinates": [ [ [ 7484986.812007874250412, 348417.115485563874245 ], [ 7484979.812007874250412, 348417.053149610757828 ], [ 7484919.561679795384407, 348418.521981626749039 ], [ 7484826.812007874250412, 348421.428805768489838 ], [ 7484709.312664046883583, 348426.241469815373421 ], [ 7484608.812664046883583, 348430.335301831364632 ], [ 7484558.812664046883583, 348431.460301831364632 ], [ 7484553.687664046883583, 348431.52263779938221 ] ] ] } },
{ "type": "Feature", "properties": { "FULLNAME": "NW CIRCLE BLVD", "BIKE_FAC": "Bike Lane" }, "geometry": { "type": "MultiLineString", "coordinates": [ [ [ 7484553.687664046883583, 348431.52263779938221 ], [ 7484500.812992125749588, 348432.147965878248215 ], [ 7484415.187992125749588, 348432.679133862257004 ], [ 7484325.688320204615593, 348430.867454066872597 ], [ 7484218.563320204615593, 348429.55511811375618 ], [ 7484126.313648298382759, 348428.367782145738602 ], [ 7484118.188648298382759, 348428.273950129747391 ], [ 7484017.563648298382759, 348427.055446192622185 ], [ 7483930.188976377248764, 348425.961942255496979 ], [ 7483832.814304456114769, 348424.681430444121361 ], [ 7483731.439304456114769, 348423.149934381246567 ], [ 7483632.814632549881935, 348421.743766397237778 ], [ 7483527.314632549881935, 348420.462926506996155 ], [ 7483424.18996062874794, 348419.181758522987366 ], [ 7483328.18996062874794, 348417.713582679629326 ], [ 7483221.315288707613945, 348415.745406821370125 ], [ 7483130.065616801381111, 348414.526902884244919 ], [ 7483115.940616801381111, 348414.182742789387703 ] ] ] } },
{ "type": "Feature", "properties": { "FULLNAME": "NW CIRCLE BLVD", "BIKE_FAC": "Bike Lane" }, "geometry": { "type": "MultiLineString", "coordinates": [ [ [ 7483115.940616801381111, 348414.182742789387703 ], [ 7483098.815616801381111, 348413.745406821370125 ], [ 7483067.565616801381111, 348413.714238852262497 ], [ 7483036.315944880247116, 348414.495734915137291 ], [ 7483005.065616801381111, 348416.058398947119713 ], [ 7482973.815944880247116, 348418.433398947119713 ], [ 7482942.690944880247116, 348421.558727040886879 ], [ 7482927.940616801381111, 348423.339895009994507 ], [ 7482890.315944880247116, 348429.964566931128502 ], [ 7482852.815944880247116, 348437.340223103761673 ], [ 7482815.566601052880287, 348445.496062994003296 ], [ 7482778.441272959113121, 348454.402230978012085 ], [ 7482751.566601052880287, 348459.465223103761673 ], [ 7482725.816272959113121, 348463.402887135744095 ], [ 7482700.066272959113121, 348466.590551182627678 ], [ 7482674.066601052880287, 348468.965223103761673 ], [ 7482648.191601052880287, 348470.527887135744095 ], [ 7482622.191929131746292, 348471.340223103761673 ], [ 7482596.191929131746292, 348471.340223103761673 ], [ 7482584.816929131746292, 348471.121719166636467 ], [ 7482556.191929131746292, 348471.121719166636467 ] ] ] } },
{ "type": "Feature", "properties": { "FULLNAME": "NW CIRCLE BLVD", "BIKE_FAC": "Bike Lane" }, "geometry": { "type": "MultiLineString", "coordinates": [ [ [ 7482556.191929131746292, 348471.121719166636467 ], [ 7482423.817257210612297, 348471.966207355260849 ], [ 7482329.692257210612297, 348473.18503937125206 ], [ 7482277.567585304379463, 348473.560367450118065 ], [ 7482259.567585304379463, 348473.904199481010437 ] ] ] } },
{ "type": "Feature", "properties": { "FULLNAME": "NW CIRCLE BLVD", "BIKE_FAC": "Buffered Bike Lane" }, "geometry": { "type": "MultiLineString", "coordinates": [ [ [ 7482259.567585304379463, 348473.904199481010437 ], [ 7482216.942585304379463, 348474.654199481010437 ], [ 7482148.818241477012634, 348475.654527559876442 ], [ 7482094.443241477012634, 348475.498359575867653 ], [ 7482035.568241477012634, 348474.685695543885231 ], [ 7481976.818241477012634, 348473.936351701617241 ], [ 7481918.193241477012634, 348473.655183732509613 ], [ 7481850.568241477012634, 348474.280183732509613 ], [ 7481781.818569555878639, 348474.655183732509613 ], [ 7481707.943569555878639, 348475.842847764492035 ], [ 7481638.818897634744644, 348476.718503937125206 ], [ 7481580.69422572851181, 348477.374671921133995 ], [ 7481514.193897634744644, 348478.218503937125206 ], [ 7481435.44422572851181, 348479.593832015991211 ], [ 7481389.44422572851181, 348480.031496062874794 ], [ 7481359.94422572851181, 348480.094160109758377 ] ] ] } },
{ "type": "Feature", "properties": { "FULLNAME": "NW CIRCLE BLVD", "BIKE_FAC": "Buffered Bike Lane" }, "geometry": { "type": "MultiLineString", "coordinates": [ [ [ 7481359.94422572851181, 348480.094160109758377 ], [ 7481340.69422572851181, 348480.125328078866005 ], [ 7481291.194553807377815, 348480.906496062874794 ], [ 7481241.69488188624382, 348481.562992125749588 ], [ 7481186.81988188624382, 348482.125656172633171 ], [ 7481129.56988188624382, 348482.907152235507965 ], [ 7481089.069553807377815, 348483.063648298382759 ], [ 7481055.06988188624382, 348483.500984251499176 ] ] ] } },
{ "type": "Feature", "properties": { "FULLNAME": "NW CIRCLE BLVD", "BIKE_FAC": "Buffered Bike Lane" }, "geometry": { "type": "MultiLineString", "coordinates": [ [ [ 7481055.06988188624382, 348483.500984251499176 ], [ 7481048.195209980010986, 348483.594488188624382 ], [ 7481006.445209980010986, 348483.970144361257553 ], [ 7480950.445209980010986, 348484.376312330365181 ], [ 7480868.195538058876991, 348485.001640424132347 ], [ 7480818.320538058876991, 348485.220144361257553 ], [ 7480784.570538058876991, 348485.845472440123558 ], [ 7480781.195538058876991, 348485.814304456114769 ] ] ] } },
{ "type": "Feature", "properties": { "FULLNAME": "NW CIRCLE BLVD", "BIKE_FAC": "Buffered Bike Lane" }, "geometry": { "type": "MultiLineString", "coordinates": [ [ [ 7480781.195538058876991, 348485.814304456114769 ], [ 7480750.695538058876991, 348485.658136487007141 ], [ 7480726.195866137742996, 348485.064632549881935 ], [ 7480699.570866137742996, 348483.751968502998352 ], [ 7480673.070538058876991, 348481.658136487007141 ], [ 7480646.695538058876991, 348478.783464565873146 ], [ 7480620.320866137742996, 348475.127296581864357 ], [ 7480590.320866137742996, 348469.783464565873146 ], [ 7480560.445538058876991, 348463.658464565873146 ], [ 7480530.820866137742996, 348456.752624675631523 ], [ 7480501.320866137742996, 348449.06496062874794 ], [ 7480482.945538058876991, 348443.846128612756729 ], [ 7480454.945866137742996, 348434.68996062874794 ], [ 7480427.195538058876991, 348424.752624675631523 ], [ 7480399.820866137742996, 348414.096128612756729 ], [ 7480372.570538058876991, 348402.721456691622734 ], [ 7480353.695866137742996, 348394.252624675631523 ], [ 7480329.945866137742996, 348382.940616801381111 ], [ 7480306.570209980010986, 348370.909120738506317 ], [ 7480283.570209980010986, 348358.190616801381111 ], [ 7480261.070538058876991, 348344.784448817372322 ], [ 7480239.195209980010986, 348330.940616801381111 ], [ 7480218.820209980010986, 348317.252952754497528 ] ] ] } },
{ "type": "Feature", "properties": { "FULLNAME": "NW CIRCLE BLVD", "BIKE_FAC": "Buffered Bike Lane" }, "geometry": { "type": "MultiLineString", "coordinates": [ [ [ 7480218.820209980010986, 348317.252952754497528 ], [ 7480192.945209980010986, 348299.815616801381111 ], [ 7480126.69488188624382, 348251.252952754497528 ], [ 7480067.31988188624382, 348206.753608927130699 ], [ 7480023.444553807377815, 348173.190944880247116 ], [ 7479998.819553807377815, 348151.940944880247116 ] ] ] } },
{ "type": "Feature", "properties": { "FULLNAME": "NW CIRCLE BLVD", "BIKE_FAC": "Buffered Bike Lane" }, "geometry": { "type": "MultiLineString", "coordinates": [ [ [ 7479998.819553807377815, 348151.940944880247116 ], [ 7479955.068897634744644, 348118.784776896238327 ], [ 7479900.69422572851181, 348076.034776896238327 ], [ 7479849.31922572851181, 348036.316601052880287 ], [ 7479787.193241477012634, 347988.753937005996704 ], [ 7479733.318241477012634, 347945.691601052880287 ], [ 7479672.193241477012634, 347897.879265084862709 ], [ 7479618.567585304379463, 347856.035761147737503 ], [ 7479553.317257210612297, 347805.910761147737503 ], [ 7479534.692257210612297, 347793.941929131746292 ], [ 7479515.567257210612297, 347782.629265084862709 ], [ 7479496.067257210612297, 347772.004593178629875 ], [ 7479476.192257210612297, 347762.067257210612297 ], [ 7479455.942257210612297, 347752.879593178629875 ], [ 7479435.442257210612297, 347744.379593178629875 ], [ 7479426.941929131746292, 347741.098425194621086 ], [ 7479405.442257210612297, 347734.066929131746292 ], [ 7479383.692257210612297, 347727.754593178629875 ], [ 7479383.690288707613945, 347727.754265084862709 ], [ 7479361.817257210612297, 347722.254593178629875 ], [ 7479339.692257210612297, 347717.50492125749588 ], [ 7479317.442257210612297, 347713.505249351263046 ], [ 7479295.067257210612297, 347710.317585304379463 ], [ 7479278.441929131746292, 347708.411417320370674 ], [ 7479261.692585304379463, 347707.286417320370674 ], [ 7479245.067257210612297, 347706.942913383245468 ], [ 7479231.817257210612297, 347707.223753273487091 ], [ 7479179.192585304379463, 347708.942585304379463 ], [ 7479138.192585304379463, 347710.692585304379463 ], [ 7479088.567913383245468, 347713.474409446120262 ], [ 7479061.567585304379463, 347713.692913383245468 ], [ 7479021.942913383245468, 347714.974737539887428 ] ] ] } },
{ "type": "Feature", "properties": { "FULLNAME": "NE CONIFER BLVD", "BIKE_FAC": "Bike Lane" }, "geometry": { "type": "MultiLineString", "coordinates": [ [ [ 7486020.585629925131798, 351303.708661422133446 ], [ 7486032.335629925131798, 351303.676837265491486 ], [ 7486046.710301831364632, 351303.770669296383858 ], [ 7486062.460629925131798, 351303.864173233509064 ], [ 7486078.460629925131798, 351303.770669296383858 ], [ 7486101.710301831364632, 351303.364501312375069 ], [ 7486110.210629925131798, 351303.301509186625481 ], [ 7486116.710629925131798, 351303.176509186625481 ], [ 7486131.210958003997803, 351303.051509186625481 ], [ 7486173.585958003997803, 351302.020013123750687 ], [ 7486219.085958003997803, 351301.83267717063427 ], [ 7486270.336286082863808, 351301.519685044884682 ], [ 7486313.210958003997803, 351301.332349076867104 ], [ 7486360.211614176630974, 351300.550524935126305 ], [ 7486397.586614176630974, 351300.113188982009888 ], [ 7486445.211942255496979, 351299.769356951117516 ], [ 7486496.336286082863808, 351299.987860888242722 ], [ 7486553.586942255496979, 351302.081364825367928 ], [ 7486633.211942255496979, 351302.299540683627129 ], [ 7486688.58759842813015, 351301.611876636743546 ], [ 7486700.462270334362984, 351301.893044620752335 ], [ 7486712.33759842813015, 351302.986548557877541 ], [ 7486724.087270334362984, 351304.830380573868752 ], [ 7486735.58759842813015, 351307.455380573868752 ], [ 7486746.96259842813015, 351310.861548557877541 ], [ 7486758.08759842813015, 351315.018044620752335 ], [ 7486768.96259842813015, 351319.89271654188633 ], [ 7486779.462926506996155, 351325.455052495002747 ], [ 7486787.58759842813015, 351330.455380573868752 ], [ 7486797.212926506996155, 351337.173884510993958 ], [ 7486806.46325458586216, 351344.548556432127953 ], [ 7486815.08825458586216, 351352.517388448119164 ], [ 7486823.21325458586216, 351361.01771654188633 ], [ 7486830.713582679629326, 351370.080052495002747 ], [ 7486837.713582679629326, 351379.611548557877541 ], [ 7486843.963582679629326, 351389.580380573868752 ], [ 7486849.463582679629326, 351399.955380573868752 ], [ 7486854.338910758495331, 351410.673884510993958 ], [ 7486857.338582679629326, 351418.548556432127953 ], [ 7486878.714238852262497, 351484.267388448119164 ], [ 7486890.589238852262497, 351521.392388448119164 ] ] ] } },
{ "type": "Feature", "properties": { "FULLNAME": "NE CONIFER BLVD", "BIKE_FAC": "Bike Lane" }, "geometry": { "type": "MultiLineString", "coordinates": [ [ [ 7486890.589238852262497, 351521.392388448119164 ], [ 7486898.464895009994507, 351546.048884510993958 ], [ 7486920.340223103761673, 351614.767388448119164 ], [ 7486946.091207355260849, 351695.455052495002747 ], [ 7486974.216863512992859, 351783.204724416136742 ], [ 7486994.46751968562603, 351845.392388448119164 ], [ 7487017.218175858259201, 351915.955052495002747 ], [ 7487036.718175858259201, 351977.517388448119164 ], [ 7487055.343832015991211, 352035.517388448119164 ], [ 7487073.719488188624382, 352093.798884510993958 ], [ 7487090.470144361257553, 352148.923884510993958 ], [ 7487103.720144361257553, 352188.111220479011536 ], [ 7487108.470472440123558, 352201.361220479011536 ] ] ] } },
{ "type": "Feature", "properties": { "FULLNAME": "NE CONIFER BLVD", "BIKE_FAC": "Bike Lane" }, "geometry": { "type": "MultiLineString", "coordinates": [ [ [ 7487108.470472440123558, 352201.361220479011536 ], [ 7487119.845472440123558, 352232.642388448119164 ], [ 7487124.970472440123558, 352244.73589238524437 ], [ 7487130.720800518989563, 352256.548884510993958 ], [ 7487137.220800518989563, 352267.955052495002747 ], [ 7487144.471128612756729, 352278.954724416136742 ], [ 7487152.221128612756729, 352289.517388448119164 ], [ 7487160.721128612756729, 352299.579724416136742 ], [ 7487165.596128612756729, 352304.923556432127953 ], [ 7487176.096456691622734, 352314.142060369253159 ], [ 7487178.596456691622734, 352316.142060369253159 ] ] ] } },
{ "type": "Feature", "properties": { "FULLNAME": "NE CONIFER BLVD", "BIKE_FAC": "Bike Lane" }, "geometry": { "type": "MultiLineString", "coordinates": [ [ [ 7487178.596456691622734, 352316.142060369253159 ], [ 7487186.971784770488739, 352322.704724416136742 ], [ 7487198.346456691622734, 352330.673556432127953 ], [ 7487210.221784770488739, 352337.954724416136742 ], [ 7487222.471784770488739, 352344.579396322369576 ], [ 7487226.721784770488739, 352346.673556432127953 ], [ 7487238.221784770488739, 352350.985564306378365 ], [ 7487250.096784770488739, 352354.548228353261948 ], [ 7487262.097112864255905, 352357.360564306378365 ], [ 7487274.347112864255905, 352359.391732290387154 ], [ 7487286.722112864255905, 352360.642060369253159 ], [ 7487295.847112864255905, 352361.047900259494781 ], [ 7487325.847112864255905, 352362.485564306378365 ], [ 7487378.097112864255905, 352362.578740164637566 ], [ 7487429.47244094312191, 352362.172244101762772 ], [ 7487478.597769021987915, 352360.797572180628777 ], [ 7487529.097769021987915, 352358.953412070870399 ], [ 7487584.472769021987915, 352357.078412070870399 ], [ 7487648.723097115755081, 352354.702755898237228 ], [ 7487721.348097115755081, 352352.358923882246017 ], [ 7487794.723425194621086, 352349.733595803380013 ], [ 7487827.223753273487091, 352348.858267709612846 ], [ 7487868.598425194621086, 352348.201771646738052 ] ] ] } },
{ "type": "Feature", "properties": { "FULLNAME": "NE CONIFER BLVD", "BIKE_FAC": "Bike Lane" }, "geometry": { "type": "MultiLineString", "coordinates": [ [ [ 7487868.598425194621086, 352348.201771646738052 ], [ 7487898.848753273487091, 352347.045603677630424 ], [ 7487928.598753273487091, 352346.076443567872047 ], [ 7487969.849081367254257, 352344.326443567872047 ], [ 7488011.724081367254257, 352342.076115489006042 ], [ 7488049.224409446120262, 352341.013779520988464 ], [ 7488107.099409446120262, 352339.23228345811367 ], [ 7488159.849409446120262, 352336.981955379247665 ], [ 7488205.474409446120262, 352335.825787395238876 ], [ 7488249.099409446120262, 352334.73162730038166 ] ] ] } },
{ "type": "Feature", "properties": { "FULLNAME": "NE CONIFER BLVD", "BIKE_FAC": "Bike Lane" }, "geometry": { "type": "MultiLineString", "coordinates": [ [ [ 7488249.099409446120262, 352334.73162730038166 ], [ 7488261.974737539887428, 352334.388123363256454 ], [ 7488308.474737539887428, 352333.168963253498077 ], [ 7488360.725065618753433, 352332.543963253498077 ], [ 7488408.100065618753433, 352335.387467190623283 ] ] ] } },
{ "type": "Feature", "properties": { "FULLNAME": "NE CONIFER BLVD", "BIKE_FAC": "Bike Lane" }, "geometry": { "type": "MultiLineString", "coordinates": [ [ [ 7488408.100065618753433, 352335.387467190623283 ], [ 7488443.600065618753433, 352337.512139111757278 ], [ 7488462.225065618753433, 352338.730643048882484 ], [ 7488496.975393697619438, 352342.449475064873695 ], [ 7488531.725393697619438, 352346.918307080864906 ], [ 7488566.225393697619438, 352352.19914698600769 ], [ 7488598.351049870252609, 352357.792650923132896 ], [ 7488659.975721791386604, 352370.136482939124107 ], [ 7488704.976049870252609, 352379.761154860258102 ], [ 7488717.851377949118614, 352381.54232282936573 ] ] ] } },
{ "type": "Feature", "properties": { "FULLNAME": "NE CONIFER BLVD", "BIKE_FAC": "Bike Lane" }, "geometry": { "type": "MultiLineString", "coordinates": [ [ [ 7488717.851377949118614, 352381.54232282936573 ], [ 7488729.351377949118614, 352383.136154860258102 ], [ 7488753.851377949118614, 352385.761154860258102 ], [ 7488778.351377949118614, 352387.604658797383308 ], [ 7488800.72670604288578, 352388.573490813374519 ], [ 7488826.35170604288578, 352388.260826766490936 ], [ 7488851.851377949118614, 352387.166994750499725 ], [ 7488877.476377949118614, 352385.29166667163372 ], [ 7488902.85170604288578, 352382.635498687624931 ], [ 7488949.97670604288578, 352376.479002624750137 ], [ 7488999.352034121751785, 352367.822834640741348 ], [ 7489003.35170604288578, 352367.229002624750137 ], [ 7489035.477034121751785, 352362.13484251499176 ], [ 7489071.727034121751785, 352357.197178483009338 ], [ 7489099.602034121751785, 352353.947178483009338 ], [ 7489131.727034121751785, 352350.415682420134544 ], [ 7489162.22736220061779, 352347.821850389242172 ], [ 7489194.35236220061779, 352345.821522310376167 ], [ 7489242.602690294384956, 352343.227690294384956 ], [ 7489302.102690294384956, 352340.102690294384956 ], [ 7489347.477690294384956, 352337.821194231510162 ], [ 7489395.728018373250961, 352335.383530184626579 ], [ 7489432.352690294384956, 352332.539698168635368 ], [ 7489498.853018373250961, 352329.320209980010986 ], [ 7489545.103018373250961, 352321.164041996002197 ], [ 7489560.353018373250961, 352316.882874011993408 ], [ 7489577.978018373250961, 352311.226377949118614 ], [ 7489595.353346452116966, 352304.851377949118614 ], [ 7489612.478018373250961, 352297.69488188624382 ], [ 7489629.228018373250961, 352289.851377949118614 ], [ 7489645.603018373250961, 352281.288713917136192 ], [ 7489661.603018373250961, 352272.038713917136192 ], [ 7489677.228018373250961, 352262.100721791386604 ], [ 7489692.353018373250961, 352251.507217854261398 ], [ 7489707.102690294384956, 352240.288713917136192 ], [ 7489756.454068243503571, 352199.783136487007141 ], [ 7489798.207349076867104, 352166.10236220061779 ], [ 7489798.855314955115318, 352167.035761147737503 ] ] ] } },
{ "type": "Feature", "properties": { "FULLNAME": "SW COUNTRY CLUB DR", "BIKE_FAC": "Bike Lane" }, "geometry": { "type": "MultiLineString", "coordinates": [ [ [ 7473361.230971127748489, 333939.855643048882484 ], [ 7473435.470472440123558, 333961.164698168635368 ], [ 7473498.595472440123558, 333978.070866137742996 ], [ 7473568.970800518989563, 333997.852034121751785 ], [ 7473643.720800518989563, 334018.882874011993408 ], [ 7473674.845800518989563, 334027.320209980010986 ] ] ] } },
{ "type": "Feature", "properties": { "FULLNAME": "SW COUNTRY CLUB DR", "BIKE_FAC": "Bike Lane" }, "geometry": { "type": "MultiLineString", "coordinates": [ [ [ 7469832.774606302380562, 333226.81988188624382 ], [ 7469948.222112864255905, 333219.330052495002747 ], [ 7469990.721456691622734, 333218.236220479011536 ], [ 7470031.097112864255905, 333217.142060369253159 ], [ 7470065.096784770488739, 333216.173556432127953 ], [ 7470103.596784770488739, 333215.079396322369576 ], [ 7470120.971128612756729, 333214.454724416136742 ] ] ] } },
{ "type": "Feature", "properties": { "FULLNAME": "SW COUNTRY CLUB DR", "BIKE_FAC": "Bike Lane" }, "geometry": { "type": "MultiLineString", "coordinates": [ [ [ 7470120.971128612756729, 333214.454724416136742 ], [ 7470150.596128612756729, 333213.391732290387154 ], [ 7470191.096456691622734, 333212.391732290387154 ], [ 7470235.221128612756729, 333210.797900259494781 ], [ 7470276.096128612756729, 333209.797572180628777 ], [ 7470307.846128612756729, 333208.859908133745193 ], [ 7470351.095800518989563, 333207.516076117753983 ], [ 7470394.845800518989563, 333206.078740164637566 ], [ 7470434.345472440123558, 333205.109580054879189 ], [ 7470474.470472440123558, 333204.172244101762772 ], [ 7470509.771325454115868, 333204.744422569870949 ] ] ] } },
{ "type": "Feature", "properties": { "FULLNAME": "SW COUNTRY CLUB DR", "BIKE_FAC": "Bike Lane" }, "geometry": { "type": "MultiLineString", "coordinates": [ [ [ 7470509.771325454115868, 333204.744422569870949 ], [ 7470539.064304456114769, 333203.02755905687809 ], [ 7470853.719816267490387, 333192.795931756496429 ], [ 7471016.986220479011536, 333187.591207355260849 ], [ 7471125.232939630746841, 333181.601377949118614 ] ] ] } },
{ "type": "Feature", "properties": { "FULLNAME": "SW COUNTRY CLUB DR", "BIKE_FAC": "Bike Lane" }, "geometry": { "type": "MultiLineString", "coordinates": [ [ [ 7471984.095472440123558, 333547.480971127748489 ], [ 7471993.845472440123558, 333553.855971127748489 ], [ 7472004.095472440123558, 333559.574475064873695 ], [ 7472014.720472440123558, 333564.543307080864906 ] ] ] } },
{ "type": "Feature", "properties": { "FULLNAME": "SW COUNTRY CLUB DR", "BIKE_FAC": "Bike Lane" }, "geometry": { "type": "MultiLineString", "coordinates": [ [ [ 7472014.720472440123558, 333564.543307080864906 ], [ 7472025.595472440123558, 333568.8248031437397 ], [ 7472036.720144361257553, 333572.355314955115318 ], [ 7472100.095472440123558, 333591.980314955115318 ], [ 7472161.595472440123558, 333610.292650923132896 ], [ 7472189.845472440123558, 333618.417650923132896 ], [ 7472257.470472440123558, 333635.823818892240524 ], [ 7472344.095144361257553, 333660.011482939124107 ], [ 7472419.970472440123558, 333680.416994750499725 ], [ 7472504.720472440123558, 333703.010498687624931 ], [ 7472582.470800518989563, 333723.760498687624931 ], [ 7472650.595472440123558, 333741.947506561875343 ], [ 7472704.220144361257553, 333756.729002624750137 ], [ 7472758.345144361257553, 333771.541338577866554 ], [ 7472814.970472440123558, 333787.385170608758926 ], [ 7472869.345472440123558, 333801.728346452116966 ], [ 7472947.720144361257553, 333823.259514436125755 ], [ 7473016.470800518989563, 333843.228018373250961 ], [ 7473085.345472440123558, 333862.509514436125755 ], [ 7473151.845472440123558, 333881.321850389242172 ], [ 7473211.095800518989563, 333898.008858263492584 ], [ 7473288.095800518989563, 333919.227690294384956 ], [ 7473361.229986876249313, 333939.855314955115318 ], [ 7473361.230971127748489, 333939.855643048882484 ] ] ] } },
{ "type": "Feature", "properties": { "FULLNAME": "SW COUNTRY CLUB DR", "BIKE_FAC": "Bike Lane" }, "geometry": { "type": "MultiLineString", "coordinates": [ [ [ 7473674.845800518989563, 334027.320209980010986 ], [ 7473712.595472440123558, 334037.570538058876991 ], [ 7473776.220800518989563, 334053.663713917136192 ], [ 7473805.345800518989563, 334060.757217854261398 ], [ 7473822.470800518989563, 334064.31988188624382 ], [ 7473839.595472440123558, 334067.06988188624382 ], [ 7473856.845472440123558, 334069.069553807377815 ], [ 7473874.220472440123558, 334070.257545933127403 ], [ 7473891.595472440123558, 334070.694553807377815 ], [ 7473908.970800518989563, 334070.288385823369026 ], [ 7473926.345472440123558, 334069.132217854261398 ], [ 7473938.970144361257553, 334067.788057744503021 ], [ 7473982.595144361257553, 334063.256889760494232 ], [ 7474029.720144361257553, 334057.631561681628227 ] ] ] } },
{ "type": "Feature", "properties": { "FULLNAME": "SW COUNTRY CLUB DR", "BIKE_FAC": "Bike Lane" }, "geometry": { "type": "MultiLineString", "coordinates": [ [ [ 7474029.720144361257553, 334057.631561681628227 ], [ 7474056.345144361257553, 334054.475721791386604 ], [ 7474124.970144361257553, 334046.412729665637016 ], [ 7474186.844816267490387, 334038.506233602762222 ], [ 7474252.844816267490387, 334029.850065618753433 ], [ 7474282.844488188624382, 334026.41240157186985 ] ] ] } },
{ "type": "Feature", "properties": { "FULLNAME": "SW COUNTRY CLUB DR", "BIKE_FAC": "Bike Lane" }, "geometry": { "type": "MultiLineString", "coordinates": [ [ [ 7474282.844488188624382, 334026.41240157186985 ], [ 7474314.594488188624382, 334022.756233602762222 ], [ 7474366.719160109758377, 334015.78674541413784 ], [ 7474455.218832015991211, 334004.880577430129051 ], [ 7474531.218503937125206, 333995.505577430129051 ], [ 7474600.593503937125206, 333986.755577430129051 ], [ 7474668.843175858259201, 333977.442585304379463 ], [ 7474745.342847764492035, 333967.973753273487091 ], [ 7474809.343175858259201, 333959.442257210612297 ], [ 7474884.96751968562603, 333950.254593178629875 ], [ 7474951.342191606760025, 333941.879265084862709 ], [ 7475001.967191606760025, 333935.972769021987915 ] ] ] } },
{ "type": "Feature", "properties": { "FULLNAME": "SE CRYSTAL LAKE DR", "BIKE_FAC": "Bike Lane" }, "geometry": { "type": "MultiLineString", "coordinates": [ [ [ 7482909.086286082863808, 335305.921259835362434 ], [ 7482932.002952754497528, 335278.924868762493134 ], [ 7482957.263451442122459, 335249.081036746501923 ], [ 7482986.864173233509064, 335214.879593178629875 ], [ 7483012.645341202616692, 335184.671259835362434 ], [ 7483040.943897634744644, 335151.511482939124107 ], [ 7483063.773950129747391, 335124.254593178629875 ], [ 7483085.041010499000549, 335099.515091866254807 ], [ 7483109.209645673632622, 335070.795275583863258 ], [ 7483143.287729665637016, 335030.852034121751785 ], [ 7483161.950787395238876, 335008.97670604288578 ], [ 7483188.079396322369576, 334978.594816267490387 ], [ 7483212.645341202616692, 334950.035761147737503 ], [ 7483232.002952754497528, 334927.03248031437397 ], [ 7483255.58267717063427, 334896.763123363256454 ] ] ] } },
{ "type": "Feature", "properties": { "FULLNAME": "SE CRYSTAL LAKE DR", "BIKE_FAC": "Bike Lane" }, "geometry": { "type": "MultiLineString", "coordinates": [ [ [ 7483255.58267717063427, 334896.763123363256454 ], [ 7483336.207020998001099, 334802.919291332364082 ], [ 7483354.457020998001099, 334781.73162730038166 ], [ 7483404.206364825367928, 334722.013123363256454 ], [ 7483435.331364825367928, 334684.606299206614494 ], [ 7483476.705380573868752, 334634.575131237506866 ], [ 7483509.705380573868752, 334595.387139111757278 ], [ 7483541.829724416136742, 334557.855971127748489 ], [ 7483557.704724416136742, 334538.918307080864906 ] ] ] } },
{ "type": "Feature", "properties": { "FULLNAME": "SE GOODNIGHT AVE", "BIKE_FAC": "Bike Lane" }, "geometry": { "type": "MultiLineString", "coordinates": [ [ [ 7483442.554461941123009, 329491.363845139741898 ], [ 7483489.710301831364632, 329491.140419945120811 ], [ 7483522.133202105760574, 329490.600065618753433 ] ] ] } },
{ "type": "Feature", "properties": { "FULLNAME": "SE CRYSTAL LAKE DR", "BIKE_FAC": "Bike Lane" }, "geometry": { "type": "MultiLineString", "coordinates": [ [ [ 7481421.837926506996155, 335072.018700793385506 ], [ 7481441.96325458586216, 335070.862204730510712 ], [ 7481454.08825458586216, 335070.362532809376717 ], [ 7481468.712926506996155, 335069.799868762493134 ], [ 7481485.212926506996155, 335069.14337269961834 ], [ 7481506.959645673632622, 335068.446522310376167 ], [ 7481533.174868762493134, 335067.404855638742447 ], [ 7481566.508202105760574, 335066.276246726512909 ], [ 7481592.896981626749039, 335065.49507874250412 ], [ 7481616.942257210612297, 335065.061023622751236 ], [ 7481656.872703418135643, 335064.366469815373421 ], [ 7481697.83759842813015, 335064.205052495002747 ], [ 7481745.848425194621086, 335064.019356951117516 ], [ 7481792.072506561875343, 335063.41174541413784 ], [ 7481863.860564306378365, 335062.977690294384956 ], [ 7481930.527230978012085, 335062.456692919135094 ], [ 7481957.176509186625481, 335062.196522310376167 ], [ 7481982.089895009994507, 335062.422244101762772 ], [ 7481998.93011811375618, 335063.029855638742447 ], [ 7482015.075787395238876, 335064.158136487007141 ], [ 7482031.048228353261948, 335065.373359575867653 ], [ 7482048.461942255496979, 335067.704068243503571 ], [ 7482064.989173233509064, 335070.408136487007141 ], [ 7482081.308727040886879, 335074.140748038887978 ], [ 7482091.985564306378365, 335077.613188982009888 ], [ 7482105.700787395238876, 335082.213910758495331 ], [ 7482120.197506561875343, 335088.029855638742447 ], [ 7482134.954396322369576, 335094.974409446120262 ], [ 7482148.756561681628227, 335102.005577430129051 ], [ 7482164.468175858259201, 335111.554133862257004 ], [ 7482177.576115489006042, 335120.147965878248215 ], [ 7482189.902230978012085, 335129.262467190623283 ], [ 7482202.749671921133995, 335139.939632549881935 ], [ 7482214.121062994003296, 335150.182414695620537 ], [ 7482226.013451442122459, 335161.640748038887978 ], [ 7482237.73228345811367, 335173.793635174632072 ], [ 7482251.881561681628227, 335189.24507874250412 ], [ 7482278.270341202616692, 335219.019356951117516 ], [ 7482321.673228353261948, 335266.936023622751236 ], [ 7482371.586286082863808, 335322.144356951117516 ], [ 7482412.645341202616692, 335367.022965878248215 ], [ 7482455.353674545884132, 335413.984580054879189 ], [ 7482461.256561681628227, 335420.321522310376167 ], [ 7482472.801509186625481, 335432.126968502998352 ], [ 7482483.478674545884132, 335442.283136487007141 ], [ 7482494.838910758495331, 335452.734908133745193 ], [ 7482507.610564306378365, 335463.116469815373421 ], [ 7482519.850393697619438, 335471.363188982009888 ], [ 7482530.440616801381111, 335477.526246726512909 ], [ 7482540.838910758495331, 335482.734908133745193 ], [ 7482552.589566931128502, 335487.797244101762772 ], [ 7482564.589238852262497, 335492.141076117753983 ], [ 7482576.964238852262497, 335495.703412070870399 ], [ 7482589.464238852262497, 335498.546916007995605 ], [ 7482603.096784770488739, 335500.529855638742447 ], [ 7482614.839566931128502, 335501.828412070870399 ], [ 7482627.839238852262497, 335502.328083992004395 ], [ 7482640.423228353261948, 335502.275590553879738 ], [ 7482653.096784770488739, 335501.494094491004944 ], [ 7482665.336286082863808, 335500.278871387243271 ], [ 7482678.00984251499176, 335498.456036746501923 ] ] ] } },
{ "type": "Feature", "properties": { "FULLNAME": "NW ELKS DR", "BIKE_FAC": "Bike Lane" }, "geometry": { "type": "MultiLineString", "coordinates": [ [ [ 7486409.970800518989563, 352502.395341202616692 ], [ 7486382.720472440123558, 352512.864173233509064 ], [ 7486365.845472440123558, 352521.489173233509064 ], [ 7486346.596128612756729, 352529.458005249500275 ], [ 7486326.845472440123558, 352537.552165359258652 ], [ 7486305.095800518989563, 352545.364829391241074 ], [ 7486280.970800518989563, 352556.145997375249863 ], [ 7486269.470800518989563, 352560.70833332836628 ] ] ] } },
{ "type": "Feature", "properties": { "FULLNAME": "NW ELKS DR", "BIKE_FAC": "Bike Lane" }, "geometry": { "type": "MultiLineString", "coordinates": [ [ [ 7486269.470800518989563, 352560.70833332836628 ], [ 7486258.595800518989563, 352564.989829391241074 ], [ 7486234.595800518989563, 352575.364829391241074 ], [ 7486207.970800518989563, 352586.552493438124657 ], [ 7486178.845800518989563, 352598.489829391241074 ], [ 7486146.346128612756729, 352613.646653547883034 ] ] ] } },
{ "type": "Feature", "properties": { "FULLNAME": "NW ELKS DR", "BIKE_FAC": "Bike Lane" }, "geometry": { "type": "MultiLineString", "coordinates": [ [ [ 7486146.346128612756729, 352613.646653547883034 ], [ 7486113.596128612756729, 352627.459645673632622 ], [ 7486100.595800518989563, 352633.896981626749039 ], [ 7486088.095800518989563, 352641.053149610757828 ], [ 7486075.845800518989563, 352648.86581364274025 ], [ 7486064.095800518989563, 352657.334645673632622 ], [ 7486054.345800518989563, 352665.146653547883034 ], [ 7486035.971128612756729, 352679.928149610757828 ], [ 7486005.846128612756729, 352705.396981626749039 ], [ 7486002.221128612756729, 352708.334973752498627 ] ] ] } },
{ "type": "Feature", "properties": { "FULLNAME": "NW ELKS DR", "BIKE_FAC": "Bike Lane" }, "geometry": { "type": "MultiLineString", "coordinates": [ [ [ 7486002.221128612756729, 352708.334973752498627 ], [ 7485979.221128612756729, 352727.02263779938221 ], [ 7485947.221128612756729, 352752.64763779938221 ], [ 7485936.596128612756729, 352760.335301831364632 ], [ 7485925.471456691622734, 352767.366469815373421 ], [ 7485913.846456691622734, 352773.710301831364632 ], [ 7485909.596456691622734, 352775.866141736507416 ], [ 7485897.096456691622734, 352781.210629925131798 ], [ 7485884.346456691622734, 352785.835301831364632 ], [ 7485871.346456691622734, 352789.710301831364632 ], [ 7485858.096128612756729, 352792.804133862257004 ], [ 7485844.721456691622734, 352795.14829395711422 ], [ 7485831.220800518989563, 352796.710629925131798 ], [ 7485822.596456691622734, 352797.272965878248215 ], [ 7485779.095472440123558, 352798.023622050881386 ], [ 7485736.345800518989563, 352798.648622050881386 ], [ 7485683.095144361257553, 352799.523622050881386 ], [ 7485634.970144361257553, 352800.023950129747391 ], [ 7485590.172900259494781, 352800.810367450118065 ], [ 7485549.200459316372871, 352801.227034121751785 ], [ 7485524.825459316372871, 352802.060367450118065 ], [ 7485503.575459316372871, 352803.518700793385506 ], [ 7485482.095800518989563, 352805.555446192622185 ], [ 7485461.470800518989563, 352808.618438318371773 ], [ 7485440.970800518989563, 352812.43077427148819 ], [ 7485424.970800518989563, 352815.993110239505768 ], [ 7485401.720800518989563, 352822.774606302380562 ], [ 7485378.720800518989563, 352830.33759842813015 ], [ 7485355.971128612756729, 352838.618438318371773 ], [ 7485339.721456691622734, 352845.056430444121361 ], [ 7485287.534120738506317, 352866.712926506996155 ], [ 7485257.420931756496429, 352879.291338577866554 ], [ 7485243.792650923132896, 352885.454396322369576 ], [ 7485230.097112864255905, 352892.806430444121361 ], [ 7485217.447178483009338, 352899.560367450118065 ], [ 7485205.294291332364082, 352907.19914698600769 ], [ 7485195.094816267490387, 352914.317257210612297 ], [ 7485188.757874011993408, 352919.048228353261948 ], [ 7485174.43503937125206, 352929.898950129747391 ], [ 7485158.472112864255905, 352940.931430444121361 ], [ 7485142.34744094312191, 352950.807086616754532 ], [ 7485127.597769021987915, 352958.96325458586216 ], [ 7485113.347769021987915, 352965.775918632745743 ], [ 7485098.722769021987915, 352971.869422569870949 ], [ 7485083.847769021987915, 352977.21325458586216 ], [ 7485068.722769021987915, 352981.807086616754532 ], [ 7485053.473097115755081, 352985.650590553879738 ], [ 7485037.625328078866005, 352989.039698168635368 ], [ 7485018.311023622751236, 352991.426837265491486 ], [ 7485002.599081367254257, 352992.468503937125206 ], [ 7484985.238188982009888, 352993.032808393239975 ], [ 7484968.658136487007141, 352993.640419945120811 ], [ 7484953.973425194621086, 352993.807086616754532 ], [ 7484893.848097115755081, 352994.213910758495331 ], [ 7484841.318569555878639, 352994.977034121751785 ], [ 7484790.848425194621086, 352995.401574805378914 ], [ 7484739.973753273487091, 352995.964238852262497 ], [ 7484686.240485563874245, 352996.71325458586216 ], [ 7484645.615485563874245, 352996.93011811375618 ], [ 7484615.12992125749588, 352997.077755898237228 ], [ 7484599.002624675631523, 352997.295603677630424 ], [ 7484587.803149610757828, 352997.928477689623833 ], [ 7484574.955708667635918, 352999.056758522987366 ], [ 7484562.439304456114769, 353000.526246726512909 ], [ 7484547.723753273487091, 353002.776902884244919 ], [ 7484530.599081367254257, 353006.276902884244919 ], [ 7484521.094160109758377, 353008.312664046883583 ], [ 7484509.242454066872597, 353011.620734915137291 ] ] ] } },
{ "type": "Feature", "properties": { "FULLNAME": "NW GARFIELD AVE", "BIKE_FAC": "Bike Lane" }, "geometry": { "type": "MultiLineString", "coordinates": [ [ [ 7483655.423228353261948, 346361.460958003997803 ], [ 7483644.048228353261948, 346366.804790019989014 ], [ 7483632.173228353261948, 346372.179790019989014 ], [ 7483621.048556432127953, 346377.585958003997803 ], [ 7483609.423556432127953, 346382.460629925131798 ], [ 7483595.048556432127953, 346388.304790019989014 ], [ 7483586.048556432127953, 346391.210958003997803 ], [ 7483575.673556432127953, 346393.77329395711422 ], [ 7483565.173228353261948, 346395.586286082863808 ], [ 7483554.423556432127953, 346396.617454066872597 ], [ 7483543.798556432127953, 346396.836286082863808 ], [ 7483519.045275583863258, 346398.151902884244919 ], [ 7483481.109580054879189, 346397.790354326367378 ], [ 7483443.09744094312191, 346397.686351701617241 ], [ 7483251.424212604761124, 346401.961942255496979 ], [ 7483207.799540683627129, 346403.274606302380562 ], [ 7483163.299540683627129, 346403.931102365255356 ], [ 7483124.299540683627129, 346405.024606302380562 ], [ 7483089.924868762493134, 346405.556102365255356 ], [ 7483054.424540683627129, 346406.899934381246567 ], [ 7483019.674868762493134, 346407.868766397237778 ], [ 7482980.549868762493134, 346408.774934381246567 ], [ 7482948.613845139741898, 346409.214895009994507 ], [ 7482921.284776896238327, 346410.276902884244919 ], [ 7482876.64337269961834, 346411.649934381246567 ], [ 7482833.983923882246017, 346412.961942255496979 ] ] ] } },
{ "type": "Feature", "properties": { "FULLNAME": "NW GARFIELD AVE", "BIKE_FAC": "Bike Lane" }, "geometry": { "type": "MultiLineString", "coordinates": [ [ [ 7482833.983923882246017, 346412.961942255496979 ], [ 7482521.374015748500824, 346419.193241477012634 ], [ 7482490.996719166636467, 346415.059711292386055 ] ] ] } },
{ "type": "Feature", "properties": { "FULLNAME": "NW GARFIELD AVE", "BIKE_FAC": "Bike Lane" }, "geometry": { "type": "MultiLineString", "coordinates": [ [ [ 7482490.996719166636467, 346415.059711292386055 ], [ 7482462.425524935126305, 346414.338910758495331 ], [ 7482424.05085301399231, 346414.683070868253708 ], [ 7482357.676181107759476, 346415.526902884244919 ], [ 7482309.92585301399231, 346416.308070868253708 ], [ 7482259.176181107759476, 346417.558398947119713 ], [ 7482219.782152235507965, 346418.413713917136192 ] ] ] } },
{ "type": "Feature", "properties": { "FULLNAME": "NW GARFIELD AVE", "BIKE_FAC": "Bike Lane" }, "geometry": { "type": "MultiLineString", "coordinates": [ [ [ 7482219.782152235507965, 346418.413713917136192 ], [ 7481918.541010499000549, 346425.173556432127953 ] ] ] } },
{ "type": "Feature", "properties": { "FULLNAME": "NW GARFIELD AVE", "BIKE_FAC": "Bike Lane" }, "geometry": { "type": "MultiLineString", "coordinates": [ [ [ 7481618.927821516990662, 346431.747375324368477 ], [ 7481580.177493438124657, 346432.091535434126854 ], [ 7481543.802821516990662, 346433.060367450118065 ], [ 7481503.678149610757828, 346434.529199481010437 ], [ 7481458.677821516990662, 346435.966863512992859 ], [ 7481414.052821516990662, 346436.373359575867653 ], [ 7481372.553477689623833, 346436.904199481010437 ], [ 7481334.678149610757828, 346437.529527559876442 ], [ 7481304.178477689623833, 346438.936023622751236 ] ] ] } },
{ "type": "Feature", "properties": { "FULLNAME": "NW GARFIELD AVE", "BIKE_FAC": "Bike Lane" }, "geometry": { "type": "MultiLineString", "coordinates": [ [ [ 7481918.541010499000549, 346425.173556432127953 ], [ 7481881.801837265491486, 346425.528215229511261 ], [ 7481841.052493438124657, 346426.934711292386055 ], [ 7481800.302165359258652, 346427.778543308377266 ], [ 7481754.052165359258652, 346428.684711292386055 ], [ 7481702.427165359258652, 346429.622703418135643 ], [ 7481665.052821516990662, 346430.528871387243271 ], [ 7481631.427821516990662, 346431.497703418135643 ], [ 7481618.927821516990662, 346431.747375324368477 ] ] ] } },
{ "type": "Feature", "properties": { "FULLNAME": "NW GARFIELD AVE", "BIKE_FAC": "Bike Lane" }, "geometry": { "type": "MultiLineString", "coordinates": [ [ [ 7481304.178477689623833, 346438.936023622751236 ], [ 7481272.678477689623833, 346439.279855638742447 ], [ 7481232.303149610757828, 346440.186351701617241 ], [ 7481189.928477689623833, 346440.373687669634819 ], [ 7481128.678477689623833, 346442.655183732509613 ], [ 7481068.803477689623833, 346444.437007874250412 ], [ 7481018.928805768489838, 346444.749015748500824 ] ] ] } },
{ "type": "Feature", "properties": { "FULLNAME": "NW GARFIELD AVE", "BIKE_FAC": "Bike Lane" }, "geometry": { "type": "MultiLineString", "coordinates": [ [ [ 7481018.928805768489838, 346444.749015748500824 ], [ 7480988.804133862257004, 346444.874015748500824 ], [ 7480967.303805768489838, 346445.343175858259201 ], [ 7480912.179461941123009, 346446.843175858259201 ], [ 7480870.179461941123009, 346447.437335953116417 ], [ 7480816.179133862257004, 346448.374671921133995 ], [ 7480766.179461941123009, 346449.687335953116417 ], [ 7480709.179461941123009, 346450.812664046883583 ], [ 7480656.679461941123009, 346452.0 ], [ 7480600.68011811375618, 346452.500328078866005 ], [ 7480539.054790019989014, 346454.407152235507965 ], [ 7480477.429790019989014, 346455.781824141740799 ], [ 7480404.05511811375618, 346458.220144361257553 ], [ 7480339.305446192622185, 346459.500984251499176 ], [ 7480289.055446192622185, 346461.157152235507965 ], [ 7480256.30577427148819, 346462.345144361257553 ], [ 7480215.43077427148819, 346462.53248031437397 ], [ 7480185.555446192622185, 346462.688976377248764 ] ] ] } },
{ "type": "Feature", "properties": { "FULLNAME": "NW GARFIELD AVE", "BIKE_FAC": "Bike Lane" }, "geometry": { "type": "MultiLineString", "coordinates": [ [ [ 7480185.555446192622185, 346462.688976377248764 ], [ 7480158.43077427148819, 346463.220144361257553 ], [ 7480138.430446192622185, 346463.938976377248764 ], [ 7480110.68077427148819, 346464.595144361257553 ], [ 7480063.056102365255356, 346465.407808393239975 ], [ 7480033.93077427148819, 346465.564632549881935 ], [ 7480023.18077427148819, 346465.533136487007141 ], [ 7479986.556102365255356, 346466.845472440123558 ], [ 7479928.681102365255356, 346468.908464565873146 ], [ 7479889.056430444121361, 346469.876968502998352 ], [ 7479863.056430444121361, 346470.783792644739151 ], [ 7479800.431758522987366, 346472.06496062874794 ], [ 7479751.056430444121361, 346472.159120738506317 ], [ 7479716.931758522987366, 346472.221456691622734 ], [ 7479669.307086616754532, 346473.471784770488739 ], [ 7479605.182086616754532, 346474.128280833363533 ], [ 7479546.182086616754532, 346475.534776896238327 ], [ 7479473.432086616754532, 346478.034776896238327 ], [ 7479418.182086616754532, 346478.59744094312191 ], [ 7479351.807742789387703, 346479.691272959113121 ], [ 7479290.432414695620537, 346481.410433068871498 ], [ 7479237.807742789387703, 346481.566601052880287 ], [ 7479184.432742789387703, 346482.254265084862709 ], [ 7479122.932742789387703, 346482.098097115755081 ], [ 7479077.308070868253708, 346483.879265084862709 ], [ 7479037.058070868253708, 346485.942257210612297 ], [ 7479009.433398947119713, 346486.879593178629875 ], [ 7478992.558070868253708, 346488.598425194621086 ] ] ] } },
{ "type": "Feature", "properties": { "FULLNAME": "NW GARFIELD AVE", "BIKE_FAC": "Bike Lane" }, "geometry": { "type": "MultiLineString", "coordinates": [ [ [ 7478992.558070868253708, 346488.598425194621086 ], [ 7478966.933070868253708, 346489.911089241504669 ], [ 7478939.058070868253708, 346490.442585304379463 ], [ 7478902.683398947119713, 346491.411089241504669 ], [ 7478858.433727040886879, 346493.880249351263046 ], [ 7478797.183727040886879, 346496.75492125749588 ], [ 7478744.934055119752884, 346498.942913383245468 ], [ 7478651.933727040886879, 346504.942913383245468 ], [ 7478565.934383198618889, 346509.16240157186985 ], [ 7478544.309383198618889, 346510.91240157186985 ] ] ] } },
{ "type": "Feature", "properties": { "FULLNAME": "NW GARFIELD AVE", "BIKE_FAC": "Bike Lane" }, "geometry": { "type": "MultiLineString", "coordinates": [ [ [ 7478544.309383198618889, 346510.91240157186985 ], [ 7478488.809711292386055, 346514.943241477012634 ], [ 7478408.309383198618889, 346518.818569555878639 ], [ 7478327.31003937125206, 346522.350393697619438 ], [ 7478243.56003937125206, 346526.256889760494232 ], [ 7478151.435367450118065, 346530.31988188624382 ], [ 7478057.435367450118065, 346535.913385823369026 ], [ 7477957.060695543885231, 346540.788385823369026 ], [ 7477856.186023622751236, 346544.695209980010986 ], [ 7477752.686351701617241, 346549.632874011993408 ], [ 7477679.436351701617241, 346551.97670604288578 ], [ 7477650.436351701617241, 346554.258202105760574 ] ] ] } },
{ "type": "Feature", "properties": { "FULLNAME": "NW GARFIELD AVE", "BIKE_FAC": "Bike Lane" }, "geometry": { "type": "MultiLineString", "coordinates": [ [ [ 7477650.436351701617241, 346554.258202105760574 ], [ 7477593.061351701617241, 346556.47736220061779 ], [ 7477487.561679795384407, 346561.665026247501373 ], [ 7477393.561679795384407, 346566.165354326367378 ], [ 7477302.437007874250412, 346572.00918635725975 ], [ 7477216.937664046883583, 346575.791010499000549 ], [ 7477141.812335953116417, 346577.884514436125755 ] ] ] } },
{ "type": "Feature", "properties": { "FULLNAME": "NW GLENRIDGE DR", "BIKE_FAC": "Bike Lane" }, "geometry": { "type": "MultiLineString", "coordinates": [ [ [ 7471990.735564306378365, 351388.464895009994507 ], [ 7471995.985564306378365, 351394.964895009994507 ], [ 7472000.485564306378365, 351401.964895009994507 ], [ 7472004.23523622751236, 351409.340223103761673 ], [ 7472007.360564306378365, 351417.02755905687809 ], [ 7472009.73589238524437, 351424.996391072869301 ], [ 7472011.48589238524437, 351434.121062994003296 ], [ 7472012.48589238524437, 351443.340223103761673 ], [ 7472012.610564306378365, 351452.621062994003296 ], [ 7472012.36089238524437, 351458.058727040886879 ], [ 7472012.73589238524437, 351501.746719166636467 ], [ 7472012.986548557877541, 351542.434383198618889 ], [ 7472013.111220479011536, 351548.840223103761673 ], [ 7472013.111220479011536, 351555.215223103761673 ] ] ] } },
{ "type": "Feature", "properties": { "FULLNAME": "NW GLENRIDGE DR", "BIKE_FAC": "Bike Lane" }, "geometry": { "type": "MultiLineString", "coordinates": [ [ [ 7472013.111220479011536, 351555.215223103761673 ], [ 7472012.862204730510712, 351585.121719166636467 ], [ 7472014.236876636743546, 351607.590223103761673 ], [ 7472015.112204730510712, 351647.746391072869301 ], [ 7472016.112860888242722, 351686.590223103761673 ], [ 7472017.988188982009888, 351728.340223103761673 ], [ 7472019.488517060875893, 351760.996719166636467 ], [ 7472020.738517060875893, 351792.246719166636467 ], [ 7472021.613517060875893, 351831.684055119752884 ], [ 7472022.489173233509064, 351873.496391072869301 ], [ 7472023.739501312375069, 351914.715551182627678 ], [ 7472024.114829391241074, 351955.715551182627678 ], [ 7472024.114829391241074, 351977.121719166636467 ], [ 7472025.11515748500824, 352014.465551182627678 ] ] ] } },
{ "type": "Feature", "properties": { "FULLNAME": "NW GLENRIDGE DR", "BIKE_FAC": "Bike Lane" }, "geometry": { "type": "MultiLineString", "coordinates": [ [ [ 7472025.11515748500824, 352014.465551182627678 ], [ 7472025.24015748500824, 352020.777887135744095 ], [ 7472025.615485563874245, 352055.434055119752884 ], [ 7472025.86581364274025, 352092.590551182627678 ], [ 7472025.991469815373421, 352127.809383198618889 ], [ 7472026.741469815373421, 352166.622047245502472 ], [ 7472027.866797894239426, 352214.371719166636467 ], [ 7472028.867125988006592, 352260.965551182627678 ], [ 7472029.367454066872597, 352296.934383198618889 ], [ 7472029.117454066872597, 352330.965879261493683 ], [ 7472029.242454066872597, 352338.621719166636467 ] ] ] } },
{ "type": "Feature", "properties": { "FULLNAME": "NW GLENRIDGE DR", "BIKE_FAC": "Bike Lane" }, "geometry": { "type": "MultiLineString", "coordinates": [ [ [ 7472029.242454066872597, 352338.621719166636467 ], [ 7472029.367782145738602, 352359.590879261493683 ], [ 7472029.618438318371773, 352395.965879261493683 ], [ 7472030.243438318371773, 352439.091207355260849 ], [ 7472030.994094491004944, 352481.309383198618889 ], [ 7472031.368766397237778, 352506.872047245502472 ], [ 7472031.994422569870949, 352539.028543308377266 ], [ 7472032.619750648736954, 352573.122375324368477 ], [ 7472033.369750648736954, 352610.840879261493683 ], [ 7472033.87007874250412, 352643.059711292386055 ], [ 7472034.995406821370125, 352683.247703418135643 ], [ 7472035.621062994003296, 352727.216207355260849 ], [ 7472036.371062994003296, 352769.809711292386055 ], [ 7472037.121062994003296, 352806.778871387243271 ], [ 7472037.621391072869301, 352831.43503937125206 ], [ 7472037.746719166636467, 352836.247375324368477 ] ] ] } },
{ "type": "Feature", "properties": { "FULLNAME": "NW GRANT AVE", "BIKE_FAC": "Bike Lane" }, "geometry": { "type": "MultiLineString", "coordinates": [ [ [ 7483119.664041996002197, 345128.742125988006592 ], [ 7483102.789041996002197, 345129.898950129747391 ], [ 7483091.914370074868202, 345130.179790019989014 ], [ 7483081.039370074868202, 345130.460958003997803 ], [ 7483072.289370074868202, 345130.711286082863808 ], [ 7483028.414698168635368, 345131.93011811375618 ], [ 7483006.164698168635368, 345132.398950129747391 ], [ 7482972.790026247501373, 345133.30511811375618 ], [ 7482935.290026247501373, 345134.274606302380562 ], [ 7482880.414698168635368, 345135.774606302380562 ], [ 7482833.165026247501373, 345136.649606302380562 ], [ 7482780.665026247501373, 345137.711942255496979 ], [ 7482742.040026247501373, 345138.368438318371773 ], [ 7482694.915026247501373, 345139.399934381246567 ], [ 7482650.915354326367378, 345140.556102365255356 ], [ 7482611.540682420134544, 345141.46259842813015 ], [ 7482573.540354326367378, 345142.149934381246567 ], [ 7482538.165682420134544, 345143.119094491004944 ], [ 7482502.415682420134544, 345144.119094491004944 ], [ 7482473.790682420134544, 345145.025590553879738 ], [ 7482462.165682420134544, 345145.369422569870949 ], [ 7482447.540682420134544, 345145.619422569870949 ] ] ] } },
{ "type": "Feature", "properties": { "FULLNAME": "NW GRANT AVE", "BIKE_FAC": "Bike Lane" }, "geometry": { "type": "MultiLineString", "coordinates": [ [ [ 7482447.540682420134544, 345145.619422569870949 ], [ 7482431.915682420134544, 345146.275590553879738 ], [ 7482421.291338577866554, 345146.650590553879738 ], [ 7482400.415682420134544, 345147.244422569870949 ], [ 7482357.166338577866554, 345148.432414695620537 ], [ 7482302.416010499000549, 345149.619422569870949 ], [ 7482243.166338577866554, 345150.901246726512909 ], [ 7482204.791338577866554, 345151.713582679629326 ], [ 7482174.541338577866554, 345152.276246726512909 ] ] ] } },
{ "type": "Feature", "properties": { "FULLNAME": "NW GRANT AVE", "BIKE_FAC": "Bike Lane" }, "geometry": { "type": "MultiLineString", "coordinates": [ [ [ 7482174.541338577866554, 345152.276246726512909 ], [ 7482125.04166667163372, 345153.026246726512909 ], [ 7482068.916994750499725, 345153.401574805378914 ], [ 7481996.41666667163372, 345155.683070868253708 ], [ 7481939.541994750499725, 345156.839238852262497 ], [ 7481899.166994750499725, 345158.558070868253708 ], [ 7481875.541994750499725, 345159.777230978012085 ] ] ] } },
{ "type": "Feature", "properties": { "FULLNAME": "NW GRANT AVE", "BIKE_FAC": "Bike Lane" }, "geometry": { "type": "MultiLineString", "coordinates": [ [ [ 7481875.541994750499725, 345159.777230978012085 ], [ 7481574.792650923132896, 345168.277887135744095 ] ] ] } },
{ "type": "Feature", "properties": { "FULLNAME": "NW GRANT AVE", "BIKE_FAC": "Bike Lane" }, "geometry": { "type": "MultiLineString", "coordinates": [ [ [ 7481574.792650923132896, 345168.277887135744095 ], [ 7481521.542650923132896, 345169.809055119752884 ], [ 7481453.417979001998901, 345170.809055119752884 ], [ 7481383.043307080864906, 345172.528543308377266 ], [ 7481319.292979001998901, 345174.653543308377266 ], [ 7481276.793307080864906, 345175.184711292386055 ] ] ] } },
{ "type": "Feature", "properties": { "FULLNAME": "NW GRANT AVE", "BIKE_FAC": "Bike Lane" }, "geometry": { "type": "MultiLineString", "coordinates": [ [ [ 7481276.793307080864906, 345175.184711292386055 ], [ 7481229.168307080864906, 345176.747375324368477 ], [ 7481174.418635174632072, 345177.497375324368477 ], [ 7481140.918963253498077, 345178.435367450118065 ], [ 7481097.543963253498077, 345179.373031497001648 ], [ 7481053.043635174632072, 345179.622703418135643 ], [ 7481033.543635174632072, 345179.904527559876442 ] ] ] } },
{ "type": "Feature", "properties": { "FULLNAME": "NW GRANT AVE", "BIKE_FAC": "Bike Lane" }, "geometry": { "type": "MultiLineString", "coordinates": [ [ [ 7481033.543635174632072, 345179.904527559876442 ], [ 7480998.918635174632072, 345180.404527559876442 ], [ 7480979.544291332364082, 345180.935367450118065 ] ] ] } },
{ "type": "Feature", "properties": { "FULLNAME": "NW GRANT AVE", "BIKE_FAC": "Bike Lane" }, "geometry": { "type": "MultiLineString", "coordinates": [ [ [ 7480979.544291332364082, 345180.935367450118065 ], [ 7480952.293963253498077, 345181.685695543885231 ], [ 7480903.669291332364082, 345181.842191606760025 ], [ 7480851.793963253498077, 345183.404855638742447 ], [ 7480800.044291332364082, 345184.436023622751236 ], [ 7480743.419619426131248, 345186.029855638742447 ], [ 7480710.044619426131248, 345187.092847764492035 ], [ 7480701.544619426131248, 345187.124015748500824 ] ] ] } },
{ "type": "Feature", "properties": { "FULLNAME": "NW GRANT AVE", "BIKE_FAC": "Bike Lane" }, "geometry": { "type": "MultiLineString", "coordinates": [ [ [ 7480701.544619426131248, 345187.124015748500824 ], [ 7480669.794291332364082, 345187.249015748500824 ], [ 7480607.169619426131248, 345188.530511811375618 ], [ 7480566.044619426131248, 345189.624015748500824 ], [ 7480536.419947504997253, 345190.343175858259201 ], [ 7480488.544947504997253, 345191.999343827366829 ], [ 7480446.170275583863258, 345192.687007874250412 ], [ 7480284.984580054879189, 345197.381561681628227 ] ] ] } },
{ "type": "Feature", "properties": { "FULLNAME": "NW GRANT AVE", "BIKE_FAC": "Bike Lane" }, "geometry": { "type": "MultiLineString", "coordinates": [ [ [ 7480284.984580054879189, 345197.381561681628227 ], [ 7480257.545275583863258, 345197.562664046883583 ], [ 7480205.670603677630424, 345197.781496062874794 ], [ 7480157.420603677630424, 345198.875328078866005 ], [ 7480102.545931756496429, 345199.969160109758377 ], [ 7480053.295603677630424, 345201.250656172633171 ], [ 7480005.920931756496429, 345202.407152235507965 ], [ 7479983.626968502998352, 345202.608267709612846 ] ] ] } },
{ "type": "Feature", "properties": { "FULLNAME": "NW GRANT AVE", "BIKE_FAC": "Bike Lane" }, "geometry": { "type": "MultiLineString", "coordinates": [ [ [ 7479983.626968502998352, 345202.608267709612846 ], [ 7479961.170931756496429, 345202.844488188624382 ], [ 7479914.421587929129601, 345203.938648298382759 ], [ 7479860.921587929129601, 345204.90748031437397 ], [ 7479807.796259835362434, 345206.563648298382759 ], [ 7479769.546259835362434, 345207.688976377248764 ], [ 7479730.921587929129601, 345208.345472440123558 ], [ 7479707.171916007995605, 345208.595472440123558 ], [ 7479675.171916007995605, 345208.751968502998352 ], [ 7479671.421587929129601, 345208.908136487007141 ] ] ] } },
{ "type": "Feature", "properties": { "FULLNAME": "NW GRANT AVE", "BIKE_FAC": "Bike Lane" }, "geometry": { "type": "MultiLineString", "coordinates": [ [ [ 7479671.421587929129601, 345208.908136487007141 ], [ 7479507.547244101762772, 345213.033464565873146 ], [ 7479466.921916007995605, 345213.596128612756729 ], [ 7479450.921916007995605, 345213.845800518989563 ], [ 7479432.171916007995605, 345213.971456691622734 ] ] ] } },
{ "type": "Feature", "properties": { "FULLNAME": "NW GRANT AVE", "BIKE_FAC": "Bike Lane" }, "geometry": { "type": "MultiLineString", "coordinates": [ [ [ 7479432.171916007995605, 345213.971456691622734 ], [ 7479428.172572180628777, 345213.971456691622734 ], [ 7479379.547244101762772, 345215.721456691622734 ], [ 7479322.297244101762772, 345216.159120738506317 ], [ 7479289.922572180628777, 345216.252952754497528 ], [ 7479278.922900259494781, 345215.721456691622734 ], [ 7479268.047572180628777, 345214.409120738506317 ], [ 7479257.297572180628777, 345212.315616801381111 ], [ 7479246.672244101762772, 345209.440616801381111 ], [ 7479236.297900259494781, 345205.847112864255905 ], [ 7479226.172572180628777, 345201.471784770488739 ], [ 7479216.422572180628777, 345196.409120738506317 ], [ 7479207.047900259494781, 345190.659448817372322 ], [ 7479198.172244101762772, 345184.252624675631523 ], [ 7479192.672244101762772, 345179.784120738506317 ], [ 7479184.297572180628777, 345172.190616801381111 ], [ 7479176.672244101762772, 345164.034448817372322 ], [ 7479169.547244101762772, 345155.377952754497528 ], [ 7479163.047572180628777, 345146.221784770488739 ], [ 7479157.172244101762772, 345136.627952754497528 ], [ 7479152.047244101762772, 345126.659448817372322 ], [ 7479147.547244101762772, 345116.377952754497528 ], [ 7479143.921916007995605, 345105.784120738506317 ], [ 7479136.546916007995605, 345082.565616801381111 ], [ 7479128.296587929129601, 345059.596456691622734 ], [ 7479126.796259835362434, 345055.503280833363533 ], [ 7479120.921587929129601, 345042.346784770488739 ], [ 7479114.296259835362434, 345029.534776896238327 ], [ 7479107.046587929129601, 345017.097112864255905 ], [ 7479099.046587929129601, 345005.096784770488739 ], [ 7479090.421259835362434, 344993.534448817372322 ], [ 7479081.295931756496429, 344982.472112864255905 ], [ 7479075.920931756496429, 344976.596784770488739 ], [ 7479066.546259835362434, 344967.565616801381111 ], [ 7479056.545931756496429, 344959.096456691622734 ], [ 7479004.795931756496429, 344924.878280833363533 ] ] ] } },
{ "type": "Feature", "properties": { "FULLNAME": "NW GRANT AVE", "BIKE_FAC": "Bike Lane" }, "geometry": { "type": "MultiLineString", "coordinates": [ [ [ 7479004.795931756496429, 344924.878280833363533 ], [ 7478991.920603677630424, 344918.753280833363533 ], [ 7478964.170931756496429, 344908.096784770488739 ], [ 7478950.545931756496429, 344904.034776896238327 ], [ 7478936.795603677630424, 344900.722112864255905 ], [ 7478922.795603677630424, 344898.191272959113121 ], [ 7478908.795931756496429, 344896.410104990005493 ], [ 7478894.670931756496429, 344895.441272959113121 ], [ 7478887.045603677630424, 344895.253280833363533 ], [ 7478852.546259835362434, 344895.878608927130699 ], [ 7478813.795931756496429, 344897.253608927130699 ], [ 7478775.921259835362434, 344898.503937005996704 ], [ 7478732.421259835362434, 344900.472769021987915 ], [ 7478671.796259835362434, 344903.910104990005493 ], [ 7478599.296587929129601, 344907.379593178629875 ], [ 7478526.796916007995605, 344911.160761147737503 ], [ 7478499.046587929129601, 344912.910761147737503 ] ] ] } },
{ "type": "Feature", "properties": { "FULLNAME": "NW GRANT AVE", "BIKE_FAC": "Bike Lane" }, "geometry": { "type": "MultiLineString", "coordinates": [ [ [ 7478499.046587929129601, 344912.910761147737503 ], [ 7478447.921916007995605, 344916.160761147737503 ] ] ] } },
{ "type": "Feature", "properties": { "FULLNAME": "NW GRANT AVE", "BIKE_FAC": "Bike Lane" }, "geometry": { "type": "MultiLineString", "coordinates": [ [ [ 7478447.921916007995605, 344916.160761147737503 ], [ 7478369.546916007995605, 344920.067257210612297 ], [ 7478287.421916007995605, 344924.224081367254257 ], [ 7478198.422572180628777, 344928.880577430129051 ], [ 7478122.047572180628777, 344931.66174541413784 ] ] ] } },
{ "type": "Feature", "properties": { "FULLNAME": "NW GRANT AVE", "BIKE_FAC": "Bike Lane" }, "geometry": { "type": "MultiLineString", "coordinates": [ [ [ 7478122.047572180628777, 344931.66174541413784 ], [ 7478090.797572180628777, 344932.787073493003845 ], [ 7477993.422900259494781, 344938.53740157186985 ], [ 7477909.047900259494781, 344942.943569555878639 ], [ 7477873.423556432127953, 344944.693569555878639 ], [ 7477862.048228353261948, 344945.256233602762222 ] ] ] } },
{ "type": "Feature", "properties": { "FULLNAME": "NW GRANT AVE", "BIKE_FAC": "Bike Lane" }, "geometry": { "type": "MultiLineString", "coordinates": [ [ [ 7477862.048228353261948, 344945.256233602762222 ], [ 7477811.673228353261948, 344947.725065618753433 ], [ 7477724.673556432127953, 344951.725393697619438 ], [ 7477639.298556432127953, 344955.725721791386604 ], [ 7477586.548884510993958, 344958.413057744503021 ] ] ] } },
{ "type": "Feature", "properties": { "FULLNAME": "NW GRANT AVE", "BIKE_FAC": "Bike Lane" }, "geometry": { "type": "MultiLineString", "coordinates": [ [ [ 7477586.548884510993958, 344958.413057744503021 ], [ 7477557.423884510993958, 344959.881889760494232 ], [ 7477457.549540683627129, 344965.164041996002197 ], [ 7477375.799212604761124, 344968.414041996002197 ], [ 7477336.049212604761124, 344970.507545933127403 ] ] ] } },
{ "type": "Feature", "properties": { "FULLNAME": "NW GRANT AVE", "BIKE_FAC": "Bike Lane" }, "geometry": { "type": "MultiLineString", "coordinates": [ [ [ 7477336.049212604761124, 344970.507545933127403 ], [ 7477290.299540683627129, 344972.945209980010986 ], [ 7477215.049868762493134, 344977.477034121751785 ], [ 7477131.299868762493134, 344981.633530184626579 ], [ 7477094.6751968562603, 344981.570866137742996 ] ] ] } },
{ "type": "Feature", "properties": { "FULLNAME": "NW GRANT AVE", "BIKE_FAC": "Bike Lane" }, "geometry": { "type": "MultiLineString", "coordinates": [ [ [ 7477094.6751968562603, 344981.570866137742996 ], [ 7477048.9251968562603, 344986.039698168635368 ], [ 7476963.425524935126305, 344990.040026247501373 ], [ 7476899.925524935126305, 344993.321522310376167 ], [ 7476825.425524935126305, 344997.290354326367378 ], [ 7476741.676181107759476, 345001.666010499000549 ], [ 7476717.42585301399231, 345002.697178483009338 ] ] ] } },
{ "type": "Feature", "properties": { "FULLNAME": "NW GRANT AVE", "BIKE_FAC": "Bike Lane" }, "geometry": { "type": "MultiLineString", "coordinates": [ [ [ 7476717.42585301399231, 345002.697178483009338 ], [ 7476680.05085301399231, 345004.25984251499176 ], [ 7476607.301181107759476, 345007.63484251499176 ], [ 7476566.801509186625481, 345010.041338577866554 ] ] ] } },
{ "type": "Feature", "properties": { "FULLNAME": "NW GRANT AVE", "BIKE_FAC": "Bike Lane" }, "geometry": { "type": "MultiLineString", "coordinates": [ [ [ 7476566.801509186625481, 345010.041338577866554 ], [ 7476536.551509186625481, 345011.853674545884132 ], [ 7476461.051509186625481, 345015.41666667163372 ], [ 7476390.176837265491486, 345018.635498687624931 ], [ 7476353.301509186625481, 345020.104002624750137 ] ] ] } },
{ "type": "Feature", "properties": { "FULLNAME": "NW GRANT AVE", "BIKE_FAC": "Bike Lane" }, "geometry": { "type": "MultiLineString", "coordinates": [ [ [ 7476353.301509186625481, 345020.104002624750137 ], [ 7476320.427165359258652, 345021.41666667163372 ], [ 7476310.176837265491486, 345022.104330703616142 ] ] ] } },
{ "type": "Feature", "properties": { "FULLNAME": "NW GRANT AVE", "BIKE_FAC": "Bike Lane" }, "geometry": { "type": "MultiLineString", "coordinates": [ [ [ 7476310.176837265491486, 345022.104330703616142 ], [ 7476240.801837265491486, 345026.854658797383308 ], [ 7476160.052493438124657, 345029.854658797383308 ], [ 7476089.802165359258652, 345034.19914698600769 ] ] ] } },
{ "type": "Feature", "properties": { "FULLNAME": "NW GRANT AVE", "BIKE_FAC": "Bike Lane" }, "geometry": { "type": "MultiLineString", "coordinates": [ [ [ 7476089.802165359258652, 345034.19914698600769 ], [ 7476066.677493438124657, 345035.636154860258102 ], [ 7476000.177821516990662, 345039.761482939124107 ], [ 7475918.302821516990662, 345043.199475064873695 ], [ 7475836.177821516990662, 345046.324475064873695 ] ] ] } },
{ "type": "Feature", "properties": { "FULLNAME": "NW GRANT AVE", "BIKE_FAC": "Bike Lane" }, "geometry": { "type": "MultiLineString", "coordinates": [ [ [ 7475836.177821516990662, 345046.324475064873695 ], [ 7475820.178149610757828, 345046.94914698600769 ], [ 7475748.678149610757828, 345052.043635174632072 ], [ 7475687.928477689623833, 345056.137139111757278 ] ] ] } },
{ "type": "Feature", "properties": { "FULLNAME": "NW HARRISON BLVD", "BIKE_FAC": "Bike Lane" }, "geometry": { "type": "MultiLineString", "coordinates": [ [ [ 7483110.628937005996704, 340626.207020998001099 ], [ 7483087.753937005996704, 340637.113188982009888 ], [ 7483067.003937005996704, 340644.707020998001099 ], [ 7483036.129593178629875, 340656.957349076867104 ], [ 7482996.754593178629875, 340672.895013123750687 ], [ 7482974.129265084862709, 340681.770013123750687 ], [ 7482974.103346452116966, 340681.779855638742447 ], [ 7482954.254265084862709, 340689.520013123750687 ], [ 7482912.37992125749588, 340706.33267717063427 ], [ 7482868.505249351263046, 340722.33267717063427 ], [ 7482843.380577430129051, 340733.45767717063427 ] ] ] } },
{ "type": "Feature", "properties": { "FULLNAME": "NW HARRISON BLVD", "BIKE_FAC": "Bike Lane" }, "geometry": { "type": "MultiLineString", "coordinates": [ [ [ 7482843.380577430129051, 340733.45767717063427 ], [ 7482704.880905508995056, 340787.395341202616692 ], [ 7482597.766732290387154, 340830.276246726512909 ], [ 7482570.631233602762222, 340840.739501312375069 ] ] ] } },
{ "type": "Feature", "properties": { "FULLNAME": "NW HARRISON BLVD", "BIKE_FAC": "Bike Lane" }, "geometry": { "type": "MultiLineString", "coordinates": [ [ [ 7482570.631233602762222, 340840.739501312375069 ], [ 7482543.756233602762222, 340849.645997375249863 ], [ 7482520.131561681628227, 340857.208661422133446 ], [ 7482490.256889760494232, 340869.24015748500824 ], [ 7482452.507217854261398, 340883.552821516990662 ], [ 7482432.293963253498077, 340891.413385823369026 ], [ 7482432.257217854261398, 340891.427821516990662 ], [ 7482422.382217854261398, 340895.334317579865456 ], [ 7482395.882545933127403, 340905.646653547883034 ], [ 7482351.132874011993408, 340923.396981626749039 ], [ 7482314.331036746501923, 340938.101049870252609 ], [ 7482312.464566931128502, 340938.846784770488739 ], [ 7482295.757874011993408, 340945.521981626749039 ] ] ] } },
{ "type": "Feature", "properties": { "FULLNAME": "NW HARRISON BLVD", "BIKE_FAC": "Buffered Bike Lane" }, "geometry": { "type": "MultiLineString", "coordinates": [ [ [ 7482295.757874011993408, 340945.521981626749039 ], [ 7482277.22736220061779, 340953.047244101762772 ], [ 7482157.98589238524437, 341001.47244094312191 ], [ 7482071.46325458586216, 341036.290026247501373 ], [ 7482020.840879261493683, 341056.661089241504669 ] ] ] } },
{ "type": "Feature", "properties": { "FULLNAME": "NW HARRISON BLVD", "BIKE_FAC": "Buffered Bike Lane" }, "geometry": { "type": "MultiLineString", "coordinates": [ [ [ 7482020.840879261493683, 341056.661089241504669 ], [ 7481884.981955379247665, 341107.75984251499176 ], [ 7481743.135826766490936, 341162.679461941123009 ] ] ] } },
{ "type": "Feature", "properties": { "FULLNAME": "NW HARRISON BLVD", "BIKE_FAC": "Buffered Bike Lane" }, "geometry": { "type": "MultiLineString", "coordinates": [ [ [ 7481743.135826766490936, 341162.679461941123009 ], [ 7481714.261154860258102, 341173.179790019989014 ], [ 7481662.010826766490936, 341193.304790019989014 ], [ 7481613.386482939124107, 341213.55511811375618 ], [ 7481566.886482939124107, 341230.586614176630974 ], [ 7481522.387139111757278, 341248.336614176630974 ], [ 7481490.262139111757278, 341260.868110239505768 ], [ 7481481.137139111757278, 341264.961942255496979 ], [ 7481466.012139111757278, 341271.368110239505768 ] ] ] } },
{ "type": "Feature", "properties": { "FULLNAME": "NW HARRISON BLVD", "BIKE_FAC": "Buffered Bike Lane" }, "geometry": { "type": "MultiLineString", "coordinates": [ [ [ 7481466.012139111757278, 341271.368110239505768 ], [ 7481441.262139111757278, 341281.993438318371773 ], [ 7481396.387467190623283, 341299.493110239505768 ], [ 7481337.763123363256454, 341322.618766397237778 ], [ 7481289.887795269489288, 341342.58759842813015 ], [ 7481235.763123363256454, 341364.994094491004944 ], [ 7481193.013451442122459, 341381.494094491004944 ], [ 7481175.479986876249313, 341387.921259835362434 ] ] ] } },
{ "type": "Feature", "properties": { "FULLNAME": "NW HARRISON BLVD", "BIKE_FAC": "Buffered Bike Lane" }, "geometry": { "type": "MultiLineString", "coordinates": [ [ [ 7481175.479986876249313, 341387.921259835362434 ], [ 7481047.329396322369576, 341440.3001968562603 ], [ 7480920.640091866254807, 341490.932742789387703 ] ] ] } },
{ "type": "Feature", "properties": { "FULLNAME": "NW HARRISON BLVD", "BIKE_FAC": "Buffered Bike Lane" }, "geometry": { "type": "MultiLineString", "coordinates": [ [ [ 7480920.640091866254807, 341490.932742789387703 ], [ 7480893.390091866254807, 341500.432742789387703 ], [ 7480844.140091866254807, 341518.49507874250412 ], [ 7480799.015419945120811, 341537.526574805378914 ], [ 7480746.140748038887978, 341556.901574805378914 ], [ 7480700.266076117753983, 341574.183398947119713 ], [ 7480672.391076117753983, 341586.339566931128502 ] ] ] } },
{ "type": "Feature", "properties": { "FULLNAME": "NW HARRISON BLVD", "BIKE_FAC": "Buffered Bike Lane" }, "geometry": { "type": "MultiLineString", "coordinates": [ [ [ 7480672.391076117753983, 341586.339566931128502 ], [ 7480665.641076117753983, 341589.276902884244919 ], [ 7480615.016732290387154, 341609.183727040886879 ], [ 7480559.267060369253159, 341632.746062994003296 ], [ 7480513.517060369253159, 341651.183398947119713 ], [ 7480459.767388448119164, 341672.621391072869301 ], [ 7480441.517060369253159, 341678.652887135744095 ] ] ] } },
{ "type": "Feature", "properties": { "FULLNAME": "NW HARRISON BLVD", "BIKE_FAC": "Buffered Bike Lane" }, "geometry": { "type": "MultiLineString", "coordinates": [ [ [ 7480441.517060369253159, 341678.652887135744095 ], [ 7480409.142388448119164, 341689.371391072869301 ], [ 7480352.39271654188633, 341712.809383198618889 ], [ 7480307.393044620752335, 341730.934055119752884 ], [ 7480253.143044620752335, 341753.934711292386055 ], [ 7480216.643700793385506, 341768.122375324368477 ], [ 7480195.51837269961834, 341778.622375324368477 ] ] ] } },
{ "type": "Feature", "properties": { "FULLNAME": "NW HARRISON BLVD", "BIKE_FAC": "Buffered Bike Lane" }, "geometry": { "type": "MultiLineString", "coordinates": [ [ [ 7480195.51837269961834, 341778.622375324368477 ], [ 7480186.894028872251511, 341782.903871387243271 ], [ 7480138.268700793385506, 341799.372047245502472 ], [ 7480073.019685044884682, 341825.778543308377266 ], [ 7480024.894356951117516, 341845.06003937125206 ], [ 7479975.769685044884682, 341865.591535434126854 ], [ 7479955.520013123750687, 341873.248031497001648 ] ] ] } },
{ "type": "Feature", "properties": { "FULLNAME": "NW HARRISON BLVD", "BIKE_FAC": "Buffered Bike Lane" }, "geometry": { "type": "MultiLineString", "coordinates": [ [ [ 7479955.520013123750687, 341873.248031497001648 ], [ 7479951.145013123750687, 341874.841535434126854 ], [ 7479887.020013123750687, 341901.185367450118065 ], [ 7479835.020341202616692, 341921.029527559876442 ], [ 7479765.520997375249863, 341947.404855638742447 ], [ 7479728.646325454115868, 341962.71751968562603 ], [ 7479713.145997375249863, 341969.21751968562603 ] ] ] } },
{ "type": "Feature", "properties": { "FULLNAME": "NW HARRISON BLVD", "BIKE_FAC": "Buffered Bike Lane" }, "geometry": { "type": "MultiLineString", "coordinates": [ [ [ 7479713.145997375249863, 341969.21751968562603 ], [ 7479706.020997375249863, 341972.217191606760025 ], [ 7479656.646325454115868, 341992.905183732509613 ], [ 7479597.396653547883034, 342015.780183732509613 ], [ 7479547.397309705615044, 342036.249015748500824 ], [ 7479495.522309705615044, 342057.811679795384407 ], [ 7479472.27263779938221, 342066.999015748500824 ] ] ] } },
{ "type": "Feature", "properties": { "FULLNAME": "NW HARRISON BLVD", "BIKE_FAC": "Buffered Bike Lane" }, "geometry": { "type": "MultiLineString", "coordinates": [ [ [ 7479472.27263779938221, 342066.999015748500824 ], [ 7479432.89763779938221, 342082.405839890241623 ], [ 7479347.022965878248215, 342118.406167984008789 ], [ 7479277.02329395711422, 342146.687335953116417 ], [ 7479232.984908133745193, 342164.452099740505219 ] ] ] } },
{ "type": "Feature", "properties": { "FULLNAME": "NW HARRISON BLVD", "BIKE_FAC": "Bike Lane" }, "geometry": { "type": "MultiLineString", "coordinates": [ [ [ 7479232.984908133745193, 342164.452099740505219 ], [ 7479170.321522310376167, 342188.77755905687809 ], [ 7479097.919291332364082, 342217.60236220061779 ], [ 7479082.485564306378365, 342223.049540683627129 ], [ 7479068.024606302380562, 342226.688320204615593 ], [ 7479059.399278208613396, 342229.656824141740799 ] ] ] } },
{ "type": "Feature", "properties": { "FULLNAME": "NW HARRISON BLVD", "BIKE_FAC": "Bike Lane" }, "geometry": { "type": "MultiLineString", "coordinates": [ [ [ 7479059.399278208613396, 342229.656824141740799 ], [ 7479053.274606302380562, 342231.750328078866005 ], [ 7479038.274606302380562, 342236.031824141740799 ], [ 7479000.399606302380562, 342244.469488188624382 ], [ 7478949.774934381246567, 342255.063320204615593 ], [ 7478913.024934381246567, 342262.594816267490387 ], [ 7478894.900262460112572, 342266.094816267490387 ], [ 7478894.890091866254807, 342266.096784770488739 ], [ 7478867.024934381246567, 342271.53248031437397 ], [ 7478812.650590553879738, 342283.501312330365181 ], [ 7478756.900590553879738, 342295.813976377248764 ], [ 7478730.275262460112572, 342301.564304456114769 ] ] ] } },
{ "type": "Feature", "properties": { "FULLNAME": "NW HARRISON BLVD", "BIKE_FAC": "Bike Lane" }, "geometry": { "type": "MultiLineString", "coordinates": [ [ [ 7478730.275262460112572, 342301.564304456114769 ], [ 7478690.400918632745743, 342309.626640424132347 ], [ 7478646.775918632745743, 342318.095800518989563 ], [ 7478581.651246726512909, 342330.783136487007141 ], [ 7478569.80577427148819, 342333.588910758495331 ], [ 7478569.776246726512909, 342333.596128612756729 ], [ 7478529.526246726512909, 342343.096128612756729 ], [ 7478477.776574805378914, 342355.033464565873146 ], [ 7478434.276902884244919, 342362.908464565873146 ], [ 7478400.776902884244919, 342369.68996062874794 ] ] ] } },
{ "type": "Feature", "properties": { "FULLNAME": "NW HARRISON BLVD", "BIKE_FAC": "Bike Lane" }, "geometry": { "type": "MultiLineString", "coordinates": [ [ [ 7478400.776902884244919, 342369.68996062874794 ], [ 7478238.986548557877541, 342403.442257210612297 ], [ 7478098.152887135744095, 342433.878280833363533 ], [ 7478077.546587929129601, 342438.331692919135094 ] ] ] } },
{ "type": "Feature", "properties": { "FULLNAME": "NW HARRISON BLVD", "BIKE_FAC": "Bike Lane" }, "geometry": { "type": "MultiLineString", "coordinates": [ [ [ 7478077.546587929129601, 342438.331692919135094 ], [ 7478053.664370074868202, 342441.712926506996155 ], [ 7477915.002296581864357, 342444.785104990005493 ], [ 7477767.294619426131248, 342448.057742789387703 ] ] ] } },
{ "type": "Feature", "properties": { "FULLNAME": "NW HARRISON BLVD", "BIKE_FAC": "Bike Lane" }, "geometry": { "type": "MultiLineString", "coordinates": [ [ [ 7477767.294619426131248, 342448.057742789387703 ], [ 7477692.272309705615044, 342450.171587929129601 ], [ 7477635.566929131746292, 342452.409776896238327 ], [ 7477528.019685044884682, 342456.302165359258652 ], [ 7477500.596456691622734, 342456.171916007995605 ] ] ] } },
{ "type": "Feature", "properties": { "FULLNAME": "NW HARRISON BLVD", "BIKE_FAC": "Bike Lane" }, "geometry": { "type": "MultiLineString", "coordinates": [ [ [ 7477500.596456691622734, 342456.171916007995605 ], [ 7477474.773622050881386, 342456.119422569870949 ], [ 7477210.486548557877541, 342461.070209980010986 ], [ 7476978.030511811375618, 342467.475393697619438 ], [ 7476918.155511811375618, 342468.506561681628227 ] ] ] } },
{ "type": "Feature", "properties": { "FULLNAME": "NW HARRISON BLVD", "BIKE_FAC": "Bike Lane" }, "geometry": { "type": "MultiLineString", "coordinates": [ [ [ 7476918.155511811375618, 342468.506561681628227 ], [ 7476838.405839890241623, 342470.444553807377815 ] ] ] } },
{ "type": "Feature", "properties": { "FULLNAME": "NW HARRISON BLVD", "BIKE_FAC": "Bike Lane" }, "geometry": { "type": "MultiLineString", "coordinates": [ [ [ 7476838.405839890241623, 342470.444553807377815 ], [ 7476826.655839890241623, 342470.851049870252609 ], [ 7476787.030839890241623, 342471.475393697619438 ], [ 7476740.781167984008789, 342472.819553807377815 ], [ 7476709.554790019989014, 342473.475393697619438 ], [ 7476709.531167984008789, 342473.476049870252609 ], [ 7476692.531167984008789, 342473.851049870252609 ], [ 7476652.156167984008789, 342475.570209980010986 ], [ 7476623.156167984008789, 342476.351377949118614 ], [ 7476598.906496062874794, 342476.351377949118614 ], [ 7476577.656496062874794, 342476.976377949118614 ] ] ] } },
{ "type": "Feature", "properties": { "FULLNAME": "NW HARRISON BLVD", "BIKE_FAC": "Bike Lane" }, "geometry": { "type": "MultiLineString", "coordinates": [ [ [ 7475262.983595803380013, 342510.689632549881935 ], [ 7475245.409448817372322, 342511.135826766490936 ], [ 7475216.284120738506317, 342511.854986876249313 ], [ 7475163.409448817372322, 342513.855314955115318 ], [ 7475112.420603677630424, 342515.707020998001099 ], [ 7475032.642388448119164, 342520.303477689623833 ], [ 7474977.621062994003296, 342525.446194231510162 ] ] ] } },
{ "type": "Feature", "properties": { "FULLNAME": "NW HARRISON BLVD", "BIKE_FAC": "Bike Lane" }, "geometry": { "type": "MultiLineString", "coordinates": [ [ [ 7474977.621062994003296, 342525.446194231510162 ], [ 7474928.676181107759476, 342528.34251968562603 ], [ 7474875.863188982009888, 342533.609251961112022 ], [ 7474818.534776896238327, 342538.633858263492584 ], [ 7474758.059383198618889, 342544.469816267490387 ], [ 7474709.876640424132347, 342549.012139111757278 ], [ 7474646.576115489006042, 342553.924540683627129 ], [ 7474608.043963253498077, 342556.656167984008789 ], [ 7474534.861876636743546, 342560.560367450118065 ], [ 7474464.064304456114769, 342562.48589238524437 ], [ 7474405.758530184626579, 342564.061679795384407 ], [ 7474357.513779520988464, 342564.910104990005493 ], [ 7474307.832020998001099, 342566.270341202616692 ], [ 7474252.559383198618889, 342567.184055119752884 ], [ 7474199.798884510993958, 342568.782808393239975 ], [ 7474152.520013123750687, 342569.924868762493134 ], [ 7474107.525262460112572, 342570.609908133745193 ], [ 7474066.641404196619987, 342571.295275583863258 ], [ 7474039.037073493003845, 342572.056102365255356 ] ] ] } },
{ "type": "Feature", "properties": { "FULLNAME": "NW HARRISON BLVD", "BIKE_FAC": "Bike Lane" }, "geometry": { "type": "MultiLineString", "coordinates": [ [ [ 7474039.037073493003845, 342572.056102365255356 ], [ 7474004.128280833363533, 342572.812007874250412 ], [ 7473964.400590553879738, 342573.781824141740799 ], [ 7473914.028543308377266, 342574.515419945120811 ], [ 7473858.459645673632622, 342576.186351701617241 ], [ 7473814.535433068871498, 342576.599737539887428 ], [ 7473773.091863512992859, 342577.116469815373421 ], [ 7473746.49015748500824, 342577.734908133745193 ] ] ] } },
{ "type": "Feature", "properties": { "FULLNAME": "NW SATINWOOD ST", "BIKE_FAC": "Bike Lane" }, "geometry": { "type": "MultiLineString", "coordinates": [ [ [ 7484020.409448817372322, 351989.77263779938221 ], [ 7484021.725065618753433, 352046.708005249500275 ], [ 7484023.895013123750687, 352133.687335953116417 ], [ 7484026.585958003997803, 352220.753280833363533 ], [ 7484027.868438318371773, 352268.033464565873146 ] ] ] } },
{ "type": "Feature", "properties": { "FULLNAME": "NW SATINWOOD ST", "BIKE_FAC": "Bike Lane" }, "geometry": { "type": "MultiLineString", "coordinates": [ [ [ 7484027.869422569870949, 352267.747047245502472 ], [ 7484034.47736220061779, 352507.970144361257553 ] ] ] } },
{ "type": "Feature", "properties": { "FULLNAME": "NW HIGHLAND DR", "BIKE_FAC": "Bike Lane" }, "geometry": { "type": "MultiLineString", "coordinates": [ [ [ 7482447.540682420134544, 345145.619422569870949 ], [ 7482448.916010499000549, 345170.994094491004944 ], [ 7482449.791010499000549, 345201.33825458586216 ], [ 7482452.666338577866554, 345247.869094491004944 ], [ 7482454.541994750499725, 345304.33825458586216 ], [ 7482456.41732282936573, 345363.807086616754532 ], [ 7482459.042979001998901, 345437.58825458586216 ], [ 7482459.044291332364082, 345437.626968502998352 ], [ 7482460.918307080864906, 345492.306758522987366 ], [ 7482463.418963253498077, 345563.119422569870949 ], [ 7482464.919619426131248, 345622.58825458586216 ], [ 7482467.670275583863258, 345685.775918632745743 ], [ 7482469.420603677630424, 345750.244750648736954 ], [ 7482470.420931756496429, 345801.557414695620537 ], [ 7482471.638779520988464, 345838.53248031437397 ] ] ] } },
{ "type": "Feature", "properties": { "FULLNAME": "NW HIGHLAND DR", "BIKE_FAC": "Bike Lane" }, "geometry": { "type": "MultiLineString", "coordinates": [ [ [ 7482609.829068243503571, 349989.936023622751236 ], [ 7482608.703740164637566, 349964.935695543885231 ], [ 7482605.453083992004395, 349885.404527559876442 ], [ 7482602.202099740505219, 349774.935367450118065 ], [ 7482600.076443567872047, 349695.466863512992859 ], [ 7482596.075459316372871, 349608.310695543885231 ], [ 7482593.6998031437397, 349519.122703418135643 ], [ 7482590.824475064873695, 349423.372703418135643 ], [ 7482586.573490813374519, 349321.028871387243271 ], [ 7482584.572834640741348, 349273.341207355260849 ] ] ] } },
{ "type": "Feature", "properties": { "FULLNAME": "NW HIGHLAND DR", "BIKE_FAC": "Bike Lane" }, "geometry": { "type": "MultiLineString", "coordinates": [ [ [ 7482609.829068243503571, 349989.936023622751236 ], [ 7482611.829396322369576, 350035.21751968562603 ], [ 7482613.704724416136742, 350106.342191606760025 ], [ 7482615.955708667635918, 350179.623359575867653 ], [ 7482618.581036746501923, 350252.748687669634819 ], [ 7482617.456364825367928, 350305.498359575867653 ] ] ] } },
{ "type": "Feature", "properties": { "FULLNAME": "NW HIGHLAND DR", "BIKE_FAC": "Bike Lane" }, "geometry": { "type": "MultiLineString", "coordinates": [ [ [ 7482617.456364825367928, 350305.498359575867653 ], [ 7482614.582020998001099, 350352.842191606760025 ], [ 7482617.207349076867104, 350422.092191606760025 ], [ 7482618.958005249500275, 350490.873687669634819 ], [ 7482621.333005249500275, 350552.780183732509613 ], [ 7482621.58333332836628, 350559.498687669634819 ] ] ] } },
{ "type": "Feature", "properties": { "FULLNAME": "NW HIGHLAND DR", "BIKE_FAC": "Bike Lane" }, "geometry": { "type": "MultiLineString", "coordinates": [ [ [ 7482621.58333332836628, 350559.498687669634819 ], [ 7482623.583989500999451, 350626.96751968562603 ], [ 7482626.709645673632622, 350690.530183732509613 ], [ 7482628.584973752498627, 350749.217847764492035 ], [ 7482630.710301831364632, 350803.936679795384407 ], [ 7482631.960629925131798, 350834.841535434126854 ], [ 7482631.960629925131798, 350834.84251968562603 ] ] ] } },
{ "type": "Feature", "properties": { "FULLNAME": "NW HIGHLAND DR", "BIKE_FAC": "Bike Lane" }, "geometry": { "type": "MultiLineString", "coordinates": [ [ [ 7482631.960629925131798, 350834.84251968562603 ], [ 7482633.710629925131798, 350874.280183732509613 ], [ 7482636.586286082863808, 350926.96751968562603 ], [ 7482637.961286082863808, 350958.21751968562603 ], [ 7482639.961614176630974, 350989.436679795384407 ], [ 7482642.336942255496979, 351015.592847764492035 ] ] ] } },
{ "type": "Feature", "properties": { "FULLNAME": "NW HIGHLAND DR", "BIKE_FAC": "Bike Lane" }, "geometry": { "type": "MultiLineString", "coordinates": [ [ [ 7482654.839566931128502, 351352.999343827366829 ], [ 7482655.089895009994507, 351365.374343827366829 ], [ 7482655.465223103761673, 351387.343175858259201 ], [ 7482656.714895009994507, 351409.249015748500824 ], [ 7482658.715223103761673, 351431.093175858259201 ], [ 7482661.590223103761673, 351452.874671921133995 ], [ 7482665.090551182627678, 351474.249671921133995 ], [ 7482669.090879261493683, 351494.905839890241623 ], [ 7482673.840879261493683, 351515.405839890241623 ], [ 7482679.341207355260849, 351535.718175858259201 ], [ 7482685.591207355260849, 351555.811679795384407 ], [ 7482692.591207355260849, 351575.655839890241623 ], [ 7482700.341207355260849, 351595.218503937125206 ], [ 7482708.841535434126854, 351614.467847764492035 ], [ 7482713.591535434126854, 351624.437007874250412 ], [ 7482723.341863512992859, 351643.624343827366829 ], [ 7482733.717191606760025, 351662.405511811375618 ], [ 7482744.841863512992859, 351680.812007874250412 ], [ 7482756.592191606760025, 351698.811679795384407 ], [ 7482764.966863512992859, 351710.655839890241623 ], [ 7482795.46751968562603, 351752.311679795384407 ], [ 7482823.46751968562603, 351789.343175858259201 ], [ 7482837.71751968562603, 351808.405511811375618 ], [ 7482851.342847764492035, 351827.967847764492035 ], [ 7482864.343175858259201, 351847.937007874250412 ], [ 7482876.593175858259201, 351868.343175858259201 ], [ 7482889.093175858259201, 351890.780511811375618 ], [ 7482896.968175858259201, 351907.874343827366829 ], [ 7482904.093832015991211, 351925.280511811375618 ], [ 7482910.468503937125206, 351942.968175858259201 ], [ 7482916.094160109758377, 351960.905511811375618 ], [ 7482920.968832015991211, 351979.061679795384407 ], [ 7482925.344160109758377, 351998.187007874250412 ], [ 7482928.719488188624382, 352014.999343827366829 ], [ 7482931.344488188624382, 352031.968175858259201 ], [ 7482933.219488188624382, 352049.030511811375618 ], [ 7482934.344816267490387, 352066.155511811375618 ], [ 7482934.719488188624382, 352083.312007874250412 ], [ 7482934.219816267490387, 352100.499343827366829 ], [ 7482932.845144361257553, 352117.592847764492035 ], [ 7482932.344816267490387, 352122.593175858259201 ], [ 7482929.220144361257553, 352143.499343827366829 ], [ 7482925.220472440123558, 352164.249343827366829 ], [ 7482920.470800518989563, 352184.843175858259201 ], [ 7482916.470800518989563, 352199.718175858259201 ], [ 7482909.721128612756729, 352223.593175858259201 ], [ 7482902.221456691622734, 352247.218175858259201 ], [ 7482893.846128612756729, 352270.624671921133995 ], [ 7482884.846784770488739, 352293.749671921133995 ], [ 7482879.096784770488739, 352307.562335953116417 ], [ 7482862.597112864255905, 352343.062335953116417 ], [ 7482836.847112864255905, 352391.781167984008789 ], [ 7482810.097769021987915, 352439.875 ], [ 7482781.973097115755081, 352491.875328078866005 ], [ 7482754.473425194621086, 352542.250328078866005 ], [ 7482726.474409446120262, 352593.281167984008789 ], [ 7482699.224737539887428, 352642.687992125749588 ] ] ] } },
{ "type": "Feature", "properties": { "FULLNAME": "NW HIGHLAND DR", "BIKE_FAC": "Bike Lane" }, "geometry": { "type": "MultiLineString", "coordinates": [ [ [ 7482642.336942255496979, 351015.592847764492035 ], [ 7482642.836942255496979, 351020.592847764492035 ], [ 7482644.462270334362984, 351035.46751968562603 ], [ 7482646.21259842813015, 351094.530511811375618 ], [ 7482649.08825458586216, 351168.186679795384407 ], [ 7482651.213910758495331, 351243.718175858259201 ], [ 7482654.233923882246017, 351324.954068243503571 ], [ 7482654.839566931128502, 351352.999343827366829 ] ] ] } },
{ "type": "Feature", "properties": { "FULLNAME": "NW HIGHLAND DR", "BIKE_FAC": "Bike Lane" }, "geometry": { "type": "MultiLineString", "coordinates": [ [ [ 7482699.224737539887428, 352642.687992125749588 ], [ 7482680.100065618753433, 352677.344160109758377 ], [ 7482596.620734915137291, 352827.350065618753433 ] ] ] } },
{ "type": "Feature", "properties": { "FULLNAME": "NE JACK LONDON ST", "BIKE_FAC": "Bike Lane" }, "geometry": { "type": "MultiLineString", "coordinates": [ [ [ 7486593.43996062874794, 348398.328412070870399 ], [ 7486595.06496062874794, 348427.266076117753983 ], [ 7486595.190288707613945, 348459.484580054879189 ], [ 7486595.565288707613945, 348493.640419945120811 ], [ 7486595.940616801381111, 348525.047244101762772 ], [ 7486595.315944880247116, 348557.453083992004395 ], [ 7486593.940944880247116, 348575.234251961112022 ], [ 7486593.441272959113121, 348593.046916007995605 ], [ 7486593.691272959113121, 348610.890748038887978 ], [ 7486593.816272959113121, 348614.109580054879189 ], [ 7486595.441929131746292, 348660.641076117753983 ], [ 7486596.316929131746292, 348699.703740164637566 ], [ 7486597.567257210612297, 348739.172244101762772 ], [ 7486598.817913383245468, 348786.703740164637566 ], [ 7486600.193241477012634, 348834.203412070870399 ], [ 7486601.443241477012634, 348886.890748038887978 ], [ 7486602.818897634744644, 348931.953412070870399 ], [ 7486603.943897634744644, 348977.953740164637566 ], [ 7486605.31922572851181, 349021.703412070870399 ], [ 7486606.69488188624382, 349063.516076117753983 ], [ 7486607.56988188624382, 349108.609908133745193 ], [ 7486609.195538058876991, 349150.61023622751236 ], [ 7486610.445866137742996, 349197.141404196619987 ], [ 7486611.446522310376167, 349234.297572180628777 ], [ 7486612.571194231510162, 349274.172900259494781 ], [ 7486613.946850389242172, 349318.109908133745193 ], [ 7486613.446850389242172, 349328.297900259494781 ], [ 7486613.822178483009338, 349336.641404196619987 ], [ 7486615.071850389242172, 349344.922900259494781 ], [ 7486617.072178483009338, 349353.047900259494781 ], [ 7486619.822178483009338, 349360.954396322369576 ], [ 7486623.197178483009338, 349368.547900259494781 ], [ 7486627.447506561875343, 349375.797572180628777 ], [ 7486639.072506561875343, 349392.766404196619987 ], [ 7486646.697506561875343, 349408.172900259494781 ], [ 7486652.322834640741348, 349421.73523622751236 ], [ 7486655.572506561875343, 349431.36023622751236 ], [ 7486657.947834640741348, 349441.172900259494781 ], [ 7486659.448162734508514, 349451.172572180628777 ], [ 7486660.322834640741348, 349461.234908133745193 ], [ 7486661.823490813374519, 349506.11023622751236 ], [ 7486663.323818892240524, 349568.797572180628777 ], [ 7486665.19914698600769, 349626.704396322369576 ], [ 7486667.8248031437397, 349697.266404196619987 ], [ 7486671.825787395238876, 349765.923228353261948 ], [ 7486672.826115489006042, 349824.766732290387154 ], [ 7486674.201771646738052, 349901.391732290387154 ], [ 7486673.579724416136742, 349944.804790019989014 ], [ 7486673.576771646738052, 349945.016732290387154 ] ] ] } },
{ "type": "Feature", "properties": { "FULLNAME": "NW WITHAM HILL DR", "BIKE_FAC": "Bike Lane" }, "geometry": { "type": "MultiLineString", "coordinates": [ [ [ 7473624.443569555878639, 346456.612860888242722 ], [ 7473609.943569555878639, 346474.831692919135094 ], [ 7473603.693569555878639, 346482.394028872251511 ], [ 7473593.693897634744644, 346494.487860888242722 ], [ 7473558.693897634744644, 346539.800524935126305 ], [ 7473532.819553807377815, 346574.362860888242722 ], [ 7473510.19488188624382, 346605.425524935126305 ] ] ] } },
{ "type": "Feature", "properties": { "FULLNAME": "NW WITHAM HILL DR", "BIKE_FAC": "Bike Lane" }, "geometry": { "type": "MultiLineString", "coordinates": [ [ [ 7473510.19488188624382, 346605.425524935126305 ], [ 7473502.695209980010986, 346615.707020998001099 ], [ 7473471.070209980010986, 346661.394685044884682 ], [ 7473446.070866137742996, 346697.894685044884682 ], [ 7473402.821194231510162, 346762.988845139741898 ] ] ] } },
{ "type": "Feature", "properties": { "FULLNAME": "NW WITHAM HILL DR", "BIKE_FAC": "Bike Lane" }, "geometry": { "type": "MultiLineString", "coordinates": [ [ [ 7473402.821194231510162, 346762.988845139741898 ], [ 7473392.946194231510162, 346777.707349076867104 ], [ 7473367.196850389242172, 346816.613845139741898 ], [ 7473335.697178483009338, 346864.301181107759476 ], [ 7473307.822834640741348, 346906.988845139741898 ], [ 7473281.573162734508514, 346946.895341202616692 ], [ 7473249.823490813374519, 346994.770669296383858 ], [ 7473234.209317579865456, 347018.508530184626579 ] ] ] } },
{ "type": "Feature", "properties": { "FULLNAME": "SW BIRDSONG DR", "BIKE_FAC": "Bike Lane" }, "geometry": { "type": "MultiLineString", "coordinates": [ [ [ 7470661.33825458586216, 332320.639435693621635 ], [ 7470666.71325458586216, 332320.76476377248764 ], [ 7470678.08825458586216, 332320.670603677630424 ], [ 7470689.46325458586216, 332319.764435693621635 ], [ 7470700.712926506996155, 332318.076771646738052 ], [ 7470711.83825458586216, 332315.63976377248764 ], [ 7470719.71325458586216, 332313.920931756496429 ], [ 7470729.962926506996155, 332311.045603677630424 ], [ 7470739.837926506996155, 332307.389435693621635 ], [ 7470749.462926506996155, 332303.014435693621635 ], [ 7470758.712926506996155, 332297.920275583863258 ], [ 7470767.587926506996155, 332292.170603677630424 ], [ 7470776.08759842813015, 332285.764435693621635 ], [ 7470783.96259842813015, 332278.764435693621635 ], [ 7470799.08759842813015, 332260.045275583863258 ], [ 7470807.46259842813015, 332247.889435693621635 ], [ 7470811.587926506996155, 332240.826771646738052 ], [ 7470823.962270334362984, 332213.857611551880836 ], [ 7470835.336614176630974, 332177.076443567872047 ], [ 7470847.336614176630974, 332136.26410761475563 ], [ 7470859.461286082863808, 332100.982611551880836 ], [ 7470870.211286082863808, 332066.701115489006042 ] ], [ [ 7470870.23589238524437, 332066.706364825367928 ], [ 7470875.097769021987915, 332052.596128612756729 ], [ 7470886.372375324368477, 332025.098097115755081 ], [ 7470902.251640424132347, 331999.975393697619438 ], [ 7470922.251312330365181, 331977.991469815373421 ], [ 7470937.52755905687809, 331966.182742789387703 ] ] ] } },
{ "type": "Feature", "properties": { "FULLNAME": "SW BIRDSONG DR", "BIKE_FAC": "Bike Lane" }, "geometry": { "type": "MultiLineString", "coordinates": [ [ [ 7470937.52755905687809, 331966.182742789387703 ], [ 7470945.765091866254807, 331959.81496062874794 ], [ 7470972.077755898237228, 331945.997703418135643 ], [ 7471000.390419945120811, 331936.959973752498627 ], [ 7471029.841863512992859, 331932.975393697619438 ], [ 7471032.416994750499725, 331932.873031497001648 ], [ 7471622.739501312375069, 331913.922900259494781 ] ] ] } },
{ "type": "Feature", "properties": { "FULLNAME": "SW BIRDSONG DR", "BIKE_FAC": "Bike Lane" }, "geometry": { "type": "MultiLineString", "coordinates": [ [ [ 7471622.739501312375069, 331913.922900259494781 ], [ 7471792.770013123750687, 331908.44914698600769 ] ] ] } },
{ "type": "Feature", "properties": { "FULLNAME": "SW 30TH ST", "BIKE_FAC": "Bike Lane" }, "geometry": { "type": "MultiLineString", "coordinates": [ [ [ 7476415.863845139741898, 337057.095472440123558 ], [ 7476415.863845139741898, 337057.096456691622734 ], [ 7476419.26410761475563, 337084.155839890241623 ], [ 7476422.464566931128502, 337112.445866137742996 ], [ 7476423.864829391241074, 337151.975721791386604 ], [ 7476426.164698168635368, 337196.155839890241623 ], [ 7476428.765748038887978, 337268.195538058876991 ], [ 7476431.766076117753983, 337346.785761147737503 ], [ 7476434.767060369253159, 337428.505905508995056 ], [ 7476436.467191606760025, 337474.905839890241623 ], [ 7476439.367782145738602, 337549.505905508995056 ], [ 7476441.968175858259201, 337628.845800518989563 ], [ 7476445.269028872251511, 337710.596128612756729 ], [ 7476447.969816267490387, 337792.346128612756729 ], [ 7476451.270341202616692, 337873.506233602762222 ], [ 7476454.170603677630424, 337953.696194231510162 ], [ 7476457.171587929129601, 338034.096456691622734 ], [ 7476458.872047245502472, 338099.656496062874794 ], [ 7476459.472112864255905, 338124.812992125749588 ] ] ] } },
{ "type": "Feature", "properties": { "FULLNAME": "SW 30TH ST", "BIKE_FAC": "Bike Lane" }, "geometry": { "type": "MultiLineString", "coordinates": [ [ [ 7476469.784120738506317, 338385.690944880247116 ], [ 7476472.375, 338458.72670604288578 ], [ 7476473.875, 338508.566929131746292 ], [ 7476475.475393697619438, 338561.756889760494232 ], [ 7476477.276246726512909, 338612.566929131746292 ], [ 7476478.776574805378914, 338661.816601052880287 ], [ 7476480.376968502998352, 338712.506889760494232 ], [ 7476482.477034121751785, 338765.597112864255905 ], [ 7476483.977690294384956, 338818.006889760494232 ], [ 7476485.678149610757828, 338872.657152235507965 ], [ 7476486.378280833363533, 338895.596784770488739 ], [ 7476486.378608927130699, 338907.34744094312191 ], [ 7476487.178149610757828, 338924.781824141740799 ], [ 7476487.178477689623833, 338924.787073493003845 ] ] ] } },
{ "type": "Feature", "properties": { "FULLNAME": "SW JEFFERSON AVE", "BIKE_FAC": "Bike Lane" }, "geometry": { "type": "MultiLineString", "coordinates": [ [ [ 7481846.97670604288578, 339078.01410761475563 ], [ 7481795.244094491004944, 339097.677493438124657 ], [ 7481737.994422569870949, 339120.490485563874245 ], [ 7481673.119750648736954, 339146.49081364274025 ], [ 7481613.745406821370125, 339170.553149610757828 ], [ 7481592.458989500999451, 339178.704068243503571 ], [ 7481573.777887135744095, 339185.86581364274025 ] ] ] } },
{ "type": "Feature", "properties": { "FULLNAME": "SW JEFFERSON AVE", "BIKE_FAC": "Bike Lane" }, "geometry": { "type": "MultiLineString", "coordinates": [ [ [ 7481573.777887135744095, 339185.86581364274025 ], [ 7481555.12007874250412, 339193.077427819371223 ], [ 7481435.006233602762222, 339241.143700793385506 ], [ 7481300.713582679629326, 339294.346456691622734 ] ] ] } },
{ "type": "Feature", "properties": { "FULLNAME": "SW JEFFERSON AVE", "BIKE_FAC": "Bike Lane" }, "geometry": { "type": "MultiLineString", "coordinates": [ [ [ 7481300.713582679629326, 339294.346456691622734 ], [ 7481164.186679795384407, 339348.736548557877541 ], [ 7481029.623687669634819, 339402.961286082863808 ] ] ] } },
{ "type": "Feature", "properties": { "FULLNAME": "SW JEFFERSON AVE", "BIKE_FAC": "Bike Lane" }, "geometry": { "type": "MultiLineString", "coordinates": [ [ [ 7481029.623687669634819, 339402.961286082863808 ], [ 7480989.873359575867653, 339419.180446192622185 ], [ 7480917.373687669634819, 339447.274278208613396 ], [ 7480855.374015748500824, 339472.18077427148819 ], [ 7480796.374671921133995, 339495.587270334362984 ], [ 7480756.749343827366829, 339510.274934381246567 ] ] ] } },
{ "type": "Feature", "properties": { "FULLNAME": "SW JEFFERSON AVE", "BIKE_FAC": "Bike Lane" }, "geometry": { "type": "MultiLineString", "coordinates": [ [ [ 7480756.749343827366829, 339510.274934381246567 ], [ 7480693.75, 339534.993766397237778 ], [ 7480621.375328078866005, 339564.493766397237778 ], [ 7480621.351049870252609, 339564.503937005996704 ], [ 7480521.875984251499176, 339605.087926506996155 ], [ 7480484.899278208613396, 339620.849081367254257 ] ] ] } },
{ "type": "Feature", "properties": { "FULLNAME": "SW JEFFERSON AVE", "BIKE_FAC": "Bike Lane" }, "geometry": { "type": "MultiLineString", "coordinates": [ [ [ 7480484.899278208613396, 339620.849081367254257 ], [ 7480409.001640424132347, 339650.494750648736954 ], [ 7480304.626640424132347, 339691.557086616754532 ], [ 7480261.127296581864357, 339709.213582679629326 ], [ 7480226.127296581864357, 339722.369750648736954 ] ] ] } },
{ "type": "Feature", "properties": { "FULLNAME": "SW JEFFERSON AVE", "BIKE_FAC": "Bike Lane" }, "geometry": { "type": "MultiLineString", "coordinates": [ [ [ 7480226.127296581864357, 339722.369750648736954 ], [ 7480192.377296581864357, 339734.245406821370125 ], [ 7480180.752624675631523, 339737.526574805378914 ], [ 7480162.127296581864357, 339742.120406821370125 ], [ 7480143.377296581864357, 339745.932742789387703 ], [ 7480124.502624675631523, 339748.995406821370125 ], [ 7480105.502952754497528, 339751.245734915137291 ], [ 7480086.378280833363533, 339752.713910758495331 ], [ 7480067.252952754497528, 339753.401574805378914 ], [ 7480048.128280833363533, 339753.308070868253708 ], [ 7479972.627952754497528, 339754.152230978012085 ], [ 7479885.753608927130699, 339756.027230978012085 ], [ 7479802.628608927130699, 339757.934055119752884 ], [ 7479734.628280833363533, 339758.65255905687809 ], [ 7479667.128937005996704, 339760.184383198618889 ], [ 7479593.753608927130699, 339760.934383198618889 ], [ 7479515.504265084862709, 339762.591207355260849 ], [ 7479442.254265084862709, 339764.309711292386055 ], [ 7479372.754593178629875, 339765.622703418135643 ], [ 7479301.879265084862709, 339766.279199481010437 ], [ 7479249.629593178629875, 339766.466207355260849 ] ] ] } },
{ "type": "Feature", "properties": { "FULLNAME": "SW JEFFERSON WAY", "BIKE_FAC": "Bike Lane" }, "geometry": { "type": "MultiLineString", "coordinates": [ [ [ 7479249.629593178629875, 339766.466207355260849 ], [ 7479210.629593178629875, 339767.872703418135643 ], [ 7479137.004593178629875, 339770.498359575867653 ], [ 7479033.630249351263046, 339770.96751968562603 ], [ 7478960.255249351263046, 339771.686351701617241 ], [ 7478885.755577430129051, 339772.936679795384407 ], [ 7478830.755577430129051, 339774.311351701617241 ], [ 7478810.880577430129051, 339774.655183732509613 ] ] ] } },
{ "type": "Feature", "properties": { "FULLNAME": "SW JEFFERSON WAY", "BIKE_FAC": "Bike Lane" }, "geometry": { "type": "MultiLineString", "coordinates": [ [ [ 7478810.880577430129051, 339774.655183732509613 ], [ 7478778.755577430129051, 339775.249343827366829 ], [ 7478726.380577430129051, 339776.124343827366829 ], [ 7478673.255905508995056, 339777.655839890241623 ], [ 7478571.880905508995056, 339783.093503937125206 ], [ 7478555.005905508995056, 339782.780839890241623 ], [ 7478543.771325454115868, 339783.093175858259201 ], [ 7478543.756233602762222, 339783.093503937125206 ] ] ] } },
{ "type": "Feature", "properties": { "FULLNAME": "SW JEFFERSON WAY", "BIKE_FAC": "Bike Lane" }, "geometry": { "type": "MultiLineString", "coordinates": [ [ [ 7476472.635826766490936, 339859.599409446120262 ], [ 7476449.261154860258102, 339861.505249351263046 ], [ 7476406.386482939124107, 339862.880577430129051 ], [ 7476354.886154860258102, 339864.912073493003845 ], [ 7476303.261482939124107, 339866.755905508995056 ], [ 7476241.261811017990112, 339869.03740157186985 ], [ 7476180.761811017990112, 339871.443897634744644 ], [ 7476127.636482939124107, 339873.256233602762222 ], [ 7476078.636482939124107, 339874.600393697619438 ], [ 7476017.011811017990112, 339877.038057744503021 ], [ 7475963.262139111757278, 339879.256889760494232 ], [ 7475907.387139111757278, 339880.819553807377815 ], [ 7475842.387467190623283, 339883.81988188624382 ], [ 7475787.512467190623283, 339886.070209980010986 ], [ 7475729.137795269489288, 339887.914041996002197 ], [ 7475675.762795269489288, 339889.726377949118614 ], [ 7475623.137795269489288, 339891.664370074868202 ], [ 7475574.013123363256454, 339893.507874011993408 ], [ 7475521.762795269489288, 339895.320538058876991 ], [ 7475509.513451442122459, 339895.85170604288578 ], [ 7475482.513123363256454, 339897.008530184626579 ], [ 7475437.388451442122459, 339899.008530184626579 ], [ 7475392.138123363256454, 339900.165026247501373 ], [ 7475336.763451442122459, 339901.758858263492584 ], [ 7475287.638779520988464, 339903.883858263492584 ], [ 7475235.263451442122459, 339906.196194231510162 ], [ 7475201.263779520988464, 339907.165026247501373 ], [ 7475182.763779520988464, 339907.196850389242172 ] ] ] } },
{ "type": "Feature", "properties": { "FULLNAME": "NW KINGS BLVD", "BIKE_FAC": "Bike Lane" }, "geometry": { "type": "MultiLineString", "coordinates": [ [ [ 7479039.38976377248764, 340993.031167984008789 ], [ 7479043.968832015991211, 341032.385826766490936 ], [ 7479044.61023622751236, 341087.533136487007141 ], [ 7479045.571850389242172, 341165.124015748500824 ], [ 7479046.854658797383308, 341232.455052495002747 ], [ 7479047.816272959113121, 341323.512467190623283 ], [ 7479047.143044620752335, 341380.655839890241623 ] ] ] } },
{ "type": "Feature", "properties": { "FULLNAME": "NW KINGS BLVD", "BIKE_FAC": "Bike Lane" }, "geometry": { "type": "MultiLineString", "coordinates": [ [ [ 7479047.143044620752335, 341380.655839890241623 ], [ 7479047.51771654188633, 341389.843832015991211 ], [ 7479048.51837269961834, 341428.968832015991211 ] ] ] } },
{ "type": "Feature", "properties": { "FULLNAME": "NW KINGS BLVD", "BIKE_FAC": "Bike Lane" }, "geometry": { "type": "MultiLineString", "coordinates": [ [ [ 7479048.51837269961834, 341428.968832015991211 ], [ 7479048.393700793385506, 341485.843832015991211 ], [ 7479049.019028872251511, 341549.593832015991211 ], [ 7479050.019356951117516, 341613.593832015991211 ], [ 7479051.395013123750687, 341673.468832015991211 ], [ 7479052.895997375249863, 341741.500328078866005 ], [ 7479052.645997375249863, 341791.250328078866005 ], [ 7479053.021325454115868, 341825.469488188624382 ] ] ] } },
{ "type": "Feature", "properties": { "FULLNAME": "NW KINGS BLVD", "BIKE_FAC": "Bike Lane" }, "geometry": { "type": "MultiLineString", "coordinates": [ [ [ 7479053.021325454115868, 341825.469488188624382 ], [ 7479053.146325454115868, 341831.781824141740799 ], [ 7479054.896653547883034, 341882.968832015991211 ], [ 7479056.146981626749039, 341942.125328078866005 ], [ 7479056.620734915137291, 341961.842847764492035 ], [ 7479057.397965878248215, 341994.187992125749588 ], [ 7479059.148622050881386, 342059.444553807377815 ], [ 7479060.029199481010437, 342098.703740164637566 ], [ 7479060.029199481010437, 342137.651574805378914 ], [ 7479059.649278208613396, 342189.625656172633171 ], [ 7479059.399278208613396, 342229.656824141740799 ] ] ] } },
{ "type": "Feature", "properties": { "FULLNAME": "NW KINGS BLVD", "BIKE_FAC": "Bike Lane" }, "geometry": { "type": "MultiLineString", "coordinates": [ [ [ 7479059.399278208613396, 342229.656824141740799 ], [ 7479059.649606302380562, 342262.500656172633171 ], [ 7479060.525262460112572, 342311.250656172633171 ], [ 7479061.650590553879738, 342366.750656172633171 ], [ 7479063.901246726512909, 342433.094488188624382 ], [ 7479066.151574805378914, 342491.344816267490387 ], [ 7479068.151902884244919, 342565.594488188624382 ], [ 7479068.77755905687809, 342597.407152235507965 ], [ 7479069.52755905687809, 342622.938320204615593 ] ] ] } },
{ "type": "Feature", "properties": { "FULLNAME": "NW KINGS BLVD", "BIKE_FAC": "Bike Lane" }, "geometry": { "type": "MultiLineString", "coordinates": [ [ [ 7479069.52755905687809, 342622.938320204615593 ], [ 7479069.77755905687809, 342647.157152235507965 ], [ 7479070.027887135744095, 342674.15748031437397 ], [ 7479070.652887135744095, 342716.125984251499176 ], [ 7479071.528543308377266, 342764.438320204615593 ], [ 7479072.279199481010437, 342815.53248031437397 ], [ 7479073.404527559876442, 342870.65748031437397 ], [ 7479074.404855638742447, 342916.125984251499176 ], [ 7479075.280511811375618, 342965.095144361257553 ], [ 7479075.780183732509613, 342987.094816267490387 ] ] ] } },
{ "type": "Feature", "properties": { "FULLNAME": "NW KINGS BLVD", "BIKE_FAC": "Bike Lane" }, "geometry": { "type": "MultiLineString", "coordinates": [ [ [ 7479075.780183732509613, 342987.094816267490387 ], [ 7479076.280511811375618, 343020.03248031437397 ], [ 7479076.906167984008789, 343063.001640424132347 ], [ 7479077.781496062874794, 343117.563976377248764 ], [ 7479077.782152235507965, 343117.58333332836628 ], [ 7479078.906824141740799, 343164.313976377248764 ], [ 7479079.90748031437397, 343219.188976377248764 ], [ 7479080.78248031437397, 343269.907808393239975 ], [ 7479082.033136487007141, 343320.376640424132347 ], [ 7479082.783464565873146, 343347.595472440123558 ] ] ] } },
{ "type": "Feature", "properties": { "FULLNAME": "NW KINGS BLVD", "BIKE_FAC": "Bike Lane" }, "geometry": { "type": "MultiLineString", "coordinates": [ [ [ 7479082.783464565873146, 343347.595472440123558 ], [ 7479082.908136487007141, 343356.470800518989563 ], [ 7479083.033792644739151, 343381.001640424132347 ], [ 7479083.908792644739151, 343412.751640424132347 ], [ 7479084.909120738506317, 343470.595472440123558 ], [ 7479084.784776896238327, 343552.001968502998352 ], [ 7479084.660433068871498, 343629.408136487007141 ], [ 7479085.411089241504669, 343689.689304456114769 ], [ 7479086.036417320370674, 343745.376968502998352 ] ] ] } },
{ "type": "Feature", "properties": { "FULLNAME": "NW KINGS BLVD", "BIKE_FAC": "Bike Lane" }, "geometry": { "type": "MultiLineString", "coordinates": [ [ [ 7479086.036417320370674, 343745.376968502998352 ], [ 7479090.037729665637016, 343952.720800518989563 ] ] ] } },
{ "type": "Feature", "properties": { "FULLNAME": "NW KINGS BLVD", "BIKE_FAC": "Bike Lane" }, "geometry": { "type": "MultiLineString", "coordinates": [ [ [ 7479090.037729665637016, 343952.720800518989563 ], [ 7479090.663385823369026, 344009.595800518989563 ], [ 7479091.413713917136192, 344060.814632549881935 ], [ 7479092.039370074868202, 344129.06496062874794 ], [ 7479093.664698168635368, 344203.939632549881935 ], [ 7479095.290682420134544, 344278.971456691622734 ], [ 7479095.665682420134544, 344318.06496062874794 ] ] ] } },
{ "type": "Feature", "properties": { "FULLNAME": "NW KINGS BLVD", "BIKE_FAC": "Bike Lane" }, "geometry": { "type": "MultiLineString", "coordinates": [ [ [ 7479095.665682420134544, 344318.06496062874794 ], [ 7479096.291010499000549, 344341.002624675631523 ], [ 7479097.04166667163372, 344379.940288707613945 ], [ 7479098.29166667163372, 344446.534120738506317 ], [ 7479099.667650923132896, 344509.81496062874794 ], [ 7479101.042979001998901, 344572.252624675631523 ], [ 7479102.418635174632072, 344637.096456691622734 ], [ 7479102.293635174632072, 344658.846456691622734 ], [ 7479101.418635174632072, 344680.56496062874794 ], [ 7479099.669291332364082, 344702.252952754497528 ], [ 7479097.669291332364082, 344717.346784770488739 ] ] ] } },
{ "type": "Feature", "properties": { "FULLNAME": "NW KINGS BLVD", "BIKE_FAC": "Bike Lane" }, "geometry": { "type": "MultiLineString", "coordinates": [ [ [ 7479097.669291332364082, 344717.346784770488739 ], [ 7479094.919291332364082, 344732.315616801381111 ], [ 7479091.294291332364082, 344747.096456691622734 ], [ 7479087.044291332364082, 344761.690288707613945 ], [ 7479081.919619426131248, 344776.065616801381111 ], [ 7479063.294947504997253, 344817.034120738506317 ], [ 7479037.420275583863258, 344867.284448817372322 ], [ 7479021.170603677630424, 344896.440616801381111 ], [ 7479007.045603677630424, 344920.784776896238327 ], [ 7479004.795931756496429, 344924.878280833363533 ] ] ] } },
{ "type": "Feature", "properties": { "FULLNAME": "NW KINGS BLVD", "BIKE_FAC": "Bike Lane" }, "geometry": { "type": "MultiLineString", "coordinates": [ [ [ 7479004.795931756496429, 344924.878280833363533 ], [ 7478995.920931756496429, 344940.659776896238327 ], [ 7478986.046259835362434, 344964.065616801381111 ], [ 7478974.046259835362434, 344987.159776896238327 ], [ 7478960.546259835362434, 345016.690944880247116 ], [ 7478957.546587929129601, 345024.972112864255905 ], [ 7478954.296916007995605, 345036.191272959113121 ], [ 7478951.796916007995605, 345047.59744094312191 ], [ 7478950.046916007995605, 345059.159776896238327 ], [ 7478949.172244101762772, 345070.815944880247116 ], [ 7478949.047572180628777, 345082.47244094312191 ], [ 7478949.047572180628777, 345086.222112864255905 ], [ 7478949.797572180628777, 345118.59744094312191 ], [ 7478951.297572180628777, 345150.940944880247116 ], [ 7478953.672900259494781, 345183.253937005996704 ], [ 7478955.86515748500824, 345228.823162734508514 ] ] ] } },
{ "type": "Feature", "properties": { "FULLNAME": "NW KINGS BLVD", "BIKE_FAC": "Bike Lane" }, "geometry": { "type": "MultiLineString", "coordinates": [ [ [ 7478955.86515748500824, 345228.823162734508514 ], [ 7478957.548556432127953, 345264.47244094312191 ], [ 7478958.549212604761124, 345306.34744094312191 ], [ 7478960.174212604761124, 345362.84744094312191 ], [ 7478962.424868762493134, 345422.84744094312191 ], [ 7478963.9251968562603, 345485.253937005996704 ], [ 7478965.17585301399231, 345536.691601052880287 ], [ 7478965.92585301399231, 345577.847769021987915 ] ] ] } },
{ "type": "Feature", "properties": { "FULLNAME": "NW KINGS BLVD", "BIKE_FAC": "Bike Lane" }, "geometry": { "type": "MultiLineString", "coordinates": [ [ [ 7478965.92585301399231, 345577.847769021987915 ], [ 7478967.176181107759476, 345613.660104990005493 ], [ 7478969.176837265491486, 345684.973097115755081 ], [ 7478971.427493438124657, 345757.847769021987915 ], [ 7478973.678149610757828, 345822.285761147737503 ], [ 7478975.803477689623833, 345906.535433068871498 ], [ 7478977.179133862257004, 345963.254265084862709 ], [ 7478977.554133862257004, 345976.910761147737503 ] ] ] } },
{ "type": "Feature", "properties": { "FULLNAME": "NW KINGS BLVD", "BIKE_FAC": "Bike Lane" }, "geometry": { "type": "MultiLineString", "coordinates": [ [ [ 7478977.554133862257004, 345976.910761147737503 ], [ 7478977.804461941123009, 345985.848097115755081 ], [ 7478978.929790019989014, 346019.254265084862709 ], [ 7478980.554790019989014, 346077.379593178629875 ], [ 7478982.430446192622185, 346138.191601052880287 ], [ 7478984.80577427148819, 346203.754265084862709 ], [ 7478987.056758522987366, 346288.816929131746292 ], [ 7478988.932414695620537, 346352.223425194621086 ], [ 7478989.932742789387703, 346413.254593178629875 ], [ 7478991.557742789387703, 346458.535761147737503 ], [ 7478992.558070868253708, 346488.598425194621086 ] ] ] } },
{ "type": "Feature", "properties": { "FULLNAME": "NW KINGS BLVD", "BIKE_FAC": "Bike Lane" }, "geometry": { "type": "MultiLineString", "coordinates": [ [ [ 7478992.558070868253708, 346488.598425194621086 ], [ 7479000.56003937125206, 346759.098753273487091 ], [ 7479007.263779520988464, 346995.508530184626579 ] ] ] } },
{ "type": "Feature", "properties": { "FULLNAME": "NW KINGS BLVD", "BIKE_FAC": "Bike Lane" }, "geometry": { "type": "MultiLineString", "coordinates": [ [ [ 7479007.263779520988464, 346995.508530184626579 ], [ 7479008.187664046883583, 347031.12992125749588 ], [ 7479010.312664046883583, 347099.005249351263046 ], [ 7479012.813320204615593, 347175.630249351263046 ], [ 7479013.563976377248764, 347226.005249351263046 ], [ 7479015.689632549881935, 347301.942585304379463 ], [ 7479016.065288707613945, 347358.41174541413784 ], [ 7479017.565288707613945, 347401.412073493003845 ], [ 7479017.690616801381111, 347462.099409446120262 ], [ 7479018.316272959113121, 347504.599409446120262 ], [ 7479019.644028872251511, 347561.973753273487091 ], [ 7479021.817585304379463, 347659.755905508995056 ], [ 7479021.817585304379463, 347681.912073493003845 ], [ 7479021.567585304379463, 347702.568241477012634 ], [ 7479021.942913383245468, 347714.974737539887428 ] ] ] } },
{ "type": "Feature", "properties": { "FULLNAME": "NW KINGS BLVD", "BIKE_FAC": "Bike Lane" }, "geometry": { "type": "MultiLineString", "coordinates": [ [ [ 7479021.942913383245468, 347714.974737539887428 ], [ 7479022.443241477012634, 347734.130577430129051 ], [ 7479023.318241477012634, 347759.193569555878639 ], [ 7479025.568897634744644, 347818.630905508995056 ], [ 7479026.94422572851181, 347883.66240157186985 ], [ 7479028.819553807377815, 347960.287073493003845 ], [ 7479031.445538058876991, 348042.974409446120262 ], [ 7479033.445866137742996, 348110.850065618753433 ], [ 7479035.946522310376167, 348186.724737539887428 ], [ 7479036.946850389242172, 348228.725065618753433 ] ] ] } },
{ "type": "Feature", "properties": { "FULLNAME": "NW KINGS BLVD", "BIKE_FAC": "Bike Lane" }, "geometry": { "type": "MultiLineString", "coordinates": [ [ [ 7479036.946850389242172, 348228.725065618753433 ], [ 7479039.072506561875343, 348261.006233602762222 ], [ 7479040.947178483009338, 348303.130905508995056 ], [ 7479044.697834640741348, 348363.912729665637016 ], [ 7479047.448162734508514, 348427.943897634744644 ], [ 7479048.323818892240524, 348459.506561681628227 ] ] ] } },
{ "type": "Feature", "properties": { "FULLNAME": "NW KINGS BLVD", "BIKE_FAC": "Bike Lane" }, "geometry": { "type": "MultiLineString", "coordinates": [ [ [ 7479048.323818892240524, 348459.506561681628227 ], [ 7479048.82414698600769, 348478.225393697619438 ], [ 7479049.44914698600769, 348522.006233602762222 ], [ 7479051.449475064873695, 348591.725393697619438 ], [ 7479053.450459316372871, 348664.69422572851181 ], [ 7479055.576115489006042, 348761.31922572851181 ], [ 7479058.326771646738052, 348859.163057744503021 ], [ 7479059.327099740505219, 348927.69422572851181 ], [ 7479060.702755898237228, 348991.69422572851181 ], [ 7479061.953083992004395, 349030.194553807377815 ] ] ] } },
{ "type": "Feature", "properties": { "FULLNAME": "NW KINGS BLVD", "BIKE_FAC": "Bike Lane" }, "geometry": { "type": "MultiLineString", "coordinates": [ [ [ 7479061.953083992004395, 349030.194553807377815 ], [ 7479062.578083992004395, 349051.225393697619438 ], [ 7479064.328412070870399, 349080.913385823369026 ], [ 7479067.417650923132896, 349152.968503937125206 ], [ 7479068.329068243503571, 349181.006889760494232 ], [ 7479071.079724416136742, 349231.506889760494232 ], [ 7479073.330380573868752, 349284.725721791386604 ], [ 7479074.830380573868752, 349337.975721791386604 ], [ 7479075.080708667635918, 349370.632217854261398 ], [ 7479074.581036746501923, 349411.81922572851181 ], [ 7479073.331364825367928, 349453.007217854261398 ], [ 7479073.456692919135094, 349461.225721791386604 ], [ 7479073.207020998001099, 349484.257217854261398 ], [ 7479072.207020998001099, 349507.288385823369026 ], [ 7479071.251640424132347, 349519.774934381246567 ] ] ] } },
{ "type": "Feature", "properties": { "FULLNAME": "NW KINGS BLVD", "BIKE_FAC": "Bike Lane" }, "geometry": { "type": "MultiLineString", "coordinates": [ [ [ 7479071.251640424132347, 349519.774934381246567 ], [ 7479070.457020998001099, 349530.257217854261398 ], [ 7479067.957349076867104, 349553.132545933127403 ], [ 7479066.58267717063427, 349576.101049870252609 ], [ 7479063.583005249500275, 349613.788713917136192 ], [ 7479058.20833332836628, 349661.632545933127403 ], [ 7479051.208661422133446, 349714.414041996002197 ], [ 7479043.083989500999451, 349762.163385823369026 ], [ 7479034.959317579865456, 349810.632545933127403 ], [ 7479031.381889760494232, 349831.659120738506317 ], [ 7479028.316272959113121, 349851.620406821370125 ], [ 7479026.336614176630974, 349866.975065618753433 ], [ 7479023.441929131746292, 349887.202755898237228 ] ] ] } },
{ "type": "Feature", "properties": { "FULLNAME": "SE MIDVALE DR", "BIKE_FAC": "Bike Lane" }, "geometry": { "type": "MultiLineString", "coordinates": [ [ [ 7483393.018044620752335, 327684.438976377248764 ], [ 7483385.576115489006042, 327645.948818892240524 ], [ 7483378.263123363256454, 327611.840879261493683 ], [ 7483370.356299206614494, 327577.888123363256454 ], [ 7483361.854986876249313, 327544.089895009994507 ], [ 7483352.759514436125755, 327510.436023622751236 ], [ 7483340.341863512992859, 327469.25918635725975 ] ] ] } },
{ "type": "Feature", "properties": { "FULLNAME": "SE MIDVALE DR", "BIKE_FAC": "Bike Lane" }, "geometry": { "type": "MultiLineString", "coordinates": [ [ [ 7483340.341863512992859, 327469.25918635725975 ], [ 7483331.972769021987915, 327443.969488188624382 ], [ 7483314.107939630746841, 327393.346784770488739 ], [ 7483279.453740164637566, 327310.335958003997803 ], [ 7483235.682086616754532, 327214.705052495002747 ] ] ] } },
{ "type": "Feature", "properties": { "FULLNAME": "SE RIVERGREEN AVE", "BIKE_FAC": "Bike Lane" }, "geometry": { "type": "MultiLineString", "coordinates": [ [ [ 7482821.046916007995605, 327339.593503937125206 ], [ 7482717.973753273487091, 327364.120406821370125 ], [ 7482394.715879261493683, 327426.741797894239426 ], [ 7482370.423884510993958, 327431.155183732509613 ], [ 7482346.058727040886879, 327435.143044620752335 ], [ 7482321.628280833363533, 327438.706036746501923 ], [ 7482298.708005249500275, 327441.761154860258102 ] ] ] } },
{ "type": "Feature", "properties": { "FULLNAME": "SE RIVERGREEN AVE", "BIKE_FAC": "Bike Lane" }, "geometry": { "type": "MultiLineString", "coordinates": [ [ [ 7483235.682086616754532, 327214.705052495002747 ], [ 7483187.705052495002747, 327231.768700793385506 ], [ 7482972.583989500999451, 327296.714566931128502 ], [ 7482880.865485563874245, 327324.135826766490936 ], [ 7482821.046916007995605, 327339.593503937125206 ] ] ] } },
{ "type": "Feature", "properties": { "FULLNAME": "SE MIDVALE DR", "BIKE_FAC": "Bike Lane" }, "geometry": { "type": "MultiLineString", "coordinates": [ [ [ 7483442.554461941123009, 329491.363845139741898 ], [ 7483434.725065618753433, 329084.424540683627129 ] ] ] } },
{ "type": "Feature", "properties": { "FULLNAME": "SE MIDVALE DR", "BIKE_FAC": "Bike Lane" }, "geometry": { "type": "MultiLineString", "coordinates": [ [ [ 7483434.725065618753433, 329084.424540683627129 ], [ 7483418.462926506996155, 328239.204068243503571 ] ] ] } },
{ "type": "Feature", "properties": { "FULLNAME": "SE MIDVALE DR", "BIKE_FAC": "Bike Lane" }, "geometry": { "type": "MultiLineString", "coordinates": [ [ [ 7483418.462926506996155, 328239.204068243503571 ], [ 7483412.763123363256454, 327942.998359575867653 ], [ 7483393.018044620752335, 327684.438976377248764 ] ] ] } },
{ "type": "Feature", "properties": { "FULLNAME": "SE RIVERGREEN AVE", "BIKE_FAC": "Bike Lane" }, "geometry": { "type": "MultiLineString", "coordinates": [ [ [ 7481688.15255905687809, 327461.979002624750137 ], [ 7482161.400918632745743, 327451.427821516990662 ] ] ] } },
{ "type": "Feature", "properties": { "FULLNAME": "SPRINGHILL DR", "BIKE_FAC": "Bike Lane" }, "geometry": { "type": "MultiLineString", "coordinates": [ [ [ 7524923.026574805378914, 369401.778215229511261 ], [ 7524931.361876636743546, 369456.803149610757828 ] ] ] } },
{ "type": "Feature", "properties": { "FULLNAME": "SW RESEARCH WAY", "BIKE_FAC": "Bike Lane" }, "geometry": { "type": "MultiLineString", "coordinates": [ [ [ 7473674.845800518989563, 334027.320209980010986 ], [ 7473673.845800518989563, 334052.60170604288578 ], [ 7473676.846128612756729, 334120.476377949118614 ], [ 7473680.597112864255905, 334200.476377949118614 ], [ 7473681.09744094312191, 334240.664370074868202 ], [ 7473682.347769021987915, 334280.85170604288578 ], [ 7473683.722769021987915, 334317.632874011993408 ], [ 7473685.473425194621086, 334365.60170604288578 ], [ 7473685.973425194621086, 334377.97670604288578 ], [ 7473685.848753273487091, 334392.820538058876991 ], [ 7473684.973753273487091, 334407.633202105760574 ], [ 7473683.223753273487091, 334422.414370074868202 ], [ 7473680.724081367254257, 334437.039370074868202 ], [ 7473678.223753273487091, 334447.070538058876991 ], [ 7473673.973753273487091, 334461.164370074868202 ], [ 7473668.849081367254257, 334475.039698168635368 ], [ 7473663.099409446120262, 334488.633202105760574 ], [ 7473656.724737539887428, 334501.883202105760574 ], [ 7473635.224737539887428, 334537.414698168635368 ], [ 7473627.475065618753433, 334552.008530184626579 ], [ 7473620.475065618753433, 334566.946194231510162 ], [ 7473614.100065618753433, 334582.22736220061779 ], [ 7473608.475065618753433, 334597.789370074868202 ], [ 7473603.600393697619438, 334613.602034121751785 ], [ 7473599.475393697619438, 334629.602034121751785 ], [ 7473596.225721791386604, 334645.821194231510162 ], [ 7473593.726049870252609, 334661.22736220061779 ], [ 7473591.976049870252609, 334676.664698168635368 ], [ 7473590.976049870252609, 334692.196194231510162 ], [ 7473590.851049870252609, 334707.72736220061779 ], [ 7473591.351377949118614, 334723.258530184626579 ], [ 7473592.851377949118614, 334738.72736220061779 ], [ 7473594.976377949118614, 334754.133858263492584 ], [ 7473596.22670604288578, 334761.10236220061779 ], [ 7473603.35170604288578, 334798.946194231510162 ], [ 7473606.102034121751785, 334814.696194231510162 ], [ 7473607.977034121751785, 334830.602690294384956 ], [ 7473609.10236220061779, 334846.571194231510162 ], [ 7473609.47736220061779, 334862.571522310376167 ], [ 7473609.10236220061779, 334878.571522310376167 ], [ 7473608.727690294384956, 334884.133858263492584 ], [ 7473607.478018373250961, 334899.539698168635368 ], [ 7473605.35236220061779, 334914.852690294384956 ], [ 7473602.477690294384956, 334930.040354326367378 ], [ 7473598.853018373250961, 334945.071522310376167 ], [ 7473594.478346452116966, 334959.883530184626579 ], [ 7473589.353018373250961, 334974.477690294384956 ], [ 7473584.103674545884132, 334987.50918635725975 ], [ 7473577.353346452116966, 335002.35236220061779 ], [ 7473569.978346452116966, 335016.852690294384956 ], [ 7473561.979002624750137, 335030.946850389242172 ], [ 7473553.229002624750137, 335044.665354326367378 ], [ 7473543.854002624750137, 335057.946522310376167 ], [ 7473533.729330703616142, 335070.728018373250961 ], [ 7473526.729330703616142, 335078.946850389242172 ], [ 7473515.479002624750137, 335090.821522310376167 ], [ 7473503.604330703616142, 335102.165354326367378 ], [ 7473491.229658797383308, 335112.915354326367378 ], [ 7473478.354658797383308, 335123.071850389242172 ], [ 7473464.979330703616142, 335132.603346452116966 ], [ 7473451.229658797383308, 335141.446850389242172 ], [ 7473436.979986876249313, 335149.634514436125755 ], [ 7473426.979986876249313, 335154.884514436125755 ], [ 7473399.480314955115318, 335168.290682420134544 ], [ 7473371.730643048882484, 335181.00984251499176 ], [ 7473343.605314955115318, 335192.978346452116966 ], [ 7473327.855643048882484, 335199.322506561875343 ], [ 7473298.605643048882484, 335210.916338577866554 ], [ 7473269.105643048882484, 335221.728674545884132 ], [ 7473239.355971127748489, 335231.822834640741348 ], [ 7473209.230971127748489, 335241.16666667163372 ], [ 7473194.356299206614494, 335245.50984251499176 ], [ 7473162.481299206614494, 335254.291994750499725 ], [ 7473130.231299206614494, 335262.29166667163372 ], [ 7473097.85662730038166, 335269.54166667163372 ], [ 7473065.356955379247665, 335276.010826766490936 ], [ 7473032.73162730038166, 335281.698162734508514 ], [ 7473025.85662730038166, 335282.823162734508514 ], [ 7472990.731955379247665, 335287.635826766490936 ], [ 7472955.48228345811367, 335291.698490813374519 ], [ 7472920.10728345811367, 335294.948490813374519 ], [ 7472884.731955379247665, 335297.41732282936573 ], [ 7472875.731955379247665, 335297.91732282936573 ], [ 7472819.857611551880836, 335299.823818892240524 ], [ 7472736.857611551880836, 335302.136482939124107 ], [ 7472666.607611551880836, 335303.917979001998901 ], [ 7472593.732939630746841, 335306.043307080864906 ], [ 7472519.607939630746841, 335308.355971127748489 ], [ 7472435.483267709612846, 335310.668635174632072 ], [ 7472347.358267709612846, 335313.106299206614494 ], [ 7472273.233595803380013, 335315.418963253498077 ], [ 7472162.358923882246017, 335318.950787395238876 ], [ 7472090.233923882246017, 335320.950459316372871 ], [ 7472048.483923882246017, 335322.763451442122459 ], [ 7471990.734580054879189, 335324.451115489006042 ], [ 7471915.359251961112022, 335326.38910761475563 ], [ 7471823.734908133745193, 335328.951771646738052 ], [ 7471759.109908133745193, 335330.76410761475563 ], [ 7471701.234580054879189, 335332.295603677630424 ], [ 7471627.61023622751236, 335334.514435693621635 ], [ 7471563.61023622751236, 335336.390091866254807 ], [ 7471500.235564306378365, 335338.077755898237228 ], [ 7471424.73523622751236, 335340.109251961112022 ], [ 7471356.735564306378365, 335341.953083992004395 ], [ 7471281.110564306378365, 335343.515419945120811 ], [ 7471257.61089238524437, 335344.296587929129601 ], [ 7471233.986220479011536, 335344.328083992004395 ], [ 7471210.48589238524437, 335343.578412070870399 ], [ 7471187.11089238524437, 335342.015748038887978 ], [ 7471163.611220479011536, 335340.453083992004395 ], [ 7471140.361220479011536, 335338.109908133745193 ], [ 7471116.98589238524437, 335334.984908133745193 ], [ 7471093.86089238524437, 335331.078412070870399 ], [ 7471070.86089238524437, 335326.391076117753983 ], [ 7471048.111220479011536, 335320.953740164637566 ], [ 7471025.36089238524437, 335314.734908133745193 ], [ 7471002.986220479011536, 335307.766076117753983 ], [ 7470988.86089238524437, 335302.953740164637566 ], [ 7470935.486220479011536, 335283.98523622751236 ], [ 7470873.48589238524437, 335259.079068243503571 ], [ 7470807.98589238524437, 335233.954068243503571 ], [ 7470767.98589238524437, 335218.454396322369576 ], [ 7470742.486220479011536, 335209.642060369253159 ], [ 7470725.11089238524437, 335205.673228353261948 ], [ 7470707.48589238524437, 335202.516732290387154 ], [ 7470693.23589238524437, 335200.517060369253159 ] ] ] } },
{ "type": "Feature", "properties": { "FULLNAME": "SE RIVERGREEN AVE", "BIKE_FAC": "Bike Lane" }, "geometry": { "type": "MultiLineString", "coordinates": [ [ [ 7480572.655183732509613, 327496.763123363256454 ], [ 7480588.780183732509613, 327495.013123363256454 ], [ 7480608.654855638742447, 327493.388123363256454 ], [ 7480631.530183732509613, 327491.013451442122459 ], [ 7480667.404855638742447, 327489.48228345811367 ], [ 7480709.529855638742447, 327487.668963253498077 ], [ 7480757.404855638742447, 327486.512795269489288 ], [ 7480802.029855638742447, 327485.356299206614494 ], [ 7480847.779527559876442, 327484.293963253498077 ], [ 7480902.654199481010437, 327482.355971127748489 ], [ 7480956.404199481010437, 327481.262467190623283 ], [ 7481002.779199481010437, 327480.512139111757278 ], [ 7481048.653871387243271, 327479.230971127748489 ], [ 7481094.778871387243271, 327477.324475064873695 ], [ 7481123.653871387243271, 327477.042979001998901 ] ] ] } },
{ "type": "Feature", "properties": { "FULLNAME": "SE RIVERGREEN AVE", "BIKE_FAC": "Bike Lane" }, "geometry": { "type": "MultiLineString", "coordinates": [ [ [ 7481123.653871387243271, 327477.042979001998901 ], [ 7481139.278871387243271, 327476.917979001998901 ], [ 7481194.403543308377266, 327475.386811017990112 ], [ 7481243.153543308377266, 327474.57414698600769 ], [ 7481296.028215229511261, 327473.448818892240524 ], [ 7481344.653543308377266, 327471.04232282936573 ], [ 7481387.778215229511261, 327469.948818892240524 ], [ 7481393.527887135744095, 327469.698490813374519 ] ] ] } },
{ "type": "Feature", "properties": { "FULLNAME": "SE RIVERGREEN AVE", "BIKE_FAC": "Bike Lane" }, "geometry": { "type": "MultiLineString", "coordinates": [ [ [ 7481393.527887135744095, 327469.698490813374519 ], [ 7481431.902887135744095, 327468.135826766490936 ], [ 7481486.902887135744095, 327466.416994750499725 ], [ 7481540.402887135744095, 327465.416994750499725 ], [ 7481589.277887135744095, 327464.41666667163372 ], [ 7481640.652230978012085, 327461.979002624750137 ], [ 7481688.15255905687809, 327461.979002624750137 ] ] ] } },
{ "type": "Feature", "properties": { "FULLNAME": "NW SAMARITAN DR", "BIKE_FAC": "Bike Lane" }, "geometry": { "type": "MultiLineString", "coordinates": [ [ [ 7486002.221128612756729, 352708.334973752498627 ], [ 7486013.970800518989563, 352718.771981626749039 ], [ 7486024.346128612756729, 352730.741141736507416 ], [ 7486033.471456691622734, 352743.272309705615044 ], [ 7486042.096784770488739, 352756.271981626749039 ], [ 7486049.971784770488739, 352769.678149610757828 ], [ 7486057.221784770488739, 352783.49081364274025 ], [ 7486063.472112864255905, 352797.146981626749039 ], [ 7486074.84744094312191, 352824.553477689623833 ], [ 7486080.22244094312191, 352835.334645673632622 ], [ 7486084.847769021987915, 352846.428477689623833 ], [ 7486088.72244094312191, 352857.771981626749039 ], [ 7486091.722769021987915, 352869.365485563874245 ], [ 7486095.723097115755081, 352893.053477689623833 ] ] ] } },
{ "type": "Feature", "properties": { "FULLNAME": "NW SATINWOOD ST", "BIKE_FAC": "Bike Lane" }, "geometry": { "type": "MultiLineString", "coordinates": [ [ [ 7483966.079068243503571, 350339.74507874250412 ], [ 7483966.980643048882484, 350375.533136487007141 ], [ 7483968.369422569870949, 350418.936023622751236 ], [ 7483970.454068243503571, 350483.714566931128502 ], [ 7483972.971456691622734, 350576.553149610757828 ], [ 7483974.619422569870949, 350646.713910758495331 ], [ 7483975.400590553879738, 350695.75918635725975 ], [ 7483977.136811017990112, 350749.751968502998352 ], [ 7483979.306758522987366, 350817.720800518989563 ], [ 7483980.608923882246017, 350873.970800518989563 ], [ 7483981.782152235507965, 350907.716207355260849 ] ] ] } },
{ "type": "Feature", "properties": { "FULLNAME": "NW SATINWOOD ST", "BIKE_FAC": "Bike Lane" }, "geometry": { "type": "MultiLineString", "coordinates": [ [ [ 7483981.782152235507965, 350907.716207355260849 ], [ 7483982.208661422133446, 350944.964566931128502 ], [ 7483984.591207355260849, 351010.401902884244919 ], [ 7483986.209317579865456, 351081.240485563874245 ], [ 7483987.294291332364082, 351106.717847764492035 ] ] ] } },
{ "type": "Feature", "properties": { "FULLNAME": "NW SATINWOOD ST", "BIKE_FAC": "Bike Lane" }, "geometry": { "type": "MultiLineString", "coordinates": [ [ [ 7483987.294291332364082, 351106.717847764492035 ], [ 7483988.596456691622734, 351153.896653547883034 ], [ 7483990.679790019989014, 351234.539041996002197 ], [ 7483992.881561681628227, 351313.004265084862709 ], [ 7483994.183398947119713, 351351.979658797383308 ] ] ] } },
{ "type": "Feature", "properties": { "FULLNAME": "NW SATINWOOD ST", "BIKE_FAC": "Bike Lane" }, "geometry": { "type": "MultiLineString", "coordinates": [ [ [ 7483994.183398947119713, 351351.979658797383308 ], [ 7483995.051509186625481, 351383.49015748500824 ], [ 7483998.091207355260849, 351481.624671921133995 ], [ 7484000.000984251499176, 351575.114173233509064 ], [ 7484003.646653547883034, 351663.655839890241623 ], [ 7484007.491469815373421, 351729.816601052880287 ] ] ] } },
{ "type": "Feature", "properties": { "FULLNAME": "NW SATINWOOD ST", "BIKE_FAC": "Bike Lane" }, "geometry": { "type": "MultiLineString", "coordinates": [ [ [ 7484007.491469815373421, 351729.816601052880287 ], [ 7484012.301181107759476, 351784.846784770488739 ], [ 7484014.818569555878639, 351817.312007874250412 ], [ 7484016.467847764492035, 351843.527230978012085 ], [ 7484017.08759842813015, 351863.025590553879738 ], [ 7484020.409448817372322, 351989.77263779938221 ] ] ] } },
{ "type": "Feature", "properties": { "FULLNAME": "NW SATINWOOD ST", "BIKE_FAC": "Bike Lane" }, "geometry": { "type": "MultiLineString", "coordinates": [ [ [ 7484034.474737539887428, 352507.883202105760574 ], [ 7484042.532808393239975, 352814.339566931128502 ] ] ] } },
{ "type": "Feature", "properties": { "FULLNAME": "NW SATINWOOD ST", "BIKE_FAC": "Bike Lane" }, "geometry": { "type": "MultiLineString", "coordinates": [ [ [ 7484042.532808393239975, 352814.339566931128502 ], [ 7484044.035761147737503, 352857.825459316372871 ], [ 7484045.771981626749039, 352928.832349076867104 ], [ 7484046.987204730510712, 352956.957349076867104 ], [ 7484048.028871387243271, 352983.780183732509613 ], [ 7484049.678149610757828, 353010.342847764492035 ], [ 7484051.674868762493134, 353035.811351701617241 ], [ 7484055.667979001998901, 353069.665682420134544 ], [ 7484059.834645673632622, 353100.828740164637566 ], [ 7484064.652230978012085, 353136.332349076867104 ], [ 7484073.723425194621086, 353181.645013123750687 ], [ 7484079.018700793385506, 353209.596128612756729 ] ] ] } },
{ "type": "Feature", "properties": { "FULLNAME": "NW 9TH ST", "BIKE_FAC": "Bike Lane" }, "geometry": { "type": "MultiLineString", "coordinates": [ [ [ 7482156.539370074868202, 342922.453740164637566 ], [ 7482192.399606302380562, 343004.992782145738602 ], [ 7482226.399934381246567, 343084.586942255496979 ], [ 7482260.150262460112572, 343161.899278208613396 ], [ 7482291.025918632745743, 343234.149278208613396 ], [ 7482320.526574805378914, 343301.18011811375618 ], [ 7482340.901902884244919, 343346.43011811375618 ], [ 7482341.651574805378914, 343347.993110239505768 ] ] ] } },
{ "type": "Feature", "properties": { "FULLNAME": "NW 9TH ST", "BIKE_FAC": "Bike Lane" }, "geometry": { "type": "MultiLineString", "coordinates": [ [ [ 7482341.651574805378914, 343347.993110239505768 ], [ 7482369.40255905687809, 343410.492782145738602 ], [ 7482397.152887135744095, 343473.430446192622185 ], [ 7482422.777887135744095, 343532.586614176630974 ], [ 7482454.778543308377266, 343605.55511811375618 ], [ 7482467.494750648736954, 343634.28740157186985 ] ] ] } },
{ "type": "Feature", "properties": { "FULLNAME": "SW TECHNOLOGY LOOP", "BIKE_FAC": "Buffered Bike Lane" }, "geometry": { "type": "MultiLineString", "coordinates": [ [ [ 7470563.364501312375069, 335641.486548557877541 ], [ 7470576.989173233509064, 335604.893044620752335 ], [ 7470598.363517060875893, 335550.330052495002747 ], [ 7470625.362860888242722, 335482.517388448119164 ], [ 7470635.487860888242722, 335457.080052495002747 ], [ 7470645.863188982009888, 335428.955052495002747 ], [ 7470655.487532809376717, 335400.580052495002747 ], [ 7470664.362204730510712, 335371.955052495002747 ], [ 7470672.487204730510712, 335343.11089238524437 ], [ 7470679.736876636743546, 335314.048228353261948 ], [ 7470681.986548557877541, 335300.86089238524437 ], [ 7470686.236220479011536, 335272.736220479011536 ], [ 7470689.611220479011536, 335244.548556432127953 ], [ 7470692.23589238524437, 335216.23589238524437 ], [ 7470693.23589238524437, 335200.517060369253159 ] ] ] } },
{ "type": "Feature", "properties": { "FULLNAME": "SW TECHNOLOGY LOOP", "BIKE_FAC": "Buffered Bike Lane" }, "geometry": { "type": "MultiLineString", "coordinates": [ [ [ 7470693.23589238524437, 335200.517060369253159 ], [ 7470694.11089238524437, 335187.892060369253159 ], [ 7470695.11089238524437, 335159.48589238524437 ], [ 7470696.73523622751236, 335108.673556432127953 ], [ 7470698.734908133745193, 335043.673556432127953 ], [ 7470699.484908133745193, 335024.548228353261948 ], [ 7470699.484251961112022, 335005.422900259494781 ], [ 7470698.609251961112022, 334986.298228353261948 ], [ 7470696.984251961112022, 334967.235564306378365 ], [ 7470694.608923882246017, 334948.266732290387154 ], [ 7470691.358923882246017, 334929.392060369253159 ], [ 7470687.483595803380013, 334910.673228353261948 ], [ 7470682.733595803380013, 334892.141732290387154 ], [ 7470680.733267709612846, 334884.954396322369576 ], [ 7470675.358267709612846, 334867.73523622751236 ], [ 7470669.358267709612846, 334850.766732290387154 ], [ 7470662.483267709612846, 334834.11089238524437 ], [ 7470654.982939630746841, 334817.735564306378365 ], [ 7470646.732939630746841, 334801.735564306378365 ], [ 7470637.857939630746841, 334786.079724416136742 ], [ 7470628.232611551880836, 334770.829068243503571 ], [ 7470617.982611551880836, 334756.048228353261948 ], [ 7470606.98228345811367, 334741.704396322369576 ], [ 7470593.857611551880836, 334725.892060369253159 ], [ 7470581.23228345811367, 334711.610564306378365 ], [ 7470567.981955379247665, 334697.86089238524437 ], [ 7470554.231955379247665, 334684.642060369253159 ], [ 7470539.856955379247665, 334672.048556432127953 ], [ 7470525.106955379247665, 334660.017060369253159 ], [ 7470509.731955379247665, 334648.641732290387154 ], [ 7470493.98162730038166, 334637.892060369253159 ], [ 7470477.856955379247665, 334627.798228353261948 ], [ 7470461.23162730038166, 334618.392388448119164 ], [ 7470444.23162730038166, 334609.704724416136742 ], [ 7470437.231955379247665, 334606.423556432127953 ], [ 7470420.106955379247665, 334598.954724416136742 ], [ 7470402.73162730038166, 334592.204724416136742 ], [ 7470384.98162730038166, 334586.205052495002747 ], [ 7470366.98162730038166, 334580.955052495002747 ], [ 7470348.856955379247665, 334576.486220479011536 ], [ 7470330.48162730038166, 334572.76771654188633 ], [ 7470311.98162730038166, 334569.830052495002747 ], [ 7470293.48162730038166, 334567.673556432127953 ], [ 7470274.73162730038166, 334566.330380573868752 ], [ 7470256.10662730038166, 334565.736220479011536 ], [ 7470204.731955379247665, 334566.830380573868752 ], [ 7470148.106955379247665, 334568.924540683627129 ] ] ] } },
{ "type": "Feature", "properties": { "FULLNAME": "NW TYLER AVE", "BIKE_FAC": "Neighborhood Bikeway" }, "geometry": { "type": "MultiLineString", "coordinates": [ [ [ 7483789.435695543885231, 340762.835629925131798 ], [ 7483786.4498031437397, 340766.663713917136192 ], [ 7483782.851377949118614, 340770.491469815373421 ], [ 7483779.406496062874794, 340773.400918632745743 ], [ 7483772.362860888242722, 340777.381889760494232 ], [ 7483763.864829391241074, 340781.822178483009338 ], [ 7483752.89271654188633, 340786.477690294384956 ], [ 7483725.868110239505768, 340797.200787395238876 ], [ 7483526.491469815373421, 340877.168307080864906 ] ] ] } },
{ "type": "Feature", "properties": { "FULLNAME": "NW TYLER AVE", "BIKE_FAC": "Neighborhood Bikeway" }, "geometry": { "type": "MultiLineString", "coordinates": [ [ [ 7483526.491469815373421, 340877.168307080864906 ], [ 7483391.18503937125206, 340929.270341202616692 ], [ 7483251.506233602762222, 340982.738188982009888 ] ] ] } },
{ "type": "Feature", "properties": { "FULLNAME": "NW TYLER AVE", "BIKE_FAC": "Neighborhood Bikeway" }, "geometry": { "type": "MultiLineString", "coordinates": [ [ [ 7483251.506233602762222, 340982.738188982009888 ], [ 7483118.737532809376717, 341036.789041996002197 ], [ 7483016.660433068871498, 341076.959973752498627 ], [ 7482987.279855638742447, 341088.512795269489288 ] ] ] } },
{ "type": "Feature", "properties": { "FULLNAME": "NW TYLER AVE", "BIKE_FAC": "Neighborhood Bikeway" }, "geometry": { "type": "MultiLineString", "coordinates": [ [ [ 7482987.279855638742447, 341088.512795269489288 ], [ 7482849.70833332836628, 341141.25492125749588 ], [ 7482848.383202105760574, 341141.80577427148819 ], [ 7482713.00918635725975, 341195.74015748500824 ] ] ] } },
{ "type": "Feature", "properties": { "FULLNAME": "NW TYLER AVE", "BIKE_FAC": "Neighborhood Bikeway" }, "geometry": { "type": "MultiLineString", "coordinates": [ [ [ 7482713.00918635725975, 341195.74015748500824 ], [ 7482695.883858263492584, 341202.645669296383858 ], [ 7482637.01837269961834, 341225.84251968562603 ], [ 7482577.965223103761673, 341248.614173233509064 ], [ 7482458.497047245502472, 341296.868110239505768 ], [ 7482441.789041996002197, 341303.539370074868202 ] ] ] } },
{ "type": "Feature", "properties": { "FULLNAME": "NW TYLER AVE", "BIKE_FAC": "Neighborhood Bikeway" }, "geometry": { "type": "MultiLineString", "coordinates": [ [ [ 7482441.789041996002197, 341303.539370074868202 ], [ 7482423.137795269489288, 341310.768044620752335 ], [ 7482302.040682420134544, 341357.700787395238876 ], [ 7482165.956364825367928, 341411.030183732509613 ] ] ] } },
{ "type": "Feature", "properties": { "FULLNAME": "NW TYLER AVE", "BIKE_FAC": "Neighborhood Bikeway" }, "geometry": { "type": "MultiLineString", "coordinates": [ [ [ 7482165.956364825367928, 341411.030183732509613 ], [ 7482130.387139111757278, 341424.585629925131798 ], [ 7482100.262139111757278, 341437.054461941123009 ], [ 7482053.012795269489288, 341454.741797894239426 ], [ 7482012.137467190623283, 341470.64829395711422 ], [ 7481931.388123363256454, 341502.898622050881386 ], [ 7481888.263451442122459, 341519.898622050881386 ] ] ] } },
{ "type": "Feature", "properties": { "FULLNAME": "NW TYLER AVE", "BIKE_FAC": "Neighborhood Bikeway" }, "geometry": { "type": "MultiLineString", "coordinates": [ [ [ 7481888.263451442122459, 341519.898622050881386 ], [ 7481869.013123363256454, 341527.023622050881386 ], [ 7481844.638123363256454, 341536.80511811375618 ], [ 7481790.513779520988464, 341557.273950129747391 ], [ 7481746.63910761475563, 341575.492782145738602 ], [ 7481692.88910761475563, 341598.274606302380562 ], [ 7481645.139435693621635, 341615.93077427148819 ], [ 7481622.389435693621635, 341624.149278208613396 ], [ 7481601.764435693621635, 341628.30577427148819 ] ] ] } },
{ "type": "Feature", "properties": { "FULLNAME": "NW TYLER AVE", "BIKE_FAC": "Neighborhood Bikeway" }, "geometry": { "type": "MultiLineString", "coordinates": [ [ [ 7481601.764435693621635, 341628.30577427148819 ], [ 7481582.51476377248764, 341632.711942255496979 ], [ 7481572.88976377248764, 341635.55577427148819 ], [ 7481552.13976377248764, 341643.336942255496979 ], [ 7481480.515091866254807, 341671.462270334362984 ], [ 7481433.265091866254807, 341689.618766397237778 ], [ 7481390.765748038887978, 341705.868438318371773 ], [ 7481345.891076117753983, 341723.556758522987366 ], [ 7481311.362532809376717, 341737.057414695620537 ] ] ] } },
{ "type": "Feature", "properties": { "FULLNAME": "NW TYLER AVE", "BIKE_FAC": "Neighborhood Bikeway" }, "geometry": { "type": "MultiLineString", "coordinates": [ [ [ 7481311.362532809376717, 341737.057414695620537 ], [ 7481294.641404196619987, 341743.682086616754532 ], [ 7481249.516732290387154, 341761.056430444121361 ], [ 7481194.141732290387154, 341781.932086616754532 ], [ 7481153.016732290387154, 341797.619422569870949 ], [ 7481117.142060369253159, 341811.807086616754532 ], [ 7481079.642388448119164, 341826.494750648736954 ], [ 7481055.267388448119164, 341836.182414695620537 ] ] ] } },
{ "type": "Feature", "properties": { "FULLNAME": "NW TYLER AVE", "BIKE_FAC": "Neighborhood Bikeway" }, "geometry": { "type": "MultiLineString", "coordinates": [ [ [ 7481055.267388448119164, 341836.182414695620537 ], [ 7481038.642388448119164, 341842.151246726512909 ], [ 7481027.39271654188633, 341847.307742789387703 ], [ 7481009.892388448119164, 341854.057414695620537 ], [ 7480982.643044620752335, 341864.088910758495331 ], [ 7480950.64271654188633, 341877.964238852262497 ], [ 7480909.143044620752335, 341891.807742789387703 ], [ 7480867.76837269961834, 341910.339566931128502 ], [ 7480826.643700793385506, 341926.495734915137291 ], [ 7480807.26837269961834, 341934.714238852262497 ] ] ] } },
{ "type": "Feature", "properties": { "FULLNAME": "NW TYLER AVE", "BIKE_FAC": "Neighborhood Bikeway" }, "geometry": { "type": "MultiLineString", "coordinates": [ [ [ 7480807.26837269961834, 341934.714238852262497 ], [ 7480781.268700793385506, 341945.308070868253708 ], [ 7480759.393700793385506, 341954.120406821370125 ], [ 7480708.394028872251511, 341972.839895009994507 ], [ 7480674.394356951117516, 341987.433398947119713 ], [ 7480638.519356951117516, 342001.183727040886879 ], [ 7480599.894685044884682, 342016.371062994003296 ], [ 7480575.894685044884682, 342026.184055119752884 ] ] ] } },
{ "type": "Feature", "properties": { "FULLNAME": "NW TYLER AVE", "BIKE_FAC": "Neighborhood Bikeway" }, "geometry": { "type": "MultiLineString", "coordinates": [ [ [ 7480575.894685044884682, 342026.184055119752884 ], [ 7480546.645013123750687, 342038.059055119752884 ], [ 7480518.395013123750687, 342047.496391072869301 ], [ 7480495.520341202616692, 342056.871719166636467 ], [ 7480452.270669296383858, 342075.403215229511261 ], [ 7480391.145341202616692, 342099.590551182627678 ], [ 7480359.270997375249863, 342111.465879261493683 ], [ 7480331.895997375249863, 342121.059711292386055 ] ] ] } },
{ "type": "Feature", "properties": { "FULLNAME": "NW TYLER AVE", "BIKE_FAC": "Neighborhood Bikeway" }, "geometry": { "type": "MultiLineString", "coordinates": [ [ [ 7480331.895997375249863, 342121.059711292386055 ], [ 7480289.146653547883034, 342139.840879261493683 ], [ 7480249.396325454115868, 342156.559711292386055 ], [ 7480220.021981626749039, 342168.247703418135643 ], [ 7480172.521981626749039, 342186.685367450118065 ], [ 7480143.146981626749039, 342198.591207355260849 ], [ 7480112.522309705615044, 342210.872703418135643 ], [ 7480092.147309705615044, 342220.123031497001648 ] ] ] } },
{ "type": "Feature", "properties": { "FULLNAME": "NW TYLER AVE", "BIKE_FAC": "Neighborhood Bikeway" }, "geometry": { "type": "MultiLineString", "coordinates": [ [ [ 7480092.147309705615044, 342220.123031497001648 ], [ 7480073.397309705615044, 342227.154199481010437 ], [ 7480019.39763779938221, 342246.123031497001648 ], [ 7479986.272965878248215, 342260.185367450118065 ], [ 7479945.022965878248215, 342276.029855638742447 ], [ 7479916.39829395711422, 342287.998359575867653 ], [ 7479882.39829395711422, 342301.748687669634819 ], [ 7479865.773622050881386, 342308.811023622751236 ], [ 7479853.648622050881386, 342312.96751968562603 ], [ 7479848.898622050881386, 342315.217191606760025 ] ] ] } },
{ "type": "Feature", "properties": { "FULLNAME": "NW TYLER AVE", "BIKE_FAC": "Neighborhood Bikeway" }, "geometry": { "type": "MultiLineString", "coordinates": [ [ [ 7479848.898622050881386, 342315.217191606760025 ], [ 7479842.398622050881386, 342318.311023622751236 ], [ 7479832.148622050881386, 342321.436023622751236 ], [ 7479818.898622050881386, 342327.529855638742447 ], [ 7479785.648622050881386, 342339.436679795384407 ], [ 7479750.149278208613396, 342354.155511811375618 ], [ 7479717.024606302380562, 342366.374343827366829 ], [ 7479684.774278208613396, 342379.967847764492035 ], [ 7479653.149934381246567, 342393.155511811375618 ], [ 7479630.274606302380562, 342401.562007874250412 ], [ 7479607.524934381246567, 342409.217847764492035 ] ] ] } },
{ "type": "Feature", "properties": { "FULLNAME": "NW TYLER AVE", "BIKE_FAC": "Neighborhood Bikeway" }, "geometry": { "type": "MultiLineString", "coordinates": [ [ [ 7479607.524934381246567, 342409.217847764492035 ], [ 7479591.275262460112572, 342416.311679795384407 ], [ 7479582.149606302380562, 342419.593175858259201 ], [ 7479563.774934381246567, 342427.437007874250412 ], [ 7479517.900262460112572, 342444.905839890241623 ], [ 7479470.400590553879738, 342465.437007874250412 ], [ 7479410.775590553879738, 342490.406167984008789 ], [ 7479365.775918632745743, 342505.812992125749588 ] ] ] } },
{ "type": "Feature", "properties": { "FULLNAME": "NW TYLER AVE", "BIKE_FAC": "Neighborhood Bikeway" }, "geometry": { "type": "MultiLineString", "coordinates": [ [ [ 7479365.775918632745743, 342505.812992125749588 ], [ 7479345.400918632745743, 342514.406167984008789 ], [ 7479320.151246726512909, 342523.594160109758377 ], [ 7479273.901902884244919, 342543.563320204615593 ], [ 7479213.901902884244919, 342565.750656172633171 ], [ 7479167.152230978012085, 342584.157152235507965 ], [ 7479122.652230978012085, 342603.156824141740799 ] ] ] } },
{ "type": "Feature", "properties": { "FULLNAME": "NW TYLER AVE", "BIKE_FAC": "Neighborhood Bikeway" }, "geometry": { "type": "MultiLineString", "coordinates": [ [ [ 7479122.652230978012085, 342603.156824141740799 ], [ 7479095.52755905687809, 342614.719816267490387 ], [ 7479069.52755905687809, 342622.938320204615593 ] ] ] } },
{ "type": "Feature", "properties": { "FULLNAME": "NW VAN BUREN AVE", "BIKE_FAC": "Buffered Bike Lane" }, "geometry": { "type": "MultiLineString", "coordinates": [ [ [ 7482426.378937005996704, 340491.364829391241074 ], [ 7482289.754593178629875, 340544.146653547883034 ], [ 7482289.687664046883583, 340544.169947504997253 ], [ 7482171.208989500999451, 340588.486548557877541 ], [ 7482152.467847764492035, 340595.496719166636467 ] ] ] } },
{ "type": "Feature", "properties": { "FULLNAME": "NW VAN BUREN AVE", "BIKE_FAC": "Buffered Bike Lane" }, "geometry": { "type": "MultiLineString", "coordinates": [ [ [ 7482152.467847764492035, 340595.496719166636467 ], [ 7482133.885170608758926, 340602.894356951117516 ], [ 7482111.505577430129051, 340611.803477689623833 ], [ 7482013.381889760494232, 340650.86581364274025 ], [ 7482013.381233602762222, 340650.866141736507416 ], [ 7481875.756561681628227, 340705.27263779938221 ] ] ] } },
{ "type": "Feature", "properties": { "FULLNAME": "NW VAN BUREN AVE", "BIKE_FAC": "Buffered Bike Lane" }, "geometry": { "type": "MultiLineString", "coordinates": [ [ [ 7481875.756561681628227, 340705.27263779938221 ], [ 7481850.131889760494232, 340714.772965878248215 ], [ 7481822.006889760494232, 340726.272965878248215 ], [ 7481782.882217854261398, 340741.179133862257004 ], [ 7481738.757545933127403, 340758.022965878248215 ], [ 7481738.718503937125206, 340758.037729665637016 ], [ 7481730.507545933127403, 340761.14829395711422 ], [ 7481675.382874011993408, 340782.117125988006592 ], [ 7481635.883202105760574, 340796.80511811375618 ], [ 7481607.133202105760574, 340809.617125988006592 ], [ 7481601.382874011993408, 340811.961286082863808 ] ] ] } },
{ "type": "Feature", "properties": { "FULLNAME": "NW VAN BUREN AVE", "BIKE_FAC": "Buffered Bike Lane" }, "geometry": { "type": "MultiLineString", "coordinates": [ [ [ 7481601.382874011993408, 340811.961286082863808 ], [ 7481591.633530184626579, 340816.05511811375618 ], [ 7481562.383530184626579, 340827.836286082863808 ], [ 7481517.633530184626579, 340844.930446192622185 ], [ 7481475.633858263492584, 340861.242782145738602 ], [ 7481443.00918635725975, 340871.461614176630974 ], [ 7481420.384514436125755, 340880.149278208613396 ], [ 7481375.759514436125755, 340897.868110239505768 ], [ 7481354.509514436125755, 340906.306102365255356 ], [ 7481341.259514436125755, 340911.587270334362984 ], [ 7481323.884514436125755, 340915.711942255496979 ] ] ] } },
{ "type": "Feature", "properties": { "FULLNAME": "NW VAN BUREN AVE", "BIKE_FAC": "Buffered Bike Lane" }, "geometry": { "type": "MultiLineString", "coordinates": [ [ [ 7481323.884514436125755, 340915.711942255496979 ], [ 7481316.009514436125755, 340918.086942255496979 ], [ 7481304.509514436125755, 340923.774606302380562 ], [ 7481286.38484251499176, 340930.931102365255356 ], [ 7481191.385170608758926, 340970.524934381246567 ], [ 7481147.510498687624931, 340988.431102365255356 ], [ 7481118.385826766490936, 340999.96259842813015 ], [ 7481092.510826766490936, 341010.275262460112572 ], [ 7481036.762467190623283, 341033.85662730038166 ] ] ] } },
{ "type": "Feature", "properties": { "FULLNAME": "NW VAN BUREN AVE", "BIKE_FAC": "Buffered Bike Lane" }, "geometry": { "type": "MultiLineString", "coordinates": [ [ [ 7481036.762467190623283, 341033.85662730038166 ], [ 7480987.386482939124107, 341053.025590553879738 ], [ 7480943.136482939124107, 341070.869422569870949 ], [ 7480908.511811017990112, 341084.807086616754532 ], [ 7480893.887139111757278, 341090.744750648736954 ], [ 7480837.637139111757278, 341113.775918632745743 ], [ 7480801.512467190623283, 341128.276246726512909 ], [ 7480781.887467190623283, 341137.088910758495331 ] ] ] } },
{ "type": "Feature", "properties": { "FULLNAME": "NW VAN BUREN AVE", "BIKE_FAC": "Buffered Bike Lane" }, "geometry": { "type": "MultiLineString", "coordinates": [ [ [ 7480781.887467190623283, 341137.088910758495331 ], [ 7480773.762467190623283, 341140.713910758495331 ], [ 7480743.512467190623283, 341153.276246726512909 ], [ 7480709.512795269489288, 341166.682414695620537 ], [ 7480668.763451442122459, 341182.683070868253708 ], [ 7480635.763451442122459, 341195.183070868253708 ], [ 7480598.013779520988464, 341210.620734915137291 ], [ 7480562.263779520988464, 341224.151902884244919 ], [ 7480534.388779520988464, 341235.089238852262497 ] ] ] } },
{ "type": "Feature", "properties": { "FULLNAME": "NW VAN BUREN AVE", "BIKE_FAC": "Buffered Bike Lane" }, "geometry": { "type": "MultiLineString", "coordinates": [ [ [ 7480534.388779520988464, 341235.089238852262497 ], [ 7480531.388451442122459, 341236.276902884244919 ], [ 7480499.638779520988464, 341250.308398947119713 ], [ 7480450.26410761475563, 341271.089566931128502 ], [ 7480395.514435693621635, 341292.184055119752884 ], [ 7480330.51476377248764, 341317.589895009994507 ], [ 7480306.26476377248764, 341326.090223103761673 ], [ 7480301.63976377248764, 341327.808727040886879 ] ] ] } },
{ "type": "Feature", "properties": { "FULLNAME": "NW VAN BUREN AVE", "BIKE_FAC": "Buffered Bike Lane" }, "geometry": { "type": "MultiLineString", "coordinates": [ [ [ 7480301.63976377248764, 341327.808727040886879 ], [ 7480290.26476377248764, 341331.996391072869301 ], [ 7480277.890091866254807, 341338.40255905687809 ], [ 7480262.890091866254807, 341345.090223103761673 ], [ 7480230.890091866254807, 341357.215551182627678 ], [ 7480186.265748038887978, 341376.277887135744095 ], [ 7480115.766076117753983, 341404.622047245502472 ], [ 7480064.641076117753983, 341422.247375324368477 ], [ 7480056.391404196619987, 341425.247047245502472 ] ] ] } },
{ "type": "Feature", "properties": { "FULLNAME": "NW VAN BUREN AVE", "BIKE_FAC": "Buffered Bike Lane" }, "geometry": { "type": "MultiLineString", "coordinates": [ [ [ 7480056.391404196619987, 341425.247047245502472 ], [ 7480047.641076117753983, 341428.403543308377266 ], [ 7480032.391076117753983, 341435.903215229511261 ], [ 7480012.016076117753983, 341445.216207355260849 ], [ 7479983.641732290387154, 341456.090879261493683 ], [ 7479933.266404196619987, 341477.18503937125206 ], [ 7479858.392060369253159, 341505.560367450118065 ], [ 7479816.017388448119164, 341521.654199481010437 ], [ 7479812.892388448119164, 341523.185695543885231 ] ] ] } },
{ "type": "Feature", "properties": { "FULLNAME": "NW VAN BUREN AVE", "BIKE_FAC": "Buffered Bike Lane" }, "geometry": { "type": "MultiLineString", "coordinates": [ [ [ 7479812.892388448119164, 341523.185695543885231 ], [ 7479787.767388448119164, 341535.091535434126854 ], [ 7479762.767388448119164, 341545.591535434126854 ], [ 7479720.26771654188633, 341563.154199481010437 ], [ 7479657.893044620752335, 341587.092191606760025 ], [ 7479603.393700793385506, 341608.09251968562603 ], [ 7479574.643700793385506, 341618.311023622751236 ] ] ] } },
{ "type": "Feature", "properties": { "FULLNAME": "NW VAN BUREN AVE", "BIKE_FAC": "Buffered Bike Lane" }, "geometry": { "type": "MultiLineString", "coordinates": [ [ [ 7479574.643700793385506, 341618.311023622751236 ], [ 7479570.768700793385506, 341619.686351701617241 ], [ 7479547.518700793385506, 341631.842847764492035 ], [ 7479540.018700793385506, 341634.936023622751236 ], [ 7479522.644028872251511, 341640.936351701617241 ], [ 7479480.519356951117516, 341657.405183732509613 ], [ 7479444.644356951117516, 341673.217847764492035 ], [ 7479392.894685044884682, 341692.436679795384407 ], [ 7479361.019356951117516, 341706.593175858259201 ], [ 7479332.520013123750687, 341718.937007874250412 ] ] ] } },
{ "type": "Feature", "properties": { "FULLNAME": "NW VAN BUREN AVE", "BIKE_FAC": "Buffered Bike Lane" }, "geometry": { "type": "MultiLineString", "coordinates": [ [ [ 7479332.520013123750687, 341718.937007874250412 ], [ 7479303.145013123750687, 341728.437007874250412 ], [ 7479270.270013123750687, 341741.312335953116417 ], [ 7479226.270341202616692, 341759.499671921133995 ], [ 7479174.895669296383858, 341779.406167984008789 ], [ 7479135.900262460112572, 341801.901574805378914 ] ] ] } },
{ "type": "Feature", "properties": { "FULLNAME": "NW WALNUT BLVD", "BIKE_FAC": "Bike Lane" }, "geometry": { "type": "MultiLineString", "coordinates": [ [ [ 7485364.700787395238876, 350274.459973752498627 ], [ 7485330.075787395238876, 350289.897309705615044 ], [ 7485306.826443567872047, 350297.178805768489838 ], [ 7485283.326115489006042, 350303.741469815373421 ], [ 7485259.701443567872047, 350309.491469815373421 ], [ 7485235.826115489006042, 350314.522965878248215 ], [ 7485211.826443567872047, 350318.741797894239426 ], [ 7485197.576115489006042, 350320.897965878248215 ], [ 7485178.576443567872047, 350324.054461941123009 ], [ 7485159.576771646738052, 350326.429461941123009 ], [ 7485140.576771646738052, 350328.022965878248215 ], [ 7485121.451771646738052, 350328.835301831364632 ], [ 7485102.327099740505219, 350328.835958003997803 ], [ 7485094.076443567872047, 350328.616797894239426 ], [ 7485033.827099740505219, 350329.461286082863808 ], [ 7484957.202099740505219, 350330.742125988006592 ], [ 7484877.952099740505219, 350332.398950129747391 ], [ 7484791.202427819371223, 350333.211614176630974 ], [ 7484704.327755898237228, 350334.023950129747391 ], [ 7484609.077755898237228, 350335.118110239505768 ], [ 7484519.202755898237228, 350335.899606302380562 ], [ 7484439.453083992004395, 350336.58759842813015 ], [ 7484355.578412070870399, 350337.493766397237778 ], [ 7484263.078412070870399, 350338.494094491004944 ], [ 7484189.203740164637566, 350339.462926506996155 ], [ 7484101.579068243503571, 350340.213582679629326 ], [ 7484002.829068243503571, 350340.494750648736954 ], [ 7483966.079068243503571, 350339.74507874250412 ] ] ] } },
{ "type": "Feature", "properties": { "FULLNAME": "NE WALNUT BLVD", "BIKE_FAC": "Bike Lane" }, "geometry": { "type": "MultiLineString", "coordinates": [ [ [ 7485605.949475064873695, 350141.584317579865456 ], [ 7485648.1998031437397, 350115.396325454115868 ], [ 7485697.0748031437397, 350088.052493438124657 ], [ 7485711.3248031437397, 350079.552493438124657 ], [ 7485737.825131237506866, 350064.301837265491486 ], [ 7485764.8248031437397, 350049.739501312375069 ], [ 7485792.0748031437397, 350035.864501312375069 ], [ 7485819.6998031437397, 350022.739501312375069 ], [ 7485831.5748031437397, 350017.83267717063427 ], [ 7485853.325131237506866, 350009.488845139741898 ], [ 7485875.325131237506866, 350001.895341202616692 ], [ 7485897.575131237506866, 349995.051181107759476 ], [ 7485920.0748031437397, 349988.988845139741898 ], [ 7485942.700131237506866, 349983.676181107759476 ], [ 7485965.5748031437397, 349979.113188982009888 ], [ 7485985.9498031437397, 349974.738188982009888 ], [ 7486006.3248031437397, 349971.113188982009888 ], [ 7486026.950131237506866, 349968.269685044884682 ], [ 7486047.575131237506866, 349966.206692919135094 ], [ 7486078.700131237506866, 349964.30085301399231 ], [ 7486109.825131237506866, 349963.144028872251511 ], [ 7486115.825131237506866, 349963.019028872251511 ], [ 7486148.200459316372871, 349962.237860888242722 ], [ 7486174.450131237506866, 349962.549868762493134 ] ] ] } },
{ "type": "Feature", "properties": { "FULLNAME": "NE WALNUT BLVD", "BIKE_FAC": "Bike Lane" }, "geometry": { "type": "MultiLineString", "coordinates": [ [ [ 7486174.450131237506866, 349962.549868762493134 ], [ 7486208.450787395238876, 349961.393700793385506 ], [ 7486248.075787395238876, 349960.924868762493134 ], [ 7486292.326115489006042, 349960.487204730510712 ], [ 7486335.576115489006042, 349960.205708667635918 ], [ 7486379.451115489006042, 349958.986548557877541 ], [ 7486416.201443567872047, 349958.799212604761124 ], [ 7486459.076115489006042, 349958.205380573868752 ], [ 7486502.326443567872047, 349957.705052495002747 ], [ 7486537.451771646738052, 349956.89271654188633 ], [ 7486572.451443567872047, 349955.298556432127953 ], [ 7486592.326771646738052, 349954.048228353261948 ], [ 7486631.451771646738052, 349950.141732290387154 ], [ 7486667.076771646738052, 349945.860564306378365 ], [ 7486669.354986876249313, 349945.564632549881935 ], [ 7486673.576771646738052, 349945.016732290387154 ] ] ] } },
{ "type": "Feature", "properties": { "FULLNAME": "NW WALNUT BLVD", "BIKE_FAC": "Bike Lane" }, "geometry": { "type": "MultiLineString", "coordinates": [ [ [ 7483966.079068243503571, 350339.74507874250412 ], [ 7483934.607939630746841, 350339.268700793385506 ], [ 7483885.38910761475563, 350335.31922572851181 ], [ 7483844.807414695620537, 350330.979002624750137 ], [ 7483815.510498687624931, 350327.202755898237228 ], [ 7483790.163385823369026, 350323.123031497001648 ] ] ] } },
{ "type": "Feature", "properties": { "FULLNAME": "NW WALNUT BLVD", "BIKE_FAC": "Bike Lane" }, "geometry": { "type": "MultiLineString", "coordinates": [ [ [ 7483790.163385823369026, 350323.123031497001648 ], [ 7483760.302165359258652, 350317.133530184626579 ], [ 7483722.455052495002747, 350308.018700793385506 ], [ 7483681.135498687624931, 350296.994422569870949 ], [ 7483637.954068243503571, 350284.964895009994507 ], [ 7483565.079068243503571, 350262.902230978012085 ], [ 7483538.579068243503571, 350255.183727040886879 ], [ 7483508.079396322369576, 350246.339895009994507 ], [ 7483480.204396322369576, 350238.996391072869301 ], [ 7483451.954396322369576, 350232.433398947119713 ], [ 7483423.704068243503571, 350226.65255905687809 ], [ 7483395.204068243503571, 350221.652887135744095 ], [ 7483366.579396322369576, 350217.402887135744095 ], [ 7483349.954068243503571, 350215.309055119752884 ], [ 7483319.204396322369576, 350212.184055119752884 ], [ 7483288.329396322369576, 350209.809055119752884 ], [ 7483257.454068243503571, 350208.246719166636467 ], [ 7483226.454724416136742, 350207.465223103761673 ], [ 7483195.579396322369576, 350207.465879261493683 ], [ 7483180.079724416136742, 350207.778215229511261 ], [ 7483151.454396322369576, 350208.840551182627678 ], [ 7483122.955052495002747, 350210.715879261493683 ], [ 7483094.454724416136742, 350213.372375324368477 ], [ 7483066.080052495002747, 350216.809711292386055 ], [ 7483037.829724416136742, 350221.028543308377266 ], [ 7483017.080052495002747, 350224.622375324368477 ], [ 7482983.330052495002747, 350231.059711292386055 ] ] ] } },
{ "type": "Feature", "properties": { "FULLNAME": "NW WALNUT BLVD", "BIKE_FAC": "Bike Lane" }, "geometry": { "type": "MultiLineString", "coordinates": [ [ [ 7482983.330052495002747, 350231.059711292386055 ], [ 7482950.705380573868752, 350238.091207355260849 ], [ 7482917.705380573868752, 350245.997375324368477 ], [ 7482893.330380573868752, 350252.404199481010437 ], [ 7482833.830380573868752, 350267.935695543885231 ], [ 7482807.205380573868752, 350274.279527559876442 ], [ 7482780.330708667635918, 350279.873031497001648 ], [ 7482753.455708667635918, 350284.685695543885231 ], [ 7482726.331036746501923, 350288.717191606760025 ], [ 7482702.456036746501923, 350291.623031497001648 ], [ 7482652.706364825367928, 350299.154855638742447 ], [ 7482617.456364825367928, 350305.498359575867653 ] ] ] } },
{ "type": "Feature", "properties": { "FULLNAME": "NW WALNUT BLVD", "BIKE_FAC": "Bike Lane" }, "geometry": { "type": "MultiLineString", "coordinates": [ [ [ 7482617.456364825367928, 350305.498359575867653 ], [ 7482582.081692919135094, 350311.904527559876442 ], [ 7482501.206692919135094, 350324.905511811375618 ], [ 7482469.707020998001099, 350327.96751968562603 ], [ 7482454.457020998001099, 350329.09251968562603 ], [ 7482438.332020998001099, 350330.249015748500824 ], [ 7482406.706692919135094, 350331.749343827366829 ], [ 7482375.207020998001099, 350332.468175858259201 ], [ 7482358.707349076867104, 350332.499343827366829 ], [ 7482280.457349076867104, 350334.280511811375618 ], [ 7482222.33267717063427, 350334.499671921133995 ], [ 7482162.957349076867104, 350336.031167984008789 ], [ 7482092.707349076867104, 350337.687335953116417 ], [ 7482028.20767717063427, 350339.625328078866005 ], [ 7481951.958005249500275, 350342.062992125749588 ], [ 7481893.458005249500275, 350343.812992125749588 ], [ 7481819.833661422133446, 350346.219488188624382 ], [ 7481756.20833332836628, 350348.375984251499176 ], [ 7481702.083661422133446, 350349.78248031437397 ], [ 7481638.45833332836628, 350352.313648298382759 ], [ 7481585.583661422133446, 350353.845144361257553 ], [ 7481522.583661422133446, 350355.188976377248764 ], [ 7481479.833661422133446, 350355.282808393239975 ], [ 7481447.708661422133446, 350355.095472440123558 ], [ 7481422.208989500999451, 350355.032808393239975 ] ] ] } },
{ "type": "Feature", "properties": { "FULLNAME": "NW WALNUT BLVD", "BIKE_FAC": "Bike Lane" }, "geometry": { "type": "MultiLineString", "coordinates": [ [ [ 7481422.208989500999451, 350355.032808393239975 ], [ 7481392.458661422133446, 350353.189304456114769 ], [ 7481370.208989500999451, 350351.845800518989563 ], [ 7481331.209317579865456, 350349.626640424132347 ], [ 7481293.084317579865456, 350346.501968502998352 ], [ 7481254.959317579865456, 350344.876968502998352 ], [ 7481211.584645673632622, 350343.908792644739151 ], [ 7481170.334317579865456, 350343.93996062874794 ], [ 7481132.209645673632622, 350344.221128612756729 ], [ 7481087.334645673632622, 350345.43996062874794 ], [ 7481049.834645673632622, 350347.221456691622734 ], [ 7481029.459645673632622, 350347.627952754497528 ], [ 7481008.209973752498627, 350348.877624675631523 ] ] ] } },
{ "type": "Feature", "properties": { "FULLNAME": "NW WALNUT BLVD", "BIKE_FAC": "Bike Lane" }, "geometry": { "type": "MultiLineString", "coordinates": [ [ [ 7481008.209973752498627, 350348.877624675631523 ], [ 7480965.584973752498627, 350350.284120738506317 ], [ 7480937.084973752498627, 350351.284120738506317 ], [ 7480866.335301831364632, 350353.815944880247116 ], [ 7480814.459973752498627, 350355.628608927130699 ], [ 7480769.335629925131798, 350357.284776896238327 ], [ 7480724.460629925131798, 350359.222112864255905 ], [ 7480678.960958003997803, 350361.160104990005493 ], [ 7480630.710301831364632, 350362.691272959113121 ], [ 7480573.960629925131798, 350364.660104990005493 ], [ 7480542.585958003997803, 350365.222769021987915 ], [ 7480511.085629925131798, 350364.972769021987915 ], [ 7480479.710958003997803, 350363.973097115755081 ], [ 7480453.835958003997803, 350362.535104990005493 ], [ 7480428.085958003997803, 350360.348097115755081 ], [ 7480402.460629925131798, 350357.379265084862709 ], [ 7480376.961286082863808, 350353.629593178629875 ], [ 7480351.460958003997803, 350349.098425194621086 ], [ 7480330.710958003997803, 350344.785761147737503 ], [ 7480306.586286082863808, 350339.285761147737503 ], [ 7480282.586286082863808, 350333.067257210612297 ], [ 7480263.210958003997803, 350327.37992125749588 ], [ 7480236.585958003997803, 350318.848425194621086 ], [ 7480207.710629925131798, 350310.411089241504669 ] ] ] } },
{ "type": "Feature", "properties": { "FULLNAME": "NW WALNUT BLVD", "BIKE_FAC": "Bike Lane" }, "geometry": { "type": "MultiLineString", "coordinates": [ [ [ 7480207.710629925131798, 350310.411089241504669 ], [ 7480176.086286082863808, 350299.411417320370674 ], [ 7480166.211286082863808, 350296.12992125749588 ], [ 7480131.835958003997803, 350281.098753273487091 ], [ 7480110.460958003997803, 350272.12992125749588 ], [ 7480089.335958003997803, 350262.474081367254257 ], [ 7480069.461286082863808, 350252.53674541413784 ], [ 7480027.585629925131798, 350231.599081367254257 ], [ 7479984.710958003997803, 350210.286417320370674 ], [ 7479945.085629925131798, 350189.661417320370674 ], [ 7479910.960629925131798, 350172.099409446120262 ], [ 7479866.335301831364632, 350149.693241477012634 ], [ 7479820.960301831364632, 350126.224737539887428 ], [ 7479777.335301831364632, 350103.943569555878639 ], [ 7479752.835301831364632, 350091.224409446120262 ], [ 7479728.459973752498627, 350078.568241477012634 ], [ 7479700.335301831364632, 350064.193569555878639 ], [ 7479673.585301831364632, 350050.193897634744644 ], [ 7479645.834973752498627, 350035.568569555878639 ], [ 7479619.334645673632622, 350022.318569555878639 ], [ 7479586.084973752498627, 350005.850065618753433 ], [ 7479559.459973752498627, 349993.193897634744644 ], [ 7479532.459645673632622, 349981.256561681628227 ], [ 7479505.084645673632622, 349970.037729665637016 ], [ 7479501.709973752498627, 349968.69422572851181 ], [ 7479475.959973752498627, 349958.443897634744644 ], [ 7479449.959645673632622, 349948.913057744503021 ], [ 7479423.834645673632622, 349940.131889760494232 ], [ 7479390.209645673632622, 349929.944553807377815 ], [ 7479380.584645673632622, 349927.163385823369026 ], [ 7479352.209645673632622, 349919.600393697619438 ], [ 7479323.709645673632622, 349912.819553807377815 ], [ 7479294.959645673632622, 349906.81922572851181 ], [ 7479266.084317579865456, 349901.569553807377815 ], [ 7479237.084973752498627, 349897.100721791386604 ], [ 7479220.084645673632622, 349894.850721791386604 ], [ 7479187.584645673632622, 349891.631889760494232 ], [ 7479154.959973752498627, 349889.163385823369026 ], [ 7479122.209973752498627, 349887.507217854261398 ], [ 7479108.959973752498627, 349887.038713917136192 ], [ 7479075.584645673632622, 349886.476049870252609 ], [ 7479042.209973752498627, 349886.695209980010986 ], [ 7479023.441929131746292, 349887.202755898237228 ] ] ] } },
{ "type": "Feature", "properties": { "FULLNAME": "NW WALNUT BLVD", "BIKE_FAC": "Bike Lane" }, "geometry": { "type": "MultiLineString", "coordinates": [ [ [ 7479023.441929131746292, 349887.202755898237228 ], [ 7479010.959973752498627, 349887.414041996002197 ], [ 7478986.334973752498627, 349888.820209980010986 ], [ 7478961.959973752498627, 349891.007874011993408 ], [ 7478938.834973752498627, 349893.789041996002197 ], [ 7478908.835629925131798, 349897.945538058876991 ], [ 7478878.835301831364632, 349902.914370074868202 ], [ 7478848.960629925131798, 349908.632874011993408 ], [ 7478819.335958003997803, 349915.133202105760574 ], [ 7478793.710629925131798, 349921.508202105760574 ], [ 7478779.710629925131798, 349925.289698168635368 ], [ 7478753.335958003997803, 349932.633530184626579 ], [ 7478727.086286082863808, 349940.695866137742996 ], [ 7478701.086286082863808, 349949.539698168635368 ], [ 7478675.336286082863808, 349959.133530184626579 ], [ 7478649.835958003997803, 349969.446194231510162 ], [ 7478643.836614176630974, 349972.071194231510162 ] ] ] } },
{ "type": "Feature", "properties": { "FULLNAME": "NW WALNUT BLVD", "BIKE_FAC": "Bike Lane" }, "geometry": { "type": "MultiLineString", "coordinates": [ [ [ 7478643.836614176630974, 349972.071194231510162 ], [ 7478626.586614176630974, 349979.60236220061779 ], [ 7478597.086942255496979, 349992.790354326367378 ], [ 7478567.836942255496979, 350006.696194231510162 ], [ 7478538.961942255496979, 350021.321522310376167 ], [ 7478510.462270334362984, 350036.633858263492584 ], [ 7478482.337270334362984, 350052.634514436125755 ], [ 7478456.712270334362984, 350067.946850389242172 ], [ 7478386.08825458586216, 350109.322178483009338 ], [ 7478332.33825458586216, 350139.041010499000549 ], [ 7478310.338582679629326, 350149.541338577866554 ], [ 7478288.088582679629326, 350159.353674545884132 ], [ 7478265.463910758495331, 350168.416010499000549 ], [ 7478242.588582679629326, 350176.729002624750137 ], [ 7478219.463582679629326, 350184.322506561875343 ], [ 7478196.088910758495331, 350191.13484251499176 ], [ 7478172.464238852262497, 350197.197834640741348 ], [ 7478164.714238852262497, 350199.010170608758926 ], [ 7478141.339238852262497, 350203.697506561875343 ], [ 7478117.839566931128502, 350207.572834640741348 ], [ 7478096.440288707613945, 350209.150918632745743 ], [ 7478071.049540683627129, 350210.669947504997253 ], [ 7478047.174868762493134, 350212.201443567872047 ], [ 7478027.13484251499176, 350212.861876636743546 ], [ 7478003.992454066872597, 350213.057086616754532 ] ] ] } },
{ "type": "Feature", "properties": { "FULLNAME": "NW WALNUT BLVD", "BIKE_FAC": "Bike Lane" }, "geometry": { "type": "MultiLineString", "coordinates": [ [ [ 7477192.966207355260849, 350253.200131237506866 ], [ 7477105.091535434126854, 350262.762795269489288 ], [ 7477065.466863512992859, 350267.263451442122459 ], [ 7477006.592191606760025, 350274.669291332364082 ], [ 7476920.71751968562603, 350284.263779520988464 ], [ 7476830.96751968562603, 350295.013779520988464 ], [ 7476735.217847764492035, 350308.264435693621635 ], [ 7476650.592847764492035, 350320.295931756496429 ], [ 7476564.718175858259201, 350333.014435693621635 ], [ 7476508.968503937125206, 350340.827099740505219 ], [ 7476474.343503937125206, 350345.702099740505219 ], [ 7476404.093503937125206, 350355.452099740505219 ], [ 7476357.968832015991211, 350361.171259835362434 ], [ 7476311.844160109758377, 350366.077755898237228 ], [ 7476265.593832015991211, 350370.234251961112022 ], [ 7476230.594160109758377, 350372.828083992004395 ], [ 7476197.594160109758377, 350375.015748038887978 ], [ 7476164.594488188624382, 350376.453083992004395 ], [ 7476131.469488188624382, 350377.046916007995605 ], [ 7476098.344488188624382, 350376.890748038887978 ], [ 7476083.344488188624382, 350376.547244101762772 ], [ 7476035.219488188624382, 350375.828412070870399 ], [ 7475987.219488188624382, 350374.328740164637566 ], [ 7475939.219488188624382, 350372.016404196619987 ], [ 7475935.219816267490387, 350371.797244101762772 ], [ 7475892.219816267490387, 350368.48523622751236 ], [ 7475849.344488188624382, 350364.391404196619987 ], [ 7475806.469816267490387, 350359.516732290387154 ], [ 7475779.095144361257553, 350355.98523622751236 ], [ 7475770.969816267490387, 350354.797900259494781 ], [ 7475726.969816267490387, 350348.485564306378365 ], [ 7475674.844816267490387, 350341.73589238524437 ], [ 7475631.969816267490387, 350336.829396322369576 ], [ 7475583.094816267490387, 350332.985564306378365 ], [ 7475534.220472440123558, 350329.923556432127953 ], [ 7475485.220472440123558, 350327.673884510993958 ], [ 7475481.095144361257553, 350327.51771654188633 ], [ 7475416.970144361257553, 350327.01771654188633 ], [ 7475371.470472440123558, 350327.580052495002747 ], [ 7475329.595472440123558, 350328.861548557877541 ], [ 7475278.720472440123558, 350330.330708667635918 ], [ 7475234.095800518989563, 350331.768044620752335 ], [ 7475180.346128612756729, 350333.424540683627129 ], [ 7475134.971128612756729, 350334.924540683627129 ], [ 7475092.345800518989563, 350336.487204730510712 ], [ 7475047.346128612756729, 350338.049868762493134 ], [ 7474997.346456691622734, 350339.674868762493134 ], [ 7474958.346456691622734, 350341.237532809376717 ], [ 7474880.971456691622734, 350344.081692919135094 ], [ 7474839.971456691622734, 350345.987860888242722 ], [ 7474784.596456691622734, 350347.800524935126305 ], [ 7474747.096456691622734, 350349.519356951117516 ], [ 7474693.972112864255905, 350351.457020998001099 ], [ 7474649.222112864255905, 350353.332020998001099 ], [ 7474596.59744094312191, 350355.363845139741898 ], [ 7474549.22244094312191, 350357.207349076867104 ], [ 7474510.84744094312191, 350358.957349076867104 ], [ 7474456.84744094312191, 350361.08267717063427 ], [ 7474421.597769021987915, 350362.238845139741898 ] ] ] } },
{ "type": "Feature", "properties": { "FULLNAME": "NW WALNUT BLVD", "BIKE_FAC": "Bike Lane" }, "geometry": { "type": "MultiLineString", "coordinates": [ [ [ 7473457.349737539887428, 350400.366469815373421 ], [ 7473443.724737539887428, 350400.929133862257004 ], [ 7473415.225065618753433, 350402.710301831364632 ], [ 7473386.974737539887428, 350405.272965878248215 ], [ 7473358.599737539887428, 350408.647965878248215 ], [ 7473336.475393697619438, 350411.991797894239426 ], [ 7473308.350065618753433, 350416.929461941123009 ], [ 7473280.350393697619438, 350422.616797894239426 ], [ 7473252.600393697619438, 350429.117125988006592 ], [ 7473237.225393697619438, 350432.710958003997803 ], [ 7473215.475393697619438, 350438.461286082863808 ], [ 7473193.975393697619438, 350444.961286082863808 ], [ 7473172.725721791386604, 350452.242454066872597 ], [ 7473133.600721791386604, 350466.429790019989014 ] ] ] } },
{ "type": "Feature", "properties": { "FULLNAME": "NW WALNUT BLVD", "BIKE_FAC": "Bike Lane" }, "geometry": { "type": "MultiLineString", "coordinates": [ [ [ 7473133.600721791386604, 350466.429790019989014 ], [ 7473107.351377949118614, 350475.961286082863808 ], [ 7473080.101049870252609, 350486.086614176630974 ], [ 7473051.851377949118614, 350496.711614176630974 ], [ 7473003.22670604288578, 350515.274278208613396 ], [ 7472959.35170604288578, 350532.30577427148819 ], [ 7472938.97670604288578, 350540.086614176630974 ], [ 7472913.102034121751785, 350549.93077427148819 ], [ 7472869.477034121751785, 350566.05577427148819 ], [ 7472818.35236220061779, 350585.774934381246567 ], [ 7472778.227690294384956, 350601.149934381246567 ], [ 7472718.978018373250961, 350623.899934381246567 ], [ 7472674.228346452116966, 350640.681430444121361 ], [ 7472624.353346452116966, 350659.21259842813015 ], [ 7472602.853346452116966, 350666.962926506996155 ], [ 7472581.103674545884132, 350673.931430444121361 ], [ 7472559.228674545884132, 350680.181758522987366 ], [ 7472533.604002624750137, 350686.650918632745743 ], [ 7472507.979002624750137, 350692.33825458586216 ], [ 7472482.104002624750137, 350697.275918632745743 ], [ 7472462.229330703616142, 350700.212926506996155 ], [ 7472433.604002624750137, 350703.807414695620537 ], [ 7472404.979330703616142, 350706.619750648736954 ], [ 7472376.104002624750137, 350708.650918632745743 ], [ 7472364.729330703616142, 350709.057414695620537 ], [ 7472338.604002624750137, 350709.46325458586216 ], [ 7472312.479330703616142, 350709.057414695620537 ], [ 7472292.104330703616142, 350708.151246726512909 ] ] ] } },
{ "type": "Feature", "properties": { "FULLNAME": "NW WALNUT BLVD", "BIKE_FAC": "Bike Lane" }, "geometry": { "type": "MultiLineString", "coordinates": [ [ [ 7478003.992454066872597, 350213.057086616754532 ], [ 7477995.01771654188633, 350213.467847764492035 ], [ 7477958.979330703616142, 350215.117454066872597 ], [ 7477864.621719166636467, 350217.98228345811367 ], [ 7477764.448162734508514, 350221.10728345811367 ], [ 7477668.961942255496979, 350224.058727040886879 ], [ 7477552.034776896238327, 350228.485564306378365 ], [ 7477514.70833332836628, 350230.221784770488739 ], [ 7477417.965879261493683, 350237.605643048882484 ], [ 7477332.840879261493683, 350242.950131237506866 ], [ 7477307.840879261493683, 350244.356299206614494 ], [ 7477223.716535434126854, 350249.856299206614494 ], [ 7477192.966207355260849, 350253.200131237506866 ] ] ] } },
{ "type": "Feature", "properties": { "FULLNAME": "NW WALNUT BLVD", "BIKE_FAC": "Bike Lane" }, "geometry": { "type": "MultiLineString", "coordinates": [ [ [ 7474421.597769021987915, 350362.238845139741898 ], [ 7474385.472769021987915, 350363.395341202616692 ], [ 7474339.34744094312191, 350365.301509186625481 ], [ 7474280.598097115755081, 350367.395669296383858 ], [ 7474220.722769021987915, 350369.83333332836628 ], [ 7474173.098097115755081, 350371.677165359258652 ], [ 7474120.223425194621086, 350373.770997375249863 ], [ 7474061.973425194621086, 350376.052821516990662 ], [ 7473994.348753273487091, 350379.083989500999451 ], [ 7473935.723753273487091, 350381.271325454115868 ], [ 7473887.848425194621086, 350383.303149610757828 ], [ 7473829.974081367254257, 350385.709317579865456 ], [ 7473778.224409446120262, 350387.646653547883034 ], [ 7473728.849081367254257, 350389.803477689623833 ], [ 7473674.474081367254257, 350391.709645673632622 ], [ 7473625.099409446120262, 350393.834973752498627 ], [ 7473559.224409446120262, 350396.272309705615044 ], [ 7473512.474737539887428, 350397.804133862257004 ], [ 7473457.349737539887428, 350400.366469815373421 ] ] ] } },
{ "type": "Feature", "properties": { "FULLNAME": "NW WALNUT BLVD", "BIKE_FAC": "Bike Lane" }, "geometry": { "type": "MultiLineString", "coordinates": [ [ [ 7472292.104330703616142, 350708.151246726512909 ], [ 7472283.729330703616142, 350707.87007874250412 ], [ 7472264.979658797383308, 350707.369750648736954 ], [ 7472246.354658797383308, 350706.088910758495331 ], [ 7472227.729658797383308, 350704.026574805378914 ], [ 7472209.229330703616142, 350701.151574805378914 ], [ 7472198.979658797383308, 350699.432742789387703 ], [ 7472167.854658797383308, 350693.651246726512909 ], [ 7472136.979658797383308, 350687.088910758495331 ], [ 7472102.854658797383308, 350677.182742789387703 ], [ 7472067.854330703616142, 350666.214238852262497 ], [ 7472031.979658797383308, 350654.120734915137291 ], [ 7472010.979330703616142, 350646.058398947119713 ], [ 7471990.229658797383308, 350637.245734915137291 ], [ 7471969.729658797383308, 350627.714566931128502 ], [ 7471950.192257210612297, 350617.73228345811367 ] ] ] } },
{ "type": "Feature", "properties": { "FULLNAME": "NW WALNUT BLVD", "BIKE_FAC": "Bike Lane" }, "geometry": { "type": "MultiLineString", "coordinates": [ [ [ 7471950.192257210612297, 350617.73228345811367 ], [ 7471911.479330703616142, 350595.027230978012085 ], [ 7471879.854330703616142, 350575.308727040886879 ], [ 7471848.729330703616142, 350554.90255905687809 ], [ 7471832.604330703616142, 350543.933727040886879 ], [ 7471793.729002624750137, 350517.183727040886879 ], [ 7471755.670603677630424, 350488.188648298382759 ], [ 7471719.646325454115868, 350463.318897634744644 ], [ 7471685.010826766490936, 350439.664370074868202 ], [ 7471652.979658797383308, 350417.268700793385506 ], [ 7471626.367782145738602, 350398.68011811375618 ], [ 7471603.326771646738052, 350383.197178483009338 ], [ 7471586.558070868253708, 350371.021325454115868 ] ] ] } },
{ "type": "Feature", "properties": { "FULLNAME": "NW WALNUT BLVD", "BIKE_FAC": "Bike Lane" }, "geometry": { "type": "MultiLineString", "coordinates": [ [ [ 7471586.558070868253708, 350371.021325454115868 ], [ 7471560.44488188624382, 350353.770341202616692 ], [ 7471529.88910761475563, 350333.24081364274025 ], [ 7471492.649606302380562, 350307.025590553879738 ], [ 7471458.01410761475563, 350283.371062994003296 ], [ 7471421.035104990005493, 350257.937007874250412 ], [ 7471372.684383198618889, 350224.777230978012085 ], [ 7471340.479658797383308, 350202.381561681628227 ], [ 7471299.594160109758377, 350174.212926506996155 ], [ 7471271.64271654188633, 350154.030839890241623 ], [ 7471243.604658797383308, 350133.284120738506317 ], [ 7471225.462270334362984, 350118.961286082863808 ], [ 7471207.146325454115868, 350103.466535434126854 ], [ 7471188.396325454115868, 350086.452427819371223 ], [ 7471171.382217854261398, 350069.829396322369576 ], [ 7471154.88910761475563, 350052.55511811375618 ], [ 7471140.653215229511261, 350036.973425194621086 ], [ 7471121.903215229511261, 350015.185367450118065 ], [ 7471104.889435693621635, 349993.700787395238876 ], [ 7471088.396325454115868, 349971.739173233509064 ], [ 7471079.802493438124657, 349959.673228353261948 ], [ 7471066.868438318371773, 349940.011811017990112 ], [ 7471050.375328078866005, 349913.275590553879738 ], [ 7471038.135826766490936, 349892.61581364274025 ], [ 7471028.847769021987915, 349875.254593178629875 ], [ 7471021.903215229511261, 349862.667979001998901 ], [ 7471015.36515748500824, 349849.59251968562603 ] ] ] } },
{ "type": "Feature", "properties": { "FULLNAME": "NW WALNUT BLVD", "BIKE_FAC": "Bike Lane" }, "geometry": { "type": "MultiLineString", "coordinates": [ [ [ 7471015.36515748500824, 349849.59251968562603 ], [ 7471008.733267709612846, 349835.486548557877541 ], [ 7470999.44488188624382, 349813.785104990005493 ], [ 7470989.202099740505219, 349789.045603677630424 ], [ 7470979.913713917136192, 349763.698490813374519 ], [ 7470971.31988188624382, 349737.56988188624382 ], [ 7470964.028215229511261, 349711.875328078866005 ], [ 7470961.684711292386055, 349703.021325454115868 ], [ 7470956.302493438124657, 349681.666994750499725 ], [ 7470951.528215229511261, 349659.357939630746841 ], [ 7470947.448490813374519, 349637.56988188624382 ], [ 7470943.715879261493683, 349614.826771646738052 ], [ 7470941.198490813374519, 349595.903215229511261 ], [ 7470935.556102365255356, 349545.295603677630424 ], [ 7470930.06496062874794, 349493.376640424132347 ], [ 7470925.868438318371773, 349451.372047245502472 ], [ 7470920.573490813374519, 349398.854658797383308 ], [ 7470913.889435693621635, 349335.703412070870399 ], [ 7470908.768044620752335, 349288.220800518989563 ], [ 7470901.128937005996704, 349213.654855638742447 ], [ 7470893.837270334362984, 349143.516076117753983 ], [ 7470888.19488188624382, 349090.087270334362984 ], [ 7470877.778215229511261, 348993.212270334362984 ], [ 7470870.139435693621635, 348916.476049870252609 ], [ 7470860.41732282936573, 348824.462270334362984 ], [ 7470854.601377949118614, 348768.017060369253159 ] ] ] } },
{ "type": "Feature", "properties": { "FULLNAME": "SW WESTERN BLVD", "BIKE_FAC": "Bike Lane" }, "geometry": { "type": "MultiLineString", "coordinates": [ [ [ 7482236.857611551880836, 337687.143700793385506 ], [ 7482200.48228345811367, 337700.331364825367928 ], [ 7482127.607939630746841, 337729.112860888242722 ], [ 7482099.107939630746841, 337740.550524935126305 ], [ 7482099.075459316372871, 337740.563320204615593 ], [ 7482066.982939630746841, 337753.42585301399231 ], [ 7482002.733267709612846, 337778.92585301399231 ], [ 7481964.733595803380013, 337793.738517060875893 ] ] ] } },
{ "type": "Feature", "properties": { "FULLNAME": "SW WESTERN BLVD", "BIKE_FAC": "Bike Lane" }, "geometry": { "type": "MultiLineString", "coordinates": [ [ [ 7481964.733595803380013, 337793.738517060875893 ], [ 7481925.858923882246017, 337809.270013123750687 ], [ 7481868.858923882246017, 337831.145341202616692 ], [ 7481827.269028872251511, 337847.506561681628227 ], [ 7481827.234580054879189, 337847.520013123750687 ], [ 7481809.359580054879189, 337854.613845139741898 ], [ 7481724.367125988006592, 337887.813976377248764 ], [ 7481689.515748038887978, 337902.548884510993958 ] ] ] } },
{ "type": "Feature", "properties": { "FULLNAME": "SW WESTERN BLVD", "BIKE_FAC": "Bike Lane" }, "geometry": { "type": "MultiLineString", "coordinates": [ [ [ 7481689.515748038887978, 337902.548884510993958 ], [ 7481555.024278208613396, 337954.725065618753433 ], [ 7481416.213910758495331, 338009.815288707613945 ] ] ] } },
{ "type": "Feature", "properties": { "FULLNAME": "SW WESTERN BLVD", "BIKE_FAC": "Bike Lane" }, "geometry": { "type": "MultiLineString", "coordinates": [ [ [ 7481416.213910758495331, 338009.815288707613945 ], [ 7481279.825787395238876, 338063.417979001998901 ], [ 7481184.840223103761673, 338100.775262460112572 ], [ 7481158.204724416136742, 338114.375 ], [ 7481155.964895009994507, 338115.26476377248764 ], [ 7481137.363188982009888, 338122.616141736507416 ] ] ] } },
{ "type": "Feature", "properties": { "FULLNAME": "SW WESTERN BLVD", "BIKE_FAC": "Bike Lane" }, "geometry": { "type": "MultiLineString", "coordinates": [ [ [ 7481137.363188982009888, 338122.616141736507416 ], [ 7481120.653543308377266, 338129.579396322369576 ], [ 7480957.936023622751236, 338192.046259835362434 ], [ 7480930.34251968562603, 338202.234908133745193 ], [ 7480919.517388448119164, 338205.843175858259201 ], [ 7480912.512795269489288, 338207.329068243503571 ], [ 7480905.796587929129601, 338208.541994750499725 ], [ 7480896.421587929129601, 338209.93077427148819 ], [ 7480884.008202105760574, 338211.146325454115868 ], [ 7480870.119422569870949, 338211.31988188624382 ], [ 7480863.526902884244919, 338210.995734915137291 ] ] ] } },
{ "type": "Feature", "properties": { "FULLNAME": "SW WESTERN BLVD", "BIKE_FAC": "Bike Lane" }, "geometry": { "type": "MultiLineString", "coordinates": [ [ [ 7480863.526902884244919, 338210.995734915137291 ], [ 7480812.654199481010437, 338207.24015748500824 ], [ 7480744.642060369253159, 338199.948490813374519 ], [ 7480685.961614176630974, 338194.566272959113121 ], [ 7480672.853674545884132, 338193.003937005996704 ], [ 7480595.249671921133995, 338185.104658797383308 ], [ 7480553.235564306378365, 338181.632217854261398 ] ] ] } },
{ "type": "Feature", "properties": { "FULLNAME": "SW WESTERN BLVD", "BIKE_FAC": "Bike Lane" }, "geometry": { "type": "MultiLineString", "coordinates": [ [ [ 7480553.328740164637566, 338181.640091866254807 ], [ 7480522.614501312375069, 338180.961614176630974 ], [ 7480449.739829391241074, 338172.930446192622185 ], [ 7480365.489829391241074, 338164.774934381246567 ], [ 7480288.114829391241074, 338156.336942255496979 ], [ 7480249.739829391241074, 338152.83759842813015 ] ] ] } },
{ "type": "Feature", "properties": { "FULLNAME": "SW WESTERN BLVD", "BIKE_FAC": "Bike Lane" }, "geometry": { "type": "MultiLineString", "coordinates": [ [ [ 7480249.739829391241074, 338152.83759842813015 ], [ 7480222.211942255496979, 338148.875 ], [ 7480154.28674541413784, 338141.713582679629326 ], [ 7480060.280511811375618, 338131.436023622751236 ], [ 7479993.486548557877541, 338125.436351701617241 ] ] ] } },
{ "type": "Feature", "properties": { "FULLNAME": "SW WESTERN BLVD", "BIKE_FAC": "Bike Lane" }, "geometry": { "type": "MultiLineString", "coordinates": [ [ [ 7479993.486548557877541, 338125.436351701617241 ], [ 7479966.461286082863808, 338121.574475064873695 ], [ 7479892.286089241504669, 338112.980971127748489 ], [ 7479835.124343827366829, 338106.904527559876442 ], [ 7479766.547900259494781, 338099.612860888242722 ], [ 7479730.89271654188633, 338095.923556432127953 ] ] ] } },
{ "type": "Feature", "properties": { "FULLNAME": "SW WESTERN BLVD", "BIKE_FAC": "Bike Lane" }, "geometry": { "type": "MultiLineString", "coordinates": [ [ [ 7479730.89271654188633, 338095.923556432127953 ], [ 7479678.375328078866005, 338090.064304456114769 ], [ 7479623.24081364274025, 338087.057742789387703 ], [ 7479551.99081364274025, 338080.464238852262497 ], [ 7479527.11581364274025, 338078.651902884244919 ], [ 7479486.36581364274025, 338075.714238852262497 ], [ 7479472.866141736507416, 338074.276902884244919 ] ] ] } },
{ "type": "Feature", "properties": { "FULLNAME": "SW WESTERN BLVD", "BIKE_FAC": "Bike Lane" }, "geometry": { "type": "MultiLineString", "coordinates": [ [ [ 7479472.866141736507416, 338074.276902884244919 ], [ 7479433.24081364274025, 338070.027230978012085 ], [ 7479384.24081364274025, 338063.964566931128502 ], [ 7479311.616141736507416, 338054.339895009994507 ], [ 7479252.616141736507416, 338048.839895009994507 ], [ 7479218.366141736507416, 338045.371062994003296 ] ] ] } },
{ "type": "Feature", "properties": { "FULLNAME": "SW WESTERN BLVD", "BIKE_FAC": "Bike Lane" }, "geometry": { "type": "MultiLineString", "coordinates": [ [ [ 7479218.366141736507416, 338045.371062994003296 ], [ 7479181.491469815373421, 338041.621391072869301 ], [ 7479045.741141736507416, 338027.309383198618889 ], [ 7478995.741141736507416, 338022.747047245502472 ], [ 7478956.741141736507416, 338018.778543308377266 ] ] ] } },
{ "type": "Feature", "properties": { "FULLNAME": "SW WESTERN BLVD", "BIKE_FAC": "Bike Lane" }, "geometry": { "type": "MultiLineString", "coordinates": [ [ [ 7478956.741141736507416, 338018.778543308377266 ], [ 7478926.241469815373421, 338015.715551182627678 ], [ 7478916.491469815373421, 338014.684383198618889 ], [ 7478876.491469815373421, 338010.059711292386055 ], [ 7478836.616797894239426, 338004.684711292386055 ], [ 7478796.741797894239426, 337998.497703418135643 ], [ 7478786.366469815373421, 337996.841207355260849 ], [ 7478762.241469815373421, 337992.43503937125206 ], [ 7478738.241469815373421, 337987.278543308377266 ], [ 7478714.366469815373421, 337981.341535434126854 ], [ 7478704.366797894239426, 337978.685367450118065 ] ] ] } },
{ "type": "Feature", "properties": { "FULLNAME": "SW WESTERN BLVD", "BIKE_FAC": "Bike Lane" }, "geometry": { "type": "MultiLineString", "coordinates": [ [ [ 7478704.366797894239426, 337978.685367450118065 ], [ 7478678.866469815373421, 337971.93503937125206 ], [ 7478643.491469815373421, 337961.747703418135643 ], [ 7478592.116469815373421, 337944.216207355260849 ], [ 7478575.741469815373421, 337938.185695543885231 ], [ 7478548.991797894239426, 337927.748031497001648 ] ] ] } },
{ "type": "Feature", "properties": { "FULLNAME": "SW WESTERN BLVD", "BIKE_FAC": "Bike Lane" }, "geometry": { "type": "MultiLineString", "coordinates": [ [ [ 7478548.991797894239426, 337927.748031497001648 ], [ 7478544.991469815373421, 337926.185367450118065 ], [ 7478514.491469815373421, 337913.466863512992859 ], [ 7478484.366469815373421, 337899.998031497001648 ], [ 7478439.741469815373421, 337878.748359575867653 ], [ 7478410.741469815373421, 337863.779527559876442 ], [ 7478379.991141736507416, 337847.060695543885231 ], [ 7478349.741141736507416, 337829.654855638742447 ], [ 7478315.61581364274025, 337808.810695543885231 ], [ 7478282.241141736507416, 337787.186023622751236 ], [ 7478256.616141736507416, 337769.498359575867653 ], [ 7478245.866141736507416, 337761.96751968562603 ], [ 7478199.615485563874245, 337727.874015748500824 ], [ 7478175.99015748500824, 337710.061351701617241 ], [ 7478138.240485563874245, 337681.873687669634819 ], [ 7478096.865485563874245, 337650.624015748500824 ], [ 7477754.488845139741898, 337402.405839890241623 ], [ 7477721.239173233509064, 337382.312335953116417 ] ] ] } },
{ "type": "Feature", "properties": { "FULLNAME": "SW WESTERN BLVD", "BIKE_FAC": "Bike Lane" }, "geometry": { "type": "MultiLineString", "coordinates": [ [ [ 7477721.239173233509064, 337382.312335953116417 ], [ 7477707.239173233509064, 337372.25 ], [ 7477678.988845139741898, 337352.249671921133995 ], [ 7477635.988517060875893, 337326.843832015991211 ], [ 7477587.238517060875893, 337297.781167984008789 ], [ 7477542.863517060875893, 337268.906496062874794 ], [ 7477492.613188982009888, 337238.031496062874794 ], [ 7477482.237860888242722, 337231.781824141740799 ], [ 7477457.612860888242722, 337216.969160109758377 ], [ 7477392.862860888242722, 337182.406496062874794 ], [ 7477350.862860888242722, 337161.188320204615593 ], [ 7477305.488188982009888, 337139.813320204615593 ], [ 7477279.487532809376717, 337128.188320204615593 ], [ 7477253.112860888242722, 337117.282152235507965 ], [ 7477226.487860888242722, 337107.125984251499176 ], [ 7477206.863188982009888, 337100.157152235507965 ], [ 7477183.487532809376717, 337091.90748031437397 ], [ 7477159.737532809376717, 337084.438320204615593 ], [ 7477135.737532809376717, 337077.688648298382759 ], [ 7477111.487532809376717, 337071.719816267490387 ], [ 7477098.612860888242722, 337068.875984251499176 ], [ 7477052.737532809376717, 337059.65748031437397 ], [ 7477006.612532809376717, 337051.189304456114769 ], [ 7476992.237532809376717, 337048.720472440123558 ], [ 7476967.737860888242722, 337044.095472440123558 ], [ 7476942.987860888242722, 337040.251640424132347 ], [ 7476918.237860888242722, 337037.188976377248764 ], [ 7476893.362860888242722, 337034.907808393239975 ], [ 7476886.862860888242722, 337034.438976377248764 ], [ 7476865.487860888242722, 337033.470472440123558 ], [ 7476844.112860888242722, 337033.282808393239975 ], [ 7476822.737860888242722, 337033.876640424132347 ], [ 7476815.987860888242722, 337034.220800518989563 ], [ 7476794.863188982009888, 337035.314632549881935 ], [ 7476789.488188982009888, 337035.564304456114769 ] ] ] } },
{ "type": "Feature", "properties": { "FULLNAME": "SW WESTERN BLVD", "BIKE_FAC": "Bike Lane" }, "geometry": { "type": "MultiLineString", "coordinates": [ [ [ 7476789.488188982009888, 337035.564304456114769 ], [ 7476782.237860888242722, 337035.939632549881935 ], [ 7476742.238188982009888, 337037.471128612756729 ], [ 7476689.488517060875893, 337039.564632549881935 ], [ 7476643.988517060875893, 337041.471456691622734 ], [ 7476593.238517060875893, 337044.971456691622734 ], [ 7476546.113517060875893, 337049.034120738506317 ], [ 7476491.488845139741898, 337052.159448817372322 ], [ 7476451.114173233509064, 337056.471784770488739 ], [ 7476415.863845139741898, 337057.096456691622734 ] ] ] } },
{ "type": "Feature", "properties": { "FULLNAME": "SW WESTERN BLVD", "BIKE_FAC": "Bike Lane" }, "geometry": { "type": "MultiLineString", "coordinates": [ [ [ 7476415.863845139741898, 337057.096456691622734 ], [ 7476408.738845139741898, 337057.222112864255905 ], [ 7476361.489173233509064, 337058.596784770488739 ], [ 7476316.489501312375069, 337059.909448817372322 ], [ 7476270.489173233509064, 337061.034776896238327 ], [ 7476233.614501312375069, 337061.190944880247116 ], [ 7476192.364501312375069, 337061.753608927130699 ], [ 7476146.614173233509064, 337061.691272959113121 ], [ 7476097.74015748500824, 337063.598097115755081 ], [ 7476066.614829391241074, 337064.847769021987915 ], [ 7476050.489829391241074, 337065.410433068871498 ] ] ] } },
{ "type": "Feature", "properties": { "FULLNAME": "SW WESTERN BLVD", "BIKE_FAC": "Bike Lane" }, "geometry": { "type": "MultiLineString", "coordinates": [ [ [ 7476050.489829391241074, 337065.410433068871498 ], [ 7476028.739829391241074, 337066.191601052880287 ], [ 7475984.239829391241074, 337068.254265084862709 ], [ 7475943.864829391241074, 337069.598097115755081 ], [ 7475891.11515748500824, 337071.692257210612297 ], [ 7475841.36515748500824, 337073.879593178629875 ], [ 7475791.49015748500824, 337076.067257210612297 ], [ 7475736.740485563874245, 337078.036417320370674 ], [ 7475680.740485563874245, 337080.255249351263046 ], [ 7475646.11581364274025, 337081.786089241504669 ], [ 7475626.365485563874245, 337082.66174541413784 ] ] ] } },
{ "type": "Feature", "properties": { "FULLNAME": "SW WESTERN BLVD", "BIKE_FAC": "Bike Lane" }, "geometry": { "type": "MultiLineString", "coordinates": [ [ [ 7475626.365485563874245, 337082.66174541413784 ], [ 7475608.36581364274025, 337083.442913383245468 ], [ 7475547.86581364274025, 337085.53674541413784 ], [ 7475456.86581364274025, 337089.693241477012634 ], [ 7475424.366141736507416, 337092.630905508995056 ], [ 7475353.241141736507416, 337098.474737539887428 ], [ 7475281.991797894239426, 337103.53740157186985 ], [ 7475216.742125988006592, 337105.756561681628227 ], [ 7475146.866797894239426, 337108.600065618753433 ], [ 7475112.617125988006592, 337111.006561681628227 ] ] ] } },
{ "type": "Feature", "properties": { "FULLNAME": "SW WESTERN BLVD", "BIKE_FAC": "Buffered Bike Lane" }, "geometry": { "type": "MultiLineString", "coordinates": [ [ [ 7475112.617125988006592, 337111.006561681628227 ], [ 7475083.867125988006592, 337113.006889760494232 ], [ 7474989.992454066872597, 337118.007217854261398 ], [ 7474896.867454066872597, 337122.913713917136192 ], [ 7474796.368110239505768, 337127.382217854261398 ], [ 7474710.743110239505768, 337131.820538058876991 ], [ 7474648.31922572851181, 337132.949475064873695 ], [ 7474623.066272959113121, 337133.246391072869301 ], [ 7474593.356955379247665, 337134.137795269489288 ], [ 7474497.478674545884132, 337134.327755898237228 ] ] ] } },
{ "type": "Feature", "properties": { "FULLNAME": "SW WESTERN BLVD", "BIKE_FAC": "Bike Lane" }, "geometry": { "type": "MultiLineString", "coordinates": [ [ [ 7474158.243438318371773, 337057.415682420134544 ], [ 7474113.493438318371773, 337039.571850389242172 ] ] ] } },
{ "type": "Feature", "properties": { "FULLNAME": "SW WESTERN BLVD", "BIKE_FAC": "Bike Lane" }, "geometry": { "type": "MultiLineString", "coordinates": [ [ [ 7474113.493438318371773, 337039.571850389242172 ], [ 7474099.618438318371773, 337034.353018373250961 ], [ 7474072.118438318371773, 337024.915682420134544 ], [ 7474044.493438318371773, 337016.228346452116966 ], [ 7473973.243438318371773, 336987.166010499000549 ], [ 7473895.618110239505768, 336958.791010499000549 ], [ 7473811.868110239505768, 336923.135170608758926 ], [ 7473724.868110239505768, 336890.572506561875343 ], [ 7473640.992782145738602, 336857.604658797383308 ], [ 7473561.493110239505768, 336825.885498687624931 ], [ 7473462.867782145738602, 336787.135826766490936 ], [ 7473430.617782145738602, 336774.448490813374519 ] ] ] } },
{ "type": "Feature", "properties": { "FULLNAME": "SW WESTERN BLVD", "BIKE_FAC": "Bike Lane" }, "geometry": { "type": "MultiLineString", "coordinates": [ [ [ 7473430.617782145738602, 336774.448490813374519 ], [ 7473190.742454066872597, 336680.417650923132896 ] ] ] } },
{ "type": "Feature", "properties": { "FULLNAME": "SW WESTERN BLVD", "BIKE_FAC": "Bike Lane" }, "geometry": { "type": "MultiLineString", "coordinates": [ [ [ 7473190.742454066872597, 336680.417650923132896 ], [ 7473080.492125988006592, 336636.824475064873695 ], [ 7473004.617454066872597, 336607.105971127748489 ], [ 7472952.867454066872597, 336587.012139111757278 ], [ 7472941.867125988006592, 336582.793635174632072 ], [ 7472889.741797894239426, 336562.730971127748489 ], [ 7472748.992125988006592, 336508.543635174632072 ], [ 7472596.866469815373421, 336446.513123363256454 ] ] ] } },
{ "type": "Feature", "properties": { "FULLNAME": "SW 35TH ST", "BIKE_FAC": "Bike Lane" }, "geometry": { "type": "MultiLineString", "coordinates": [ [ [ 7475001.967191606760025, 333935.972769021987915 ], [ 7475003.593175858259201, 334049.441601052880287 ] ] ] } },
{ "type": "Feature", "properties": { "FULLNAME": "NW WITHAM HILL DR", "BIKE_FAC": "Bike Lane" }, "geometry": { "type": "MultiLineString", "coordinates": [ [ [ 7475030.904527559876442, 344961.475721791386604 ], [ 7475010.929133862257004, 344982.576443567872047 ], [ 7474907.790354326367378, 345091.525262460112572 ] ] ] } },
{ "type": "Feature", "properties": { "FULLNAME": "NW WITHAM HILL DR", "BIKE_FAC": "Bike Lane" }, "geometry": { "type": "MultiLineString", "coordinates": [ [ [ 7474907.790354326367378, 345091.525262460112572 ], [ 7474854.237532809376717, 345148.426837265491486 ] ] ] } },
{ "type": "Feature", "properties": { "FULLNAME": "NW WITHAM HILL DR", "BIKE_FAC": "Bike Lane" }, "geometry": { "type": "MultiLineString", "coordinates": [ [ [ 7474854.237532809376717, 345148.426837265491486 ], [ 7474837.906496062874794, 345165.11023622751236 ], [ 7474792.383858263492584, 345211.615485563874245 ], [ 7474749.153543308377266, 345258.120734915137291 ], [ 7474704.613517060875893, 345305.281167984008789 ], [ 7474664.658136487007141, 345350.148622050881386 ], [ 7474622.083005249500275, 345395.344160109758377 ], [ 7474578.525262460112572, 345440.539370074868202 ], [ 7474546.102690294384956, 345474.926837265491486 ], [ 7474515.317585304379463, 345507.021981626749039 ] ] ] } },
{ "type": "Feature", "properties": { "FULLNAME": "NW WITHAM HILL DR", "BIKE_FAC": "Bike Lane" }, "geometry": { "type": "MultiLineString", "coordinates": [ [ [ 7474515.317585304379463, 345507.021981626749039 ], [ 7474492.442913383245468, 345530.046587929129601 ], [ 7474477.254593178629875, 345545.797572180628777 ], [ 7474430.845144361257553, 345594.17585301399231 ], [ 7474381.904199481010437, 345644.241797894239426 ], [ 7474323.681430444121361, 345705.558727040886879 ], [ 7474271.811679795384407, 345758.547900259494781 ], [ 7474236.187335953116417, 345797.923228353261948 ] ] ] } },
{ "type": "Feature", "properties": { "FULLNAME": "NW WITHAM HILL DR", "BIKE_FAC": "Bike Lane" }, "geometry": { "type": "MultiLineString", "coordinates": [ [ [ 7474236.187335953116417, 345797.923228353261948 ], [ 7474219.687007874250412, 345814.297900259494781 ] ] ] } },
{ "type": "Feature", "properties": { "FULLNAME": "NW WITHAM HILL DR", "BIKE_FAC": "Bike Lane" }, "geometry": { "type": "MultiLineString", "coordinates": [ [ [ 7474219.687007874250412, 345814.297900259494781 ], [ 7474201.687664046883583, 345832.23589238524437 ], [ 7474157.062664046883583, 345878.454724416136742 ], [ 7474117.563648298382759, 345919.423228353261948 ], [ 7474086.688320204615593, 345951.298556432127953 ], [ 7474056.563976377248764, 345982.611220479011536 ], [ 7474019.189304456114769, 346021.580052495002747 ], [ 7473955.265419945120811, 346088.650918632745743 ] ] ] } },
{ "type": "Feature", "properties": { "FULLNAME": "NW WITHAM HILL DR", "BIKE_FAC": "Bike Lane" }, "geometry": { "type": "MultiLineString", "coordinates": [ [ [ 7473955.265419945120811, 346088.650918632745743 ], [ 7473925.56496062874794, 346118.518044620752335 ], [ 7473886.565616801381111, 346157.736548557877541 ], [ 7473849.066272959113121, 346197.674212604761124 ], [ 7473811.191601052880287, 346237.237204730510712 ], [ 7473782.816929131746292, 346267.987204730510712 ], [ 7473749.816929131746292, 346304.174868762493134 ], [ 7473711.971456691622734, 346347.51410761475563 ], [ 7473683.942585304379463, 346381.299868762493134 ], [ 7473653.692913383245468, 346418.737532809376717 ], [ 7473624.443569555878639, 346456.612860888242722 ] ] ] } },
{ "type": "Feature", "properties": { "FULLNAME": "NW WITHAM HILL DR", "BIKE_FAC": "Bike Lane" }, "geometry": { "type": "MultiLineString", "coordinates": [ [ [ 7473234.209317579865456, 347018.508530184626579 ], [ 7473208.698818892240524, 347057.520341202616692 ], [ 7473186.94914698600769, 347090.395997375249863 ], [ 7473168.1998031437397, 347119.239501312375069 ], [ 7473144.700131237506866, 347154.70833332836628 ], [ 7473120.8248031437397, 347190.396325454115868 ], [ 7473116.325459316372871, 347197.364501312375069 ], [ 7473090.075787395238876, 347237.396325454115868 ], [ 7473064.075787395238876, 347277.208989500999451 ], [ 7473038.826115489006042, 347315.427821516990662 ], [ 7473009.827099740505219, 347359.208661422133446 ], [ 7472985.826771646738052, 347395.146653547883034 ], [ 7472967.827427819371223, 347422.615485563874245 ], [ 7472953.202099740505219, 347444.958989500999451 ], [ 7472931.827755898237228, 347477.209645673632622 ], [ 7472903.578083992004395, 347520.084317579865456 ], [ 7472872.578740164637566, 347567.334645673632622 ], [ 7472845.329068243503571, 347608.678149610757828 ], [ 7472816.329396322369576, 347653.646981626749039 ], [ 7472794.704396322369576, 347687.89763779938221 ] ] ] } },
{ "type": "Feature", "properties": { "FULLNAME": "NW WITHAM HILL DR", "BIKE_FAC": "Bike Lane" }, "geometry": { "type": "MultiLineString", "coordinates": [ [ [ 7472794.704396322369576, 347687.89763779938221 ], [ 7472768.080052495002747, 347726.584973752498627 ], [ 7472762.330380573868752, 347735.147309705615044 ] ] ] } },
{ "type": "Feature", "properties": { "FULLNAME": "NW WITHAM HILL DR", "BIKE_FAC": "Bike Lane" }, "geometry": { "type": "MultiLineString", "coordinates": [ [ [ 7472762.330380573868752, 347735.147309705615044 ], [ 7472734.705708667635918, 347777.179133862257004 ], [ 7472704.081036746501923, 347823.460301831364632 ], [ 7472671.831692919135094, 347872.491469815373421 ], [ 7472640.207020998001099, 347919.772965878248215 ], [ 7472616.707020998001099, 347955.679133862257004 ], [ 7472587.707349076867104, 347999.866797894239426 ], [ 7472561.45767717063427, 348039.460629925131798 ], [ 7472529.958661422133446, 348087.617454066872597 ], [ 7472496.583989500999451, 348138.05511811375618 ], [ 7472482.459317579865456, 348159.929461941123009 ], [ 7472468.084317579865456, 348181.992125988006592 ], [ 7472435.959973752498627, 348229.835958003997803 ], [ 7472402.084973752498627, 348281.430446192622185 ], [ 7472372.710629925131798, 348326.023950129747391 ], [ 7472340.960958003997803, 348373.743110239505768 ], [ 7472327.210958003997803, 348394.336614176630974 ], [ 7472313.961614176630974, 348415.399278208613396 ], [ 7472301.586286082863808, 348436.836614176630974 ], [ 7472289.711614176630974, 348458.68077427148819 ], [ 7472281.711614176630974, 348474.586942255496979 ], [ 7472273.211942255496979, 348493.118438318371773 ], [ 7472265.33759842813015, 348511.961942255496979 ], [ 7472258.21259842813015, 348531.118438318371773 ], [ 7472251.83759842813015, 348550.524934381246567 ], [ 7472246.21259842813015, 348570.149606302380562 ], [ 7472240.712926506996155, 348592.55577427148819 ], [ 7472236.46325458586216, 348612.493110239505768 ], [ 7472232.96325458586216, 348632.55577427148819 ], [ 7472230.21325458586216, 348652.774934381246567 ], [ 7472228.21325458586216, 348673.056102365255356 ], [ 7472227.088582679629326, 348693.431102365255356 ], [ 7472226.713582679629326, 348713.806102365255356 ], [ 7472226.713582679629326, 348717.431102365255356 ], [ 7472227.464238852262497, 348771.056102365255356 ], [ 7472229.089895009994507, 348830.149934381246567 ], [ 7472230.465223103761673, 348874.274606302380562 ] ] ] } },
{ "type": "Feature", "properties": { "FULLNAME": "NW WITHAM HILL DR", "BIKE_FAC": "Bike Lane" }, "geometry": { "type": "MultiLineString", "coordinates": [ [ [ 7472230.465223103761673, 348874.274606302380562 ], [ 7472232.465551182627678, 348897.993438318371773 ], [ 7472235.090551182627678, 348921.649934381246567 ], [ 7472238.590551182627678, 348945.212270334362984 ], [ 7472241.590879261493683, 348961.931102365255356 ], [ 7472246.715879261493683, 348983.556102365255356 ], [ 7472252.466207355260849, 349004.96259842813015 ], [ 7472259.091207355260849, 349026.181102365255356 ], [ 7472266.466535434126854, 349047.118766397237778 ], [ 7472274.466207355260849, 349067.806102365255356 ], [ 7472280.966535434126854, 349082.962270334362984 ], [ 7472290.217191606760025, 349102.368438318371773 ], [ 7472300.216863512992859, 349121.431102365255356 ], [ 7472310.966863512992859, 349140.118438318371773 ], [ 7472322.342191606760025, 349158.399934381246567 ], [ 7472334.342191606760025, 349176.243438318371773 ], [ 7472347.09251968562603, 349193.649934381246567 ], [ 7472353.092847764492035, 349201.493438318371773 ], [ 7472366.09251968562603, 349217.493438318371773 ], [ 7472379.592847764492035, 349232.993766397237778 ], [ 7472393.717847764492035, 349247.96259842813015 ], [ 7472408.342847764492035, 349262.399934381246567 ], [ 7472414.467847764492035, 349268.056102365255356 ], [ 7472452.968175858259201, 349305.024934381246567 ], [ 7472492.468175858259201, 349344.93077427148819 ], [ 7472535.218832015991211, 349390.743438318371773 ], [ 7472560.718832015991211, 349421.149606302380562 ], [ 7472572.468832015991211, 349434.337270334362984 ] ] ] } },
{ "type": "Feature", "properties": { "FULLNAME": "NW WITHAM HILL DR", "BIKE_FAC": "Bike Lane" }, "geometry": { "type": "MultiLineString", "coordinates": [ [ [ 7472572.468832015991211, 349434.337270334362984 ], [ 7472597.719160109758377, 349462.868438318371773 ], [ 7472630.094488188624382, 349502.993110239505768 ], [ 7472664.844488188624382, 349551.024606302380562 ], [ 7472695.969816267490387, 349595.180446192622185 ], [ 7472715.219816267490387, 349625.118110239505768 ], [ 7472743.720472440123558, 349670.961286082863808 ], [ 7472770.845800518989563, 349716.930446192622185 ], [ 7472794.971128612756729, 349759.336614176630974 ], [ 7472800.471128612756729, 349770.180446192622185 ], [ 7472805.345800518989563, 349781.367782145738602 ], [ 7472809.346128612756729, 349792.836614176630974 ], [ 7472812.721128612756729, 349804.55511811375618 ], [ 7472815.623031497001648, 349818.368766397237778 ], [ 7472817.453412070870399, 349834.459973752498627 ], [ 7472818.971784770488739, 349859.711614176630974 ], [ 7472818.947506561875343, 349880.462926506996155 ], [ 7472817.742454066872597, 349898.03740157186985 ], [ 7472816.135498687624931, 349913.502952754497528 ], [ 7472814.270997375249863, 349925.358267709612846 ], [ 7472811.637795269489288, 349936.378608927130699 ], [ 7472808.419291332364082, 349948.081692919135094 ], [ 7472804.133858263492584, 349959.956692919135094 ], [ 7472799.719488188624382, 349971.348425194621086 ], [ 7472792.172572180628777, 349986.015091866254807 ], [ 7472786.903871387243271, 349996.125328078866005 ], [ 7472778.929461941123009, 350009.368110239505768 ], [ 7472768.380905508995056, 350024.818569555878639 ], [ 7472757.285104990005493, 350039.129265084862709 ], [ 7472745.750984251499176, 350052.799212604761124 ], [ 7472730.354002624750137, 350069.013123363256454 ], [ 7472715.098753273487091, 350083.212270334362984 ], [ 7472674.474081367254257, 350117.556102365255356 ], [ 7472623.474409446120262, 350161.618766397237778 ], [ 7472609.099409446120262, 350174.243766397237778 ], [ 7472570.725065618753433, 350207.650262460112572 ], [ 7472517.475393697619438, 350252.869094491004944 ], [ 7472464.725721791386604, 350297.869094491004944 ], [ 7472405.22670604288578, 350350.900590553879738 ], [ 7472402.226377949118614, 350353.619422569870949 ], [ 7472388.601377949118614, 350366.775590553879738 ], [ 7472375.60170604288578, 350380.463582679629326 ], [ 7472363.10170604288578, 350394.713582679629326 ], [ 7472351.227034121751785, 350409.619750648736954 ], [ 7472341.72736220061779, 350425.33825458586216 ], [ 7472332.977034121751785, 350441.49507874250412 ], [ 7472324.97736220061779, 350457.994750648736954 ], [ 7472317.72736220061779, 350474.807086616754532 ], [ 7472311.102690294384956, 350491.932086616754532 ], [ 7472308.102690294384956, 350502.307086616754532 ], [ 7472304.602690294384956, 350517.275918632745743 ], [ 7472301.852690294384956, 350532.400918632745743 ], [ 7472299.853018373250961, 350547.650918632745743 ], [ 7472298.603018373250961, 350562.99507874250412 ], [ 7472296.853674545884132, 350614.776246726512909 ], [ 7472294.854330703616142, 350657.807414695620537 ], [ 7472293.604330703616142, 350684.307414695620537 ], [ 7472292.104330703616142, 350708.151246726512909 ] ] ] } },
{ "type": "Feature", "properties": { "FULLNAME": "NW GLENRIDGE DR", "BIKE_FAC": "Bike Lane" }, "geometry": { "type": "MultiLineString", "coordinates": [ [ [ 7472292.104330703616142, 350708.151246726512909 ], [ 7472285.354658797383308, 350732.994750648736954 ], [ 7472277.479986876249313, 350757.432742789387703 ], [ 7472263.855314955115318, 350790.651246726512909 ], [ 7472244.855314955115318, 350832.651574805378914 ], [ 7472233.230971127748489, 350864.495406821370125 ], [ 7472220.980971127748489, 350896.057742789387703 ], [ 7472208.105971127748489, 350927.339238852262497 ], [ 7472178.73162730038166, 350994.432742789387703 ], [ 7472156.98228345811367, 351042.745734915137291 ], [ 7472134.857939630746841, 351090.339895009994507 ], [ 7472117.607939630746841, 351126.558070868253708 ], [ 7472100.483267709612846, 351164.402230978012085 ], [ 7472081.733595803380013, 351203.089895009994507 ], [ 7472065.984251961112022, 351237.245734915137291 ], [ 7472051.359580054879189, 351268.871062994003296 ], [ 7472038.109251961112022, 351297.90255905687809 ], [ 7472022.484580054879189, 351332.184055119752884 ], [ 7472016.23523622751236, 351345.90255905687809 ], [ 7472009.23523622751236, 351359.277230978012085 ], [ 7472001.61023622751236, 351372.27755905687809 ], [ 7471993.360564306378365, 351384.839895009994507 ], [ 7471990.735564306378365, 351388.464895009994507 ] ] ] } },
{ "type": "Feature", "properties": { "FULLNAME": "NW HARRISON BLVD", "BIKE_FAC": "Bike Lane" }, "geometry": { "type": "MultiLineString", "coordinates": [ [ [ 7483649.875984251499176, 340380.19488188624382 ], [ 7483626.750984251499176, 340395.424212604761124 ], [ 7483598.58333332836628, 340413.748031497001648 ], [ 7483573.843832015991211, 340429.320866137742996 ], [ 7483543.751312330365181, 340446.14271654188633 ], [ 7483510.126640424132347, 340464.049540683627129 ], [ 7483477.751968502998352, 340480.080708667635918 ], [ 7483442.126968502998352, 340496.737204730510712 ], [ 7483423.626968502998352, 340504.859251961112022 ], [ 7483404.312664046883583, 340514.624671921133995 ], [ 7483384.781496062874794, 340523.522309705615044 ] ] ] } },
{ "type": "Feature", "properties": { "FULLNAME": "NW HARRISON BLVD", "BIKE_FAC": "Bike Lane" }, "geometry": { "type": "MultiLineString", "coordinates": [ [ [ 7483384.781496062874794, 340523.522309705615044 ], [ 7483336.821194231510162, 340540.666338577866554 ], [ 7483296.456692919135094, 340555.640419945120811 ], [ 7483266.725721791386604, 340567.359251961112022 ], [ 7483247.41174541413784, 340574.737532809376717 ], [ 7483216.595472440123558, 340586.890419945120811 ], [ 7483164.295275583863258, 340606.638779520988464 ], [ 7483140.640748038887978, 340616.187335953116417 ], [ 7483110.628937005996704, 340626.207020998001099 ] ] ] } },
{ "type": "Feature", "properties": { "FULLNAME": "SW 35TH ST", "BIKE_FAC": "Bike Lane" }, "geometry": { "type": "MultiLineString", "coordinates": [ [ [ 7475130.874343827366829, 337939.431758522987366 ], [ 7475130.998359575867653, 337945.913713917136192 ], [ 7475132.123687669634819, 337997.132545933127403 ], [ 7475133.249671921133995, 338077.788385823369026 ], [ 7475134.625328078866005, 338156.69488188624382 ], [ 7475135.771653547883034, 338215.399606302380562 ], [ 7475149.755577430129051, 338931.53740157186985 ], [ 7475149.756233602762222, 338931.570538058876991 ], [ 7475151.506561681628227, 338994.383202105760574 ] ] ] } },
{ "type": "Feature", "properties": { "FULLNAME": "NW HIGHLAND DR", "BIKE_FAC": "Bike Lane" }, "geometry": { "type": "MultiLineString", "coordinates": [ [ [ 7482918.794619426131248, 357154.239173233509064 ], [ 7482913.586286082863808, 357001.114173233509064 ], [ 7482905.730314955115318, 356669.039698168635368 ], [ 7482903.125984251499176, 356513.831364825367928 ], [ 7482893.750984251499176, 356223.058727040886879 ], [ 7482886.951115489006042, 356010.176181107759476 ] ] ] } },
{ "type": "Feature", "properties": { "FULLNAME": "SW 35TH ST", "BIKE_FAC": "Bike Lane" }, "geometry": { "type": "MultiLineString", "coordinates": [ [ [ 7475151.506561681628227, 338994.383202105760574 ], [ 7475152.631889760494232, 339028.60236220061779 ], [ 7475155.257545933127403, 339073.696194231510162 ], [ 7475157.882545933127403, 339120.352034121751785 ], [ 7475159.883530184626579, 339170.539698168635368 ], [ 7475162.008530184626579, 339219.133202105760574 ], [ 7475163.633858263492584, 339276.508530184626579 ], [ 7475165.38418635725975, 339333.133858263492584 ], [ 7475166.50984251499176, 339381.445866137742996 ], [ 7475167.75984251499176, 339427.008858263492584 ], [ 7475168.385170608758926, 339444.727690294384956 ], [ 7475169.510498687624931, 339475.133858263492584 ], [ 7475171.760826766490936, 339529.915354326367378 ], [ 7475173.636154860258102, 339591.790026247501373 ], [ 7475175.261811017990112, 339655.196522310376167 ], [ 7475177.012139111757278, 339716.071194231510162 ], [ 7475179.762795269489288, 339783.321522310376167 ], [ 7475181.013123363256454, 339835.102690294384956 ], [ 7475182.013451442122459, 339873.88418635725975 ], [ 7475182.513779520988464, 339897.071522310376167 ], [ 7475182.763779520988464, 339907.196850389242172 ] ] ] } },
{ "type": "Feature", "properties": { "FULLNAME": "SW 35TH ST", "BIKE_FAC": "Bike Lane" }, "geometry": { "type": "MultiLineString", "coordinates": [ [ [ 7475182.763779520988464, 339907.196850389242172 ], [ 7475182.88910761475563, 339914.540354326367378 ], [ 7475183.76410761475563, 339949.38418635725975 ], [ 7475187.63976377248764, 340034.790354326367378 ], [ 7475189.390419945120811, 340097.915354326367378 ], [ 7475191.390748038887978, 340149.352690294384956 ], [ 7475193.266404196619987, 340216.852690294384956 ], [ 7475194.767060369253159, 340270.540682420134544 ], [ 7475197.642388448119164, 340347.290354326367378 ], [ 7475199.64271654188633, 340415.322178483009338 ], [ 7475201.01837269961834, 340471.009514436125755 ], [ 7475203.393700793385506, 340535.50918635725975 ], [ 7475205.894028872251511, 340603.00918635725975 ], [ 7475206.894685044884682, 340658.009514436125755 ], [ 7475208.395013123750687, 340706.291010499000549 ] ] ] } },
{ "type": "Feature", "properties": { "FULLNAME": "NW 35TH ST", "BIKE_FAC": "Bike Lane" }, "geometry": { "type": "MultiLineString", "coordinates": [ [ [ 7475221.14829395711422, 341106.853674545884132 ], [ 7475222.398622050881386, 341140.822506561875343 ], [ 7475224.398950129747391, 341197.572506561875343 ], [ 7475227.024606302380562, 341262.353674545884132 ], [ 7475229.149606302380562, 341327.635498687624931 ], [ 7475231.400590553879738, 341394.635170608758926 ], [ 7475232.400918632745743, 341447.822834640741348 ], [ 7475233.526574805378914, 341487.323162734508514 ], [ 7475235.276246726512909, 341540.91666667163372 ], [ 7475235.901574805378914, 341560.729002624750137 ], [ 7475238.152230978012085, 341625.760498687624931 ], [ 7475240.027887135744095, 341693.854002624750137 ], [ 7475241.653215229511261, 341748.947834640741348 ], [ 7475241.903215229511261, 341771.104002624750137 ] ] ] } },
{ "type": "Feature", "properties": { "FULLNAME": "SW BIRDSONG DR", "BIKE_FAC": "Bike Lane" }, "geometry": { "type": "MultiLineString", "coordinates": [ [ [ 7470484.128937005996704, 332325.866469815373421 ], [ 7470522.338910758495331, 332324.765091866254807 ], [ 7470531.338910758495331, 332324.640091866254807 ], [ 7470557.213582679629326, 332324.046259835362434 ], [ 7470592.088582679629326, 332322.733595803380013 ], [ 7470628.96325458586216, 332321.264435693621635 ], [ 7470661.33825458586216, 332320.639435693621635 ] ] ] } },
{ "type": "Feature", "properties": { "FULLNAME": "SW CAMPUS WAY", "BIKE_FAC": "Bike Lane" }, "geometry": { "type": "MultiLineString", "coordinates": [ [ [ 7478575.387795269489288, 340594.375656172633171 ], [ 7478539.762795269489288, 340596.281824141740799 ], [ 7478491.887795269489288, 340596.969160109758377 ], [ 7478445.262795269489288, 340598.313320204615593 ], [ 7478392.012795269489288, 340601.032152235507965 ], [ 7478342.138123363256454, 340603.001312330365181 ], [ 7478298.388123363256454, 340605.844816267490387 ] ] ] } },
{ "type": "Feature", "properties": { "FULLNAME": "SW CAMPUS WAY", "BIKE_FAC": "Bike Lane" }, "geometry": { "type": "MultiLineString", "coordinates": [ [ [ 7478298.388123363256454, 340605.844816267490387 ], [ 7478276.263123363256454, 340607.095144361257553 ], [ 7478258.138123363256454, 340607.938976377248764 ], [ 7478210.388451442122459, 340609.813976377248764 ], [ 7478170.263451442122459, 340611.470144361257553 ], [ 7478110.888451442122459, 340614.626640424132347 ], [ 7478007.513779520988464, 340616.595800518989563 ], [ 7477937.51410761475563, 340617.721128612756729 ], [ 7477863.13910761475563, 340620.783464565873146 ], [ 7477824.014435693621635, 340621.533464565873146 ], [ 7477784.764435693621635, 340622.93996062874794 ], [ 7477755.389435693621635, 340621.565288707613945 ] ] ] } },
{ "type": "Feature", "properties": { "FULLNAME": "SW MEMORIAL PL", "BIKE_FAC": "Bike Lane" }, "geometry": { "type": "MultiLineString", "coordinates": [ [ [ 7478298.388123363256454, 340605.844816267490387 ], [ 7478299.388451442122459, 340628.688648298382759 ], [ 7478302.388779520988464, 340691.03248031437397 ], [ 7478304.764435693621635, 340764.345144361257553 ], [ 7478306.88976377248764, 340824.03248031437397 ], [ 7478307.515091866254807, 340853.313976377248764 ], [ 7478308.140091866254807, 340883.157808393239975 ], [ 7478310.390748038887978, 340954.470144361257553 ], [ 7478313.141404196619987, 341015.938976377248764 ], [ 7478315.141732290387154, 341095.314304456114769 ], [ 7478317.642388448119164, 341150.907808393239975 ], [ 7478319.76771654188633, 341198.845144361257553 ], [ 7478321.018044620752335, 341221.095144361257553 ], [ 7478323.518044620752335, 341249.345472440123558 ] ] ] } },
{ "type": "Feature", "properties": { "FULLNAME": "SW WALDO PL", "BIKE_FAC": "Bike Lane" }, "geometry": { "type": "MultiLineString", "coordinates": [ [ [ 7478543.756233602762222, 339783.093503937125206 ], [ 7478543.756561681628227, 339783.094816267490387 ], [ 7478545.006233602762222, 339804.780839890241623 ], [ 7478546.381561681628227, 339830.405839890241623 ], [ 7478548.131889760494232, 339874.468832015991211 ], [ 7478550.632545933127403, 339943.062335953116417 ], [ 7478552.007874011993408, 339998.093503937125206 ], [ 7478554.883202105760574, 340069.562664046883583 ], [ 7478557.258858263492584, 340125.906167984008789 ], [ 7478559.38418635725975, 340181.625328078866005 ], [ 7478562.135170608758926, 340266.343832015991211 ], [ 7478564.010498687624931, 340320.437664046883583 ], [ 7478566.135826766490936, 340391.375328078866005 ], [ 7478569.261154860258102, 340451.968832015991211 ], [ 7478571.011811017990112, 340518.593832015991211 ], [ 7478572.887139111757278, 340568.875328078866005 ], [ 7478575.387467190623283, 340594.373031497001648 ], [ 7478575.387795269489288, 340594.375656172633171 ] ] ] } },
{ "type": "Feature", "properties": { "FULLNAME": "NW 11TH ST", "BIKE_FAC": "Neighborhood Bikeway" }, "geometry": { "type": "MultiLineString", "coordinates": [ [ [ 7482250.559055119752884, 347420.090879261493683 ], [ 7482250.684055119752884, 347403.871391072869301 ], [ 7482250.559055119752884, 347393.684383198618889 ], [ 7482250.308727040886879, 347366.715551182627678 ], [ 7482248.308398947119713, 347292.434383198618889 ], [ 7482246.182414695620537, 347215.778215229511261 ], [ 7482242.806758522987366, 347118.309055119752884 ], [ 7482240.056430444121361, 347044.559383198618889 ], [ 7482237.55577427148819, 346980.809055119752884 ], [ 7482235.05511811375618, 346910.15255905687809 ], [ 7482233.179790019989014, 346837.965223103761673 ], [ 7482230.179133862257004, 346757.090223103761673 ], [ 7482227.428477689623833, 346676.433727040886879 ], [ 7482225.677821516990662, 346611.027230978012085 ], [ 7482223.802493438124657, 346547.308398947119713 ], [ 7482221.927165359258652, 346487.183727040886879 ], [ 7482219.782152235507965, 346418.413713917136192 ] ] ] } },
{ "type": "Feature", "properties": { "FULLNAME": "NW ARNOLD WAY", "BIKE_FAC": "Bike Lane" }, "geometry": { "type": "MultiLineString", "coordinates": [ [ [ 7477412.542979001998901, 341865.4498031437397 ], [ 7477394.476049870252609, 341886.402887135744095 ], [ 7477372.861548557877541, 341911.750328078866005 ], [ 7477338.819553807377815, 341953.265419945120811 ], [ 7477312.44488188624382, 341987.140748038887978 ], [ 7477278.41732282936573, 342028.76410761475563 ], [ 7477235.901902884244919, 342079.599409446120262 ], [ 7477201.828083992004395, 342123.387139111757278 ] ] ] } },
{ "type": "Feature", "properties": { "FULLNAME": "NW ARNOLD WAY", "BIKE_FAC": "Bike Lane" }, "geometry": { "type": "MultiLineString", "coordinates": [ [ [ 7477196.776246726512909, 342129.908464565873146 ], [ 7477179.477034121751785, 342150.891076117753983 ], [ 7477157.341535434126854, 342176.770013123750687 ], [ 7477138.591535434126854, 342199.588910758495331 ], [ 7477127.936023622751236, 342212.143044620752335 ] ] ] } },
{ "type": "Feature", "properties": { "FULLNAME": "SE 3RD ST/HWY 99W", "BIKE_FAC": "Bike Lane" }, "geometry": { "type": "MultiLineString", "coordinates": [ [ [ 7481548.30085301399231, 336004.636482939124107 ], [ 7481541.790354326367378, 335969.914370074868202 ], [ 7481535.497047245502472, 335943.004593178629875 ], [ 7481531.833005249500275, 335926.813320204615593 ] ] ] } },
{ "type": "Feature", "properties": { "FULLNAME": "SE 3RD ST/HWY 99W", "BIKE_FAC": "Bike Lane" }, "geometry": { "type": "MultiLineString", "coordinates": [ [ [ 7481531.83333332836628, 335926.81496062874794 ], [ 7481507.843832015991211, 335821.363188982009888 ] ] ] } },
{ "type": "Feature", "properties": { "FULLNAME": "SE 3RD ST/HWY 99W", "BIKE_FAC": "Bike Lane" }, "geometry": { "type": "MultiLineString", "coordinates": [ [ [ 7481370.084317579865456, 334613.486876636743546 ], [ 7481365.834317579865456, 334577.924540683627129 ], [ 7481362.083989500999451, 334537.612204730510712 ], [ 7481356.208661422133446, 334487.236876636743546 ], [ 7481352.20833332836628, 334449.361876636743546 ], [ 7481345.708005249500275, 334392.455380573868752 ], [ 7481340.833005249500275, 334353.361876636743546 ], [ 7481336.582349076867104, 334316.111548557877541 ] ] ] } },
{ "type": "Feature", "properties": { "FULLNAME": "SE 3RD ST/HWY 99W", "BIKE_FAC": "Bike Lane" }, "geometry": { "type": "MultiLineString", "coordinates": [ [ [ 7481336.582349076867104, 334316.111548557877541 ], [ 7481331.206692919135094, 334268.924212604761124 ], [ 7481324.956692919135094, 334212.799212604761124 ], [ 7481319.581036746501923, 334164.549540683627129 ], [ 7481313.081036746501923, 334105.549212604761124 ], [ 7481307.080380573868752, 334054.518044620752335 ] ] ] } },
{ "type": "Feature", "properties": { "FULLNAME": "SE 3RD ST/HWY 99W", "BIKE_FAC": "Bike Lane" }, "geometry": { "type": "MultiLineString", "coordinates": [ [ [ 7481307.080380573868752, 334054.518044620752335 ], [ 7481304.955052495002747, 334035.924212604761124 ], [ 7481299.954724416136742, 333987.924212604761124 ], [ 7481286.079068243503571, 333868.798884510993958 ], [ 7481277.078083992004395, 333790.64271654188633 ], [ 7481267.578083992004395, 333710.298884510993958 ], [ 7481261.827099740505219, 333659.611220479011536 ], [ 7481256.326771646738052, 333612.080052495002747 ], [ 7481255.576771646738052, 333604.611548557877541 ] ] ] } },
{ "type": "Feature", "properties": { "FULLNAME": "SE 3RD ST/HWY 99W", "BIKE_FAC": "Bike Lane" }, "geometry": { "type": "MultiLineString", "coordinates": [ [ [ 7481255.576771646738052, 333604.611548557877541 ], [ 7481250.201771646738052, 333554.830052495002747 ], [ 7481244.826115489006042, 333505.486220479011536 ], [ 7481238.201115489006042, 333452.548884510993958 ], [ 7481233.700459316372871, 333411.705380573868752 ], [ 7481228.825131237506866, 333367.580052495002747 ], [ 7481223.3248031437397, 333323.329724416136742 ] ] ] } },
{ "type": "Feature", "properties": { "FULLNAME": "SE 3RD ST/HWY 99W", "BIKE_FAC": "Bike Lane" }, "geometry": { "type": "MultiLineString", "coordinates": [ [ [ 7481223.3248031437397, 333323.329724416136742 ], [ 7481221.4498031437397, 333302.455052495002747 ], [ 7481216.19914698600769, 333254.11089238524437 ], [ 7481209.448490813374519, 333195.923884510993958 ], [ 7481203.073162734508514, 333140.892388448119164 ], [ 7481197.197834640741348, 333087.829724416136742 ], [ 7481191.447506561875343, 333035.236220479011536 ], [ 7481184.447178483009338, 332976.454396322369576 ], [ 7481181.196850389242172, 332948.110564306378365 ] ] ] } },
{ "type": "Feature", "properties": { "FULLNAME": "SE 3RD ST/HWY 99W", "BIKE_FAC": "Bike Lane" }, "geometry": { "type": "MultiLineString", "coordinates": [ [ [ 7481181.196850389242172, 332948.110564306378365 ], [ 7481176.821522310376167, 332909.517060369253159 ], [ 7481168.446194231510162, 332835.579724416136742 ], [ 7481162.945538058876991, 332784.98589238524437 ], [ 7481158.695538058876991, 332740.985564306378365 ], [ 7481152.94488188624382, 332695.392060369253159 ], [ 7481149.06922572851181, 332658.142060369253159 ], [ 7481147.069553807377815, 332638.704396322369576 ] ] ] } },
{ "type": "Feature", "properties": { "FULLNAME": "SE 3RD ST/HWY 99W", "BIKE_FAC": "Bike Lane" }, "geometry": { "type": "MultiLineString", "coordinates": [ [ [ 7481147.069553807377815, 332638.704396322369576 ], [ 7481144.318897634744644, 332613.579724416136742 ], [ 7481140.56922572851181, 332576.142060369253159 ], [ 7481136.193569555878639, 332527.642060369253159 ], [ 7481129.442913383245468, 332462.517060369253159 ], [ 7481124.317913383245468, 332415.422900259494781 ], [ 7481118.817585304379463, 332363.173228353261948 ], [ 7481113.942257210612297, 332312.172900259494781 ], [ 7481108.691601052880287, 332269.797572180628777 ], [ 7481102.941272959113121, 332215.985564306378365 ], [ 7481096.690944880247116, 332160.422572180628777 ], [ 7481091.690616801381111, 332111.672572180628777 ], [ 7481087.31496062874794, 332074.266404196619987 ] ] ] } },
{ "type": "Feature", "properties": { "FULLNAME": "SE 3RD ST/HWY 99W", "BIKE_FAC": "Bike Lane" }, "geometry": { "type": "MultiLineString", "coordinates": [ [ [ 7481087.31496062874794, 332074.266404196619987 ], [ 7481086.68996062874794, 332067.797900259494781 ], [ 7481081.814632549881935, 332025.204068243503571 ], [ 7481078.939632549881935, 331993.735564306378365 ] ] ] } },
{ "type": "Feature", "properties": { "FULLNAME": "SE 3RD ST/HWY 99W", "BIKE_FAC": "Bike Lane" }, "geometry": { "type": "MultiLineString", "coordinates": [ [ [ 7481078.939632549881935, 331993.735564306378365 ], [ 7481077.439632549881935, 331977.578740164637566 ], [ 7481071.939304456114769, 331923.23523622751236 ], [ 7481065.438320204615593, 331866.11023622751236 ], [ 7481058.313320204615593, 331802.609908133745193 ], [ 7481051.312664046883583, 331736.953740164637566 ], [ 7481045.437007874250412, 331678.984908133745193 ], [ 7481038.936679795384407, 331625.672572180628777 ] ] ] } },
{ "type": "Feature", "properties": { "FULLNAME": "SE 3RD ST/HWY 99W", "BIKE_FAC": "Bike Lane" }, "geometry": { "type": "MultiLineString", "coordinates": [ [ [ 7481038.936679795384407, 331625.672572180628777 ], [ 7481036.936679795384407, 331608.797572180628777 ], [ 7481032.436351701617241, 331560.422244101762772 ], [ 7481030.061023622751236, 331535.859908133745193 ], [ 7481023.685695543885231, 331475.36023622751236 ], [ 7481023.185367450118065, 331469.954068243503571 ], [ 7481021.060367450118065, 331448.297244101762772 ], [ 7481017.309711292386055, 331408.141076117753983 ], [ 7481011.684383198618889, 331347.016076117753983 ], [ 7481001.558727040886879, 331259.141076117753983 ], [ 7480993.183398947119713, 331179.422244101762772 ], [ 7480991.808070868253708, 331167.578412070870399 ] ] ] } },
{ "type": "Feature", "properties": { "FULLNAME": "SE 3RD ST/HWY 99W", "BIKE_FAC": "Bike Lane" }, "geometry": { "type": "MultiLineString", "coordinates": [ [ [ 7480991.808070868253708, 331167.578412070870399 ], [ 7480984.557742789387703, 331101.421916007995605 ], [ 7480975.307086616754532, 331014.672244101762772 ], [ 7480968.556758522987366, 330951.641076117753983 ], [ 7480966.931430444121361, 330936.797244101762772 ], [ 7480963.056102365255356, 330902.609251961112022 ], [ 7480955.93077427148819, 330832.890748038887978 ], [ 7480946.179790019989014, 330745.359251961112022 ], [ 7480938.804461941123009, 330674.984251961112022 ], [ 7480931.803805768489838, 330609.671916007995605 ], [ 7480923.803149610757828, 330532.734251961112022 ], [ 7480915.302493438124657, 330457.859251961112022 ], [ 7480907.177165359258652, 330387.608923882246017 ], [ 7480898.426509186625481, 330309.077755898237228 ], [ 7480890.301181107759476, 330239.952755898237228 ], [ 7480889.80085301399231, 330235.858595803380013 ] ] ] } },
{ "type": "Feature", "properties": { "FULLNAME": "SE 3RD ST/HWY 99W", "BIKE_FAC": "Bike Lane" }, "geometry": { "type": "MultiLineString", "coordinates": [ [ [ 7480889.80085301399231, 330235.858595803380013 ], [ 7480883.300524935126305, 330181.452755898237228 ], [ 7480876.299868762493134, 330118.859251961112022 ], [ 7480871.299540683627129, 330073.796587929129601 ], [ 7480869.174868762493134, 330054.765419945120811 ] ] ] } },
{ "type": "Feature", "properties": { "FULLNAME": "SE 3RD ST/HWY 99W", "BIKE_FAC": "Bike Lane" }, "geometry": { "type": "MultiLineString", "coordinates": [ [ [ 7480869.174868762493134, 330054.765419945120811 ], [ 7480865.049212604761124, 330019.108595803380013 ], [ 7480857.423884510993958, 329956.327755898237228 ], [ 7480849.048228353261948, 329885.233923882246017 ], [ 7480841.422900259494781, 329817.077755898237228 ], [ 7480831.672572180628777, 329732.952427819371223 ], [ 7480824.296587929129601, 329667.827427819371223 ], [ 7480816.671259835362434, 329599.233267709612846 ], [ 7480810.045603677630424, 329541.545931756496429 ] ] ] } },
{ "type": "Feature", "properties": { "FULLNAME": "SE 3RD ST/HWY 99W", "BIKE_FAC": "Bike Lane" }, "geometry": { "type": "MultiLineString", "coordinates": [ [ [ 7480810.045603677630424, 329541.545931756496429 ], [ 7480801.419947504997253, 329466.858267709612846 ], [ 7480795.044947504997253, 329414.608267709612846 ], [ 7480794.294947504997253, 329407.827099740505219 ] ] ] } },
{ "type": "Feature", "properties": { "FULLNAME": "SE 3RD ST/HWY 99W", "BIKE_FAC": "Bike Lane" }, "geometry": { "type": "MultiLineString", "coordinates": [ [ [ 7480794.294947504997253, 329407.827099740505219 ], [ 7480788.419291332364082, 329354.827099740505219 ], [ 7480778.918635174632072, 329273.201771646738052 ], [ 7480771.042979001998901, 329203.264435693621635 ], [ 7480765.292650923132896, 329157.014435693621635 ], [ 7480756.91732282936573, 329082.76476377248764 ], [ 7480746.916338577866554, 328996.357939630746841 ], [ 7480736.916338577866554, 328907.952099740505219 ], [ 7480728.665026247501373, 328836.951771646738052 ], [ 7480719.415026247501373, 328758.670603677630424 ], [ 7480711.539370074868202, 328689.857939630746841 ], [ 7480703.163385823369026, 328617.451771646738052 ], [ 7480695.038057744503021, 328545.607939630746841 ], [ 7480686.662729665637016, 328473.513779520988464 ], [ 7480678.28674541413784, 328400.951771646738052 ], [ 7480669.411417320370674, 328323.138779520988464 ], [ 7480661.785761147737503, 328258.544947504997253 ], [ 7480654.035433068871498, 328193.607611551880836 ], [ 7480646.035104990005493, 328124.138779520988464 ], [ 7480638.909448817372322, 328061.701443567872047 ], [ 7480632.158792644739151, 328003.419947504997253 ], [ 7480624.408792644739151, 327939.888451442122459 ], [ 7480617.907808393239975, 327882.919947504997253 ], [ 7480611.40748031437397, 327825.763779520988464 ], [ 7480604.53248031437397, 327768.076115489006042 ], [ 7480597.406824141740799, 327705.607611551880836 ], [ 7480589.406496062874794, 327639.419619426131248 ], [ 7480582.156167984008789, 327576.638123363256454 ], [ 7480574.655183732509613, 327513.419619426131248 ], [ 7480572.655183732509613, 327496.763123363256454 ] ] ] } },
{ "type": "Feature", "properties": { "FULLNAME": "SE 3RD ST/HWY 99W", "BIKE_FAC": "Bike Lane" }, "geometry": { "type": "MultiLineString", "coordinates": [ [ [ 7480572.655183732509613, 327496.763123363256454 ], [ 7480566.154855638742447, 327441.856955379247665 ], [ 7480559.029199481010437, 327375.044291332364082 ], [ 7480551.778543308377266, 327314.076115489006042 ], [ 7480544.778543308377266, 327247.856955379247665 ], [ 7480537.40255905687809, 327185.013123363256454 ], [ 7480529.902230978012085, 327119.450459316372871 ], [ 7480521.401574805378914, 327048.075787395238876 ], [ 7480512.901246726512909, 326979.388123363256454 ], [ 7480506.775590553879738, 326927.388123363256454 ], [ 7480494.899606302380562, 326825.668963253498077 ], [ 7480484.274278208613396, 326733.10662730038166 ], [ 7480481.523950129747391, 326708.825459316372871 ] ] ] } },
{ "type": "Feature", "properties": { "FULLNAME": "SW 4TH ST/HWY 99W", "BIKE_FAC": "Bike Lane" }, "geometry": { "type": "MultiLineString", "coordinates": [ [ [ 7481507.843832015991211, 335821.363188982009888 ], [ 7481511.755577430129051, 335875.738845139741898 ], [ 7481514.589566931128502, 335928.125984251499176 ] ] ] } },
{ "type": "Feature", "properties": { "FULLNAME": "SE 3RD ST/HWY 99W", "BIKE_FAC": "Bike Lane" }, "geometry": { "type": "MultiLineString", "coordinates": [ [ [ 7481507.843832015991211, 335821.363188982009888 ], [ 7481482.46751968562603, 335621.1751968562603 ] ] ] } },
{ "type": "Feature", "properties": { "FULLNAME": "SE 3RD ST/HWY 99W", "BIKE_FAC": "Bike Lane" }, "geometry": { "type": "MultiLineString", "coordinates": [ [ [ 7481482.46751968562603, 335621.1751968562603 ], [ 7481421.837926506996155, 335072.018700793385506 ] ] ] } },
{ "type": "Feature", "properties": { "FULLNAME": "SE 3RD ST/HWY 99W", "BIKE_FAC": "Bike Lane" }, "geometry": { "type": "MultiLineString", "coordinates": [ [ [ 7481421.837926506996155, 335072.018700793385506 ], [ 7481370.084317579865456, 334613.486876636743546 ] ] ] } },
{ "type": "Feature", "properties": { "FULLNAME": "NW MONROE AVE", "BIKE_FAC": "Bike Lane" }, "geometry": { "type": "MultiLineString", "coordinates": [ [ [ 7482139.624015748500824, 339788.864829391241074 ], [ 7481883.54232282936573, 339889.869094491004944 ], [ 7481864.934711292386055, 339897.20833332836628 ] ] ] } },
{ "type": "Feature", "properties": { "FULLNAME": "NW MONROE AVE", "BIKE_FAC": "Bike Lane" }, "geometry": { "type": "MultiLineString", "coordinates": [ [ [ 7481864.934711292386055, 339897.20833332836628 ], [ 7481846.284448817372322, 339904.437335953116417 ], [ 7481591.376968502998352, 340003.241797894239426 ] ] ] } },
{ "type": "Feature", "properties": { "FULLNAME": "NW MONROE AVE", "BIKE_FAC": "Bike Lane" }, "geometry": { "type": "MultiLineString", "coordinates": [ [ [ 7481591.376968502998352, 340003.241797894239426 ], [ 7481317.128280833363533, 340111.648622050881386 ] ] ] } },
{ "type": "Feature", "properties": { "FULLNAME": "NW MONROE AVE", "BIKE_FAC": "Bike Lane" }, "geometry": { "type": "MultiLineString", "coordinates": [ [ [ 7481317.128280833363533, 340111.648622050881386 ], [ 7481181.608923882246017, 340166.251968502998352 ], [ 7481044.50492125749588, 340221.493766397237778 ] ] ] } },
{ "type": "Feature", "properties": { "FULLNAME": "NW MONROE AVE", "BIKE_FAC": "Bike Lane" }, "geometry": { "type": "MultiLineString", "coordinates": [ [ [ 7481044.50492125749588, 340221.493766397237778 ], [ 7480764.005905508995056, 340328.244094491004944 ] ] ] } },
{ "type": "Feature", "properties": { "FULLNAME": "NW MONROE AVE", "BIKE_FAC": "Bike Lane" }, "geometry": { "type": "MultiLineString", "coordinates": [ [ [ 7480764.005905508995056, 340328.244094491004944 ], [ 7480499.882545933127403, 340425.588582679629326 ] ] ] } },
{ "type": "Feature", "properties": { "FULLNAME": "NW MONROE AVE", "BIKE_FAC": "Bike Lane" }, "geometry": { "type": "MultiLineString", "coordinates": [ [ [ 7480499.882545933127403, 340425.588582679629326 ], [ 7480258.258530184626579, 340519.527230978012085 ] ] ] } },
{ "type": "Feature", "properties": { "FULLNAME": "NW MONROE AVE", "BIKE_FAC": "Bike Lane" }, "geometry": { "type": "MultiLineString", "coordinates": [ [ [ 7480258.258530184626579, 340519.527230978012085 ], [ 7480020.38484251499176, 340613.215223103761673 ] ] ] } },
{ "type": "Feature", "properties": { "FULLNAME": "NW MONROE AVE", "BIKE_FAC": "Bike Lane" }, "geometry": { "type": "MultiLineString", "coordinates": [ [ [ 7480020.38484251499176, 340613.215223103761673 ], [ 7479774.135826766490936, 340710.966207355260849 ] ] ] } },
{ "type": "Feature", "properties": { "FULLNAME": "NW MONROE AVE", "BIKE_FAC": "Bike Lane" }, "geometry": { "type": "MultiLineString", "coordinates": [ [ [ 7479774.135826766490936, 340710.966207355260849 ], [ 7479531.512467190623283, 340802.341863512992859 ] ] ] } },
{ "type": "Feature", "properties": { "FULLNAME": "NW MONROE AVE", "BIKE_FAC": "Bike Lane" }, "geometry": { "type": "MultiLineString", "coordinates": [ [ [ 7479531.512467190623283, 340802.341863512992859 ], [ 7479290.763451442122459, 340896.186351701617241 ] ] ] } },
{ "type": "Feature", "properties": { "FULLNAME": "NW MONROE AVE", "BIKE_FAC": "Bike Lane" }, "geometry": { "type": "MultiLineString", "coordinates": [ [ [ 7479290.763451442122459, 340896.186351701617241 ], [ 7479039.38976377248764, 340993.031167984008789 ] ] ] } },
{ "type": "Feature", "properties": { "FULLNAME": "NW MONROE AVE", "BIKE_FAC": "Bike Lane" }, "geometry": { "type": "MultiLineString", "coordinates": [ [ [ 7479039.38976377248764, 340993.031167984008789 ], [ 7478855.380905508995056, 341060.623359575867653 ], [ 7478707.516732290387154, 341114.938320204615593 ] ] ] } },
{ "type": "Feature", "properties": { "FULLNAME": "NW MONROE AVE", "BIKE_FAC": "Bike Lane" }, "geometry": { "type": "MultiLineString", "coordinates": [ [ [ 7478707.516732290387154, 341114.938320204615593 ], [ 7478381.518044620752335, 341232.595144361257553 ] ] ] } },
{ "type": "Feature", "properties": { "FULLNAME": "NW MONROE AVE", "BIKE_FAC": "Bike Lane" }, "geometry": { "type": "MultiLineString", "coordinates": [ [ [ 7478381.518044620752335, 341232.595144361257553 ], [ 7478323.518044620752335, 341249.345472440123558 ] ] ] } },
{ "type": "Feature", "properties": { "FULLNAME": "NW MONROE AVE", "BIKE_FAC": "Bike Lane" }, "geometry": { "type": "MultiLineString", "coordinates": [ [ [ 7478051.019356951117516, 341342.658792644739151 ], [ 7478023.043635174632072, 341351.478674545884132 ], [ 7477921.682742789387703, 341383.434055119752884 ], [ 7477765.145669296383858, 341432.784776896238327 ] ] ] } },
{ "type": "Feature", "properties": { "FULLNAME": "NW MONROE AVE", "BIKE_FAC": "Bike Lane" }, "geometry": { "type": "MultiLineString", "coordinates": [ [ [ 7478323.518044620752335, 341249.345472440123558 ], [ 7478051.019356951117516, 341342.658792644739151 ] ] ] } },
{ "type": "Feature", "properties": { "FULLNAME": "SW AVERY PARK DR", "BIKE_FAC": "Bike Lane" }, "geometry": { "type": "MultiLineString", "coordinates": [ [ [ 7480242.340879261493683, 335105.49081364274025 ], [ 7480240.340551182627678, 335091.209645673632622 ] ] ] } },
{ "type": "Feature", "properties": { "FULLNAME": "NW 4TH ST / HWY 99W", "BIKE_FAC": "Bike Lane" }, "geometry": { "type": "MultiLineString", "coordinates": [ [ [ 7483399.890091866254807, 342123.583005249500275 ], [ 7483426.015419945120811, 342187.863845139741898 ], [ 7483440.390748038887978, 342223.176509186625481 ], [ 7483458.641076117753983, 342267.739173233509064 ], [ 7483473.766404196619987, 342305.238845139741898 ], [ 7483499.016732290387154, 342367.801181107759476 ], [ 7483515.392060369253159, 342408.957349076867104 ], [ 7483532.267060369253159, 342450.238845139741898 ], [ 7483560.143044620752335, 342518.863845139741898 ], [ 7483582.768044620752335, 342574.863517060875893 ], [ 7483607.893700793385506, 342635.113845139741898 ], [ 7483624.894028872251511, 342675.95767717063427 ], [ 7483636.337926506996155, 342704.74507874250412 ] ] ] } },
{ "type": "Feature", "properties": { "FULLNAME": "SW BROOKLANE DR", "BIKE_FAC": "Bike Lane" }, "geometry": { "type": "MultiLineString", "coordinates": [ [ [ 7474477.655511811375618, 330252.367454066872597 ], [ 7474468.314304456114769, 330252.626640424132347 ], [ 7474445.689304456114769, 330252.470800518989563 ], [ 7474423.189632549881935, 330251.501968502998352 ], [ 7474403.186023622751236, 330249.375 ], [ 7474386.921916007995605, 330246.756233602762222 ], [ 7474372.863188982009888, 330243.724081367254257 ], [ 7474357.733267709612846, 330240.255577430129051 ], [ 7474340.563320204615593, 330235.150590553879738 ], [ 7474322.864173233509064, 330229.531824141740799 ], [ 7474304.603018373250961, 330222.648950129747391 ], [ 7474271.592847764492035, 330207.197178483009338 ], [ 7474251.084317579865456, 330196.100393697619438 ], [ 7474234.50918635725975, 330186.688976377248764 ], [ 7474220.328740164637566, 330178.441601052880287 ], [ 7474208.462270334362984, 330170.928805768489838 ] ] ] } },
{ "type": "Feature", "properties": { "FULLNAME": "NW HARRISON BLVD", "BIKE_FAC": "Bike Lane" }, "geometry": { "type": "MultiLineString", "coordinates": [ [ [ 7473746.49015748500824, 342577.734908133745193 ], [ 7473707.611548557877541, 342578.741469815373421 ], [ 7473657.520997375249863, 342579.712270334362984 ], [ 7473614.419619426131248, 342580.488845139741898 ], [ 7473557.187664046883583, 342581.709973752498627 ], [ 7473502.720144361257553, 342582.710958003997803 ], [ 7473453.71751968562603, 342583.220144361257553 ], [ 7473405.429133862257004, 342584.452427819371223 ], [ 7473348.176837265491486, 342585.913713917136192 ], [ 7473297.566272959113121, 342586.436679795384407 ], [ 7473250.712926506996155, 342587.68077427148819 ], [ 7473203.942585304379463, 342588.924540683627129 ], [ 7473155.109580054879189, 342589.992454066872597 ], [ 7473108.0501968562603, 342591.293307080864906 ], [ 7473056.369750648736954, 342592.872047245502472 ], [ 7473012.000328078866005, 342594.066272959113121 ], [ 7472960.912729665637016, 342595.373359575867653 ], [ 7472869.127624675631523, 342598.433398947119713 ] ] ] } },
{ "type": "Feature", "properties": { "FULLNAME": "NW WALNUT BLVD", "BIKE_FAC": "Bike Lane" }, "geometry": { "type": "MultiLineString", "coordinates": [ [ [ 7470854.601377949118614, 348768.017060369253159 ], [ 7470844.965879261493683, 348678.693897634744644 ], [ 7470835.894685044884682, 348589.501312330365181 ] ] ] } },
{ "type": "Feature", "properties": { "FULLNAME": "NE CONIFER BLVD", "BIKE_FAC": "Bike Lane" }, "geometry": { "type": "MultiLineString", "coordinates": [ [ [ 7490189.309383198618889, 351531.124015748500824 ], [ 7490196.848753273487091, 351523.660761147737503 ], [ 7490211.723753273487091, 351510.004593178629875 ], [ 7490224.473753273487091, 351498.660761147737503 ], [ 7490240.598425194621086, 351485.222769021987915 ], [ 7490257.223753273487091, 351472.410433068871498 ], [ 7490274.348753273487091, 351460.222769021987915 ], [ 7490291.973753273487091, 351448.691601052880287 ], [ 7490309.973753273487091, 351437.816601052880287 ], [ 7490328.348753273487091, 351427.628937005996704 ], [ 7490347.098753273487091, 351418.160104990005493 ], [ 7490360.473753273487091, 351412.034776896238327 ], [ 7490379.348753273487091, 351404.159776896238327 ], [ 7490398.473425194621086, 351397.003608927130699 ], [ 7490411.919619426131248, 351392.138779520988464 ] ] ] } },
{ "type": "Feature", "properties": { "FULLNAME": "SW BROOKLANE DR", "BIKE_FAC": "Bike Lane" }, "geometry": { "type": "MultiLineString", "coordinates": [ [ [ 7476456.641732290387154, 331840.434711292386055 ], [ 7476450.99015748500824, 331828.401246726512909 ], [ 7476426.072178483009338, 331778.904527559876442 ], [ 7476403.446850389242172, 331730.060695543885231 ], [ 7476383.446522310376167, 331687.654199481010437 ], [ 7476360.280839890241623, 331640.013451442122459 ], [ 7476335.196194231510162, 331585.060695543885231 ], [ 7476332.571194231510162, 331579.466535434126854 ], [ 7476324.195866137742996, 331563.310367450118065 ], [ 7476315.196194231510162, 331547.498031497001648 ], [ 7476306.070866137742996, 331533.185367450118065 ], [ 7476296.320538058876991, 331519.310695543885231 ], [ 7476285.945538058876991, 331505.904527559876442 ], [ 7476274.945538058876991, 331492.998031497001648 ], [ 7476248.070209980010986, 331468.279527559876442 ], [ 7476209.945209980010986, 331435.311023622751236 ], [ 7476174.194553807377815, 331401.748359575867653 ], [ 7476115.44488188624382, 331351.185695543885231 ], [ 7476084.31922572851181, 331323.373359575867653 ], [ 7476055.94422572851181, 331297.154855638742447 ], [ 7476034.56922572851181, 331276.936023622751236 ], [ 7476011.44422572851181, 331253.373687669634819 ], [ 7475991.44422572851181, 331231.09251968562603 ], [ 7475987.318897634744644, 331226.248687669634819 ] ] ] } },
{ "type": "Feature", "properties": { "FULLNAME": "NW 29TH ST", "BIKE_FAC": "Bike Lane" }, "geometry": { "type": "MultiLineString", "coordinates": [ [ [ 7476049.679461941123009, 352321.870406821370125 ], [ 7476047.36023622751236, 352348.205052495002747 ], [ 7476042.985564306378365, 352402.611548557877541 ], [ 7476041.235564306378365, 352427.486548557877541 ], [ 7476038.486220479011536, 352453.611548557877541 ], [ 7476035.11089238524437, 352479.611876636743546 ], [ 7476030.861548557877541, 352505.486876636743546 ], [ 7476025.986548557877541, 352531.236876636743546 ], [ 7476020.111876636743546, 352556.830708667635918 ], [ 7476013.612204730510712, 352582.236548557877541 ], [ 7476010.236876636743546, 352594.330380573868752 ], [ 7476003.112532809376717, 352617.705380573868752 ], [ 7475995.237532809376717, 352640.861548557877541 ], [ 7475986.612860888242722, 352663.736876636743546 ], [ 7475977.363188982009888, 352686.330708667635918 ], [ 7475967.238188982009888, 352708.611876636743546 ], [ 7475956.488188982009888, 352730.549540683627129 ], [ 7475945.613517060875893, 352752.14337269961834 ], [ 7475934.363845139741898, 352772.924868762493134 ], [ 7475922.364173233509064, 352793.268700793385506 ], [ 7475909.739173233509064, 352813.237204730510712 ], [ 7475896.364173233509064, 352832.76837269961834 ], [ 7475882.489501312375069, 352851.831364825367928 ], [ 7475846.99015748500824, 352906.049868762493134 ], [ 7475817.99015748500824, 352946.643700793385506 ], [ 7475812.115485563874245, 352955.049868762493134 ], [ 7475788.865485563874245, 352989.112532809376717 ], [ 7475766.36581364274025, 353023.612860888242722 ], [ 7475754.491141736507416, 353041.956692919135094 ], [ 7475742.491141736507416, 353062.112532809376717 ], [ 7475730.991797894239426, 353082.675524935126305 ], [ 7475720.366797894239426, 353103.581692919135094 ], [ 7475715.241469815373421, 353114.362532809376717 ], [ 7475703.366797894239426, 353140.706692919135094 ], [ 7475692.242125988006592, 353167.362860888242722 ], [ 7475681.867454066872597, 353194.332020998001099 ], [ 7475673.742454066872597, 353213.269356951117516 ] ] ] } },
{ "type": "Feature", "properties": { "FULLNAME": "NW 29TH ST", "BIKE_FAC": "Bike Lane" }, "geometry": { "type": "MultiLineString", "coordinates": [ [ [ 7476074.478674545884132, 351562.641732290387154 ], [ 7476071.354002624750137, 351573.11089238524437 ], [ 7476064.104002624750137, 351600.517060369253159 ], [ 7476057.479330703616142, 351628.142060369253159 ], [ 7476051.604658797383308, 351655.923228353261948 ], [ 7476046.604986876249313, 351683.86089238524437 ], [ 7476044.479986876249313, 351695.517060369253159 ], [ 7476041.229986876249313, 351715.985564306378365 ], [ 7476038.855314955115318, 351736.579396322369576 ], [ 7476037.355643048882484, 351757.267388448119164 ], [ 7476036.480643048882484, 351777.98589238524437 ], [ 7476036.480643048882484, 351798.704724416136742 ], [ 7476037.231299206614494, 351819.423556432127953 ], [ 7476038.856299206614494, 351840.11089238524437 ], [ 7476041.105971127748489, 351860.704724416136742 ], [ 7476044.231299206614494, 351881.204396322369576 ], [ 7476048.98162730038166, 351905.11089238524437 ], [ 7476054.10662730038166, 351934.705052495002747 ], [ 7476058.48228345811367, 351964.454724416136742 ], [ 7476062.10728345811367, 351994.298884510993958 ], [ 7476063.357611551880836, 352007.767388448119164 ] ] ] } },
{ "type": "Feature", "properties": { "FULLNAME": "NW 29TH ST", "BIKE_FAC": "Bike Lane" }, "geometry": { "type": "MultiLineString", "coordinates": [ [ [ 7476063.357611551880836, 352007.767388448119164 ], [ 7476064.982611551880836, 352024.23589238524437 ], [ 7476065.982611551880836, 352047.954724416136742 ], [ 7476066.357939630746841, 352075.142388448119164 ], [ 7476065.982939630746841, 352102.298556432127953 ], [ 7476064.858267709612846, 352129.423884510993958 ], [ 7476062.858267709612846, 352156.517388448119164 ], [ 7476060.108923882246017, 352183.548556432127953 ], [ 7476054.234251961112022, 352262.080052495002747 ], [ 7476049.679461941123009, 352321.870406821370125 ] ] ] } },
{ "type": "Feature", "properties": { "FULLNAME": "SW COUNTRY CLUB DR", "BIKE_FAC": "Bike Lane" }, "geometry": { "type": "MultiLineString", "coordinates": [ [ [ 7469606.62007874250412, 333230.15748031437397 ], [ 7469832.774606302380562, 333226.81988188624382 ] ] ] } },
{ "type": "Feature", "properties": { "FULLNAME": "NE WALNUT BLVD", "BIKE_FAC": "Bike Lane" }, "geometry": { "type": "MultiLineString", "coordinates": [ [ [ 7486673.576771646738052, 349945.016732290387154 ], [ 7486678.826443567872047, 349943.860564306378365 ], [ 7486695.326771646738052, 349940.610564306378365 ], [ 7486711.827099740505219, 349937.079068243503571 ], [ 7486728.201771646738052, 349933.266732290387154 ], [ 7486744.451771646738052, 349929.141732290387154 ], [ 7486760.702099740505219, 349924.766732290387154 ], [ 7486776.827099740505219, 349920.078740164637566 ], [ 7486792.952099740505219, 349915.11023622751236 ], [ 7486808.951771646738052, 349909.891404196619987 ], [ 7486824.827099740505219, 349904.359908133745193 ], [ 7486840.577099740505219, 349898.578740164637566 ], [ 7486856.326771646738052, 349892.516076117753983 ], [ 7486871.827099740505219, 349886.171916007995605 ], [ 7486887.326771646738052, 349879.578412070870399 ], [ 7486902.701771646738052, 349872.703412070870399 ], [ 7486917.952099740505219, 349865.547244101762772 ], [ 7486932.951443567872047, 349858.140419945120811 ], [ 7486947.951771646738052, 349850.453412070870399 ], [ 7486962.826771646738052, 349842.547244101762772 ], [ 7486977.451771646738052, 349834.328083992004395 ], [ 7486999.349737539887428, 349821.464238852262497 ], [ 7487021.48523622751236, 349806.099737539887428 ], [ 7487053.733595803380013, 349783.052821516990662 ], [ 7487079.905183732509613, 349761.850393697619438 ], [ 7487577.127624675631523, 349384.5501968562603 ], [ 7487623.199475064873695, 349349.645669296383858 ], [ 7487652.821850389242172, 349327.249671921133995 ], [ 7487675.217847764492035, 349310.062335953116417 ], [ 7487687.891404196619987, 349299.775918632745743 ], [ 7487696.919291332364082, 349291.963582679629326 ], [ 7487705.208989500999451, 349284.281167984008789 ], [ 7487712.761154860258102, 349276.294947504997253 ], [ 7487721.094488188624382, 349266.746391072869301 ], [ 7487728.993766397237778, 349257.371391072869301 ], [ 7487736.806430444121361, 349246.260170608758926 ], [ 7487742.708989500999451, 349237.145669296383858 ], [ 7487747.962926506996155, 349228.109251961112022 ] ] ] } },
{ "type": "Feature", "properties": { "FULLNAME": "SW TECHNOLOGY LOOP", "BIKE_FAC": "Buffered Bike Lane" }, "geometry": { "type": "MultiLineString", "coordinates": [ [ [ 7470148.106955379247665, 334568.924540683627129 ], [ 7470124.35728345811367, 334569.76837269961834 ], [ 7470068.98228345811367, 334570.986876636743546 ], [ 7469994.35728345811367, 334573.080708667635918 ], [ 7469924.357611551880836, 334575.112532809376717 ], [ 7469862.607611551880836, 334576.706364825367928 ], [ 7469795.107939630746841, 334578.925524935126305 ], [ 7469722.982939630746841, 334581.175524935126305 ], [ 7469663.357939630746841, 334583.144356951117516 ] ] ] } },
{ "type": "Feature", "properties": { "FULLNAME": "SW TECHNOLOGY LOOP", "BIKE_FAC": "Buffered Bike Lane" }, "geometry": { "type": "MultiLineString", "coordinates": [ [ [ 7469663.357939630746841, 334583.144356951117516 ], [ 7469634.608267709612846, 334584.081692919135094 ], [ 7469546.858595803380013, 334586.676181107759476 ], [ 7469461.483595803380013, 334588.988845139741898 ], [ 7469371.983923882246017, 334591.95767717063427 ], [ 7469301.233923882246017, 334594.020341202616692 ], [ 7469221.109251961112022, 334596.801837265491486 ], [ 7469181.109251961112022, 334597.427165359258652 ] ] ] } },
{ "type": "Feature", "properties": { "FULLNAME": "NE CIRCLE BLVD", "BIKE_FAC": "Buffered Bike Lane" }, "geometry": { "type": "MultiLineString", "coordinates": [ [ [ 7486979.690616801381111, 348399.076771646738052 ], [ 7487307.728674545884132, 348389.769356951117516 ] ] ] } },
{ "type": "Feature", "properties": { "FULLNAME": "NE CIRCLE BLVD", "BIKE_FAC": "Buffered Bike Lane" }, "geometry": { "type": "MultiLineString", "coordinates": [ [ [ 7487307.728674545884132, 348389.769356951117516 ], [ 7487360.639435693621635, 348389.367782145738602 ], [ 7487436.953740164637566, 348388.570209980010986 ], [ 7487495.590879261493683, 348388.309711292386055 ], [ 7487540.916010499000549, 348387.53740157186985 ], [ 7487598.327099740505219, 348386.621391072869301 ], [ 7487646.477690294384956, 348385.399934381246567 ], [ 7487693.353018373250961, 348384.71259842813015 ], [ 7487747.651902884244919, 348383.261811017990112 ], [ 7487798.062992125749588, 348380.997375324368477 ], [ 7487842.683070868253708, 348380.131889760494232 ], [ 7487886.695538058876991, 348378.986876636743546 ], [ 7487932.693241477012634, 348378.070866137742996 ], [ 7487983.366797894239426, 348376.592847764492035 ], [ 7488034.241797894239426, 348375.155183732509613 ], [ 7488084.617125988006592, 348373.654855638742447 ], [ 7488135.117125988006592, 348371.904855638742447 ], [ 7488182.677165359258652, 348370.427493438124657 ], [ 7488232.078083992004395, 348368.848425194621086 ], [ 7488278.457349076867104, 348367.550524935126305 ], [ 7488337.302493438124657, 348366.08333332836628 ], [ 7488381.789698168635368, 348364.954724416136742 ], [ 7488431.871719166636467, 348363.809711292386055 ], [ 7488478.823490813374519, 348362.89337269961834 ], [ 7488531.882874011993408, 348361.8248031437397 ], [ 7488568.676181107759476, 348360.617454066872597 ], [ 7488575.926181107759476, 348360.39829395711422 ], [ 7488607.926181107759476, 348359.52329395711422 ], [ 7488651.801509186625481, 348358.335301831364632 ], [ 7488690.256233602762222, 348356.599409446120262 ], [ 7488739.272965878248215, 348355.488188982009888 ], [ 7488778.624343827366829, 348354.168635174632072 ], [ 7488826.367454066872597, 348351.955380573868752 ], [ 7488869.466535434126854, 348350.826771646738052 ] ] ] } },
{ "type": "Feature", "properties": { "FULLNAME": "NE CIRCLE BLVD", "BIKE_FAC": "Buffered Bike Lane" }, "geometry": { "type": "MultiLineString", "coordinates": [ [ [ 7484986.812007874250412, 348417.115485563874245 ], [ 7485023.686679795384407, 348417.36515748500824 ], [ 7485084.311679795384407, 348416.083989500999451 ], [ 7485190.186679795384407, 348413.61515748500824 ], [ 7485290.061351701617241, 348412.645669296383858 ], [ 7485377.561351701617241, 348411.552165359258652 ] ] ] } },
{ "type": "Feature", "properties": { "FULLNAME": "SW MONROE AVE", "BIKE_FAC": "Bike Lane" }, "geometry": { "type": "MultiLineString", "coordinates": [ [ [ 7482139.624015748500824, 339788.864829391241074 ], [ 7481883.54232282936573, 339889.869094491004944 ], [ 7481864.934711292386055, 339897.20833332836628 ] ] ] } },
{ "type": "Feature", "properties": { "FULLNAME": "SW MONROE AVE", "BIKE_FAC": "Bike Lane" }, "geometry": { "type": "MultiLineString", "coordinates": [ [ [ 7481864.934711292386055, 339897.20833332836628 ], [ 7481846.284448817372322, 339904.437335953116417 ], [ 7481591.376968502998352, 340003.241797894239426 ] ] ] } },
{ "type": "Feature", "properties": { "FULLNAME": "SW MONROE AVE", "BIKE_FAC": "Bike Lane" }, "geometry": { "type": "MultiLineString", "coordinates": [ [ [ 7481591.376968502998352, 340003.241797894239426 ], [ 7481317.128280833363533, 340111.648622050881386 ] ] ] } },
{ "type": "Feature", "properties": { "FULLNAME": "SW MONROE AVE", "BIKE_FAC": "Bike Lane" }, "geometry": { "type": "MultiLineString", "coordinates": [ [ [ 7481317.128280833363533, 340111.648622050881386 ], [ 7481179.672572180628777, 340167.032152235507965 ], [ 7481044.50492125749588, 340221.493766397237778 ] ] ] } },
{ "type": "Feature", "properties": { "FULLNAME": "SW MONROE AVE", "BIKE_FAC": "Bike Lane" }, "geometry": { "type": "MultiLineString", "coordinates": [ [ [ 7481044.50492125749588, 340221.493766397237778 ], [ 7480764.005905508995056, 340328.244094491004944 ] ] ] } },
{ "type": "Feature", "properties": { "FULLNAME": "SW MONROE AVE", "BIKE_FAC": "Bike Lane" }, "geometry": { "type": "MultiLineString", "coordinates": [ [ [ 7480764.005905508995056, 340328.244094491004944 ], [ 7480499.882545933127403, 340425.588582679629326 ] ] ] } },
{ "type": "Feature", "properties": { "FULLNAME": "SW MONROE AVE", "BIKE_FAC": "Bike Lane" }, "geometry": { "type": "MultiLineString", "coordinates": [ [ [ 7480499.882545933127403, 340425.588582679629326 ], [ 7480258.258530184626579, 340519.527230978012085 ] ] ] } },
{ "type": "Feature", "properties": { "FULLNAME": "SW MONROE AVE", "BIKE_FAC": "Bike Lane" }, "geometry": { "type": "MultiLineString", "coordinates": [ [ [ 7480258.258530184626579, 340519.527230978012085 ], [ 7480020.38484251499176, 340613.215223103761673 ] ] ] } },
{ "type": "Feature", "properties": { "FULLNAME": "SW MONROE AVE", "BIKE_FAC": "Bike Lane" }, "geometry": { "type": "MultiLineString", "coordinates": [ [ [ 7479531.512467190623283, 340802.341863512992859 ], [ 7479290.763451442122459, 340896.186351701617241 ] ] ] } },
{ "type": "Feature", "properties": { "FULLNAME": "SW MONROE AVE", "BIKE_FAC": "Bike Lane" }, "geometry": { "type": "MultiLineString", "coordinates": [ [ [ 7479290.763451442122459, 340896.186351701617241 ], [ 7479039.38976377248764, 340993.031167984008789 ] ] ] } },
{ "type": "Feature", "properties": { "FULLNAME": "SW MONROE AVE", "BIKE_FAC": "Bike Lane" }, "geometry": { "type": "MultiLineString", "coordinates": [ [ [ 7479039.38976377248764, 340993.031167984008789 ], [ 7478855.380905508995056, 341060.623359575867653 ], [ 7478707.516732290387154, 341114.938320204615593 ] ] ] } },
{ "type": "Feature", "properties": { "FULLNAME": "SW MONROE AVE", "BIKE_FAC": "Bike Lane" }, "geometry": { "type": "MultiLineString", "coordinates": [ [ [ 7478707.516732290387154, 341114.938320204615593 ], [ 7478381.518044620752335, 341232.595144361257553 ] ] ] } },
{ "type": "Feature", "properties": { "FULLNAME": "SW MONROE AVE", "BIKE_FAC": "Bike Lane" }, "geometry": { "type": "MultiLineString", "coordinates": [ [ [ 7478381.518044620752335, 341232.595144361257553 ], [ 7478323.518044620752335, 341249.345472440123558 ] ] ] } },
{ "type": "Feature", "properties": { "FULLNAME": "SW MONROE AVE", "BIKE_FAC": "Bike Lane" }, "geometry": { "type": "MultiLineString", "coordinates": [ [ [ 7478051.019356951117516, 341342.658792644739151 ], [ 7478023.043635174632072, 341351.478674545884132 ], [ 7477921.682742789387703, 341383.434055119752884 ], [ 7477765.145669296383858, 341432.784776896238327 ] ] ] } },
{ "type": "Feature", "properties": { "FULLNAME": "SW MONROE AVE", "BIKE_FAC": "Bike Lane" }, "geometry": { "type": "MultiLineString", "coordinates": [ [ [ 7478323.518044620752335, 341249.345472440123558 ], [ 7478051.019356951117516, 341342.658792644739151 ] ] ] } },
{ "type": "Feature", "properties": { "FULLNAME": "SW 3RD ST/HWY 99W", "BIKE_FAC": "Bike Lane" }, "geometry": { "type": "MultiLineString", "coordinates": [ [ [ 7481370.084317579865456, 334613.486876636743546 ], [ 7481365.834317579865456, 334577.924540683627129 ], [ 7481362.083989500999451, 334537.612204730510712 ], [ 7481356.208661422133446, 334487.236876636743546 ], [ 7481352.20833332836628, 334449.361876636743546 ], [ 7481345.708005249500275, 334392.455380573868752 ], [ 7481340.833005249500275, 334353.361876636743546 ], [ 7481336.582349076867104, 334316.111548557877541 ] ] ] } },
{ "type": "Feature", "properties": { "FULLNAME": "SW 3RD ST/HWY 99W", "BIKE_FAC": "Bike Lane" }, "geometry": { "type": "MultiLineString", "coordinates": [ [ [ 7481336.582349076867104, 334316.111548557877541 ], [ 7481331.206692919135094, 334268.924212604761124 ], [ 7481324.956692919135094, 334212.799212604761124 ], [ 7481319.581036746501923, 334164.549540683627129 ], [ 7481313.081036746501923, 334105.549212604761124 ], [ 7481307.080380573868752, 334054.518044620752335 ] ] ] } },
{ "type": "Feature", "properties": { "FULLNAME": "SW 3RD ST/HWY 99W", "BIKE_FAC": "Bike Lane" }, "geometry": { "type": "MultiLineString", "coordinates": [ [ [ 7481307.080380573868752, 334054.518044620752335 ], [ 7481304.955052495002747, 334035.924212604761124 ], [ 7481299.954724416136742, 333987.924212604761124 ], [ 7481286.079068243503571, 333868.798884510993958 ], [ 7481277.078083992004395, 333790.64271654188633 ], [ 7481267.578083992004395, 333710.298884510993958 ], [ 7481261.827099740505219, 333659.611220479011536 ], [ 7481256.326771646738052, 333612.080052495002747 ], [ 7481255.576771646738052, 333604.611548557877541 ] ] ] } },
{ "type": "Feature", "properties": { "FULLNAME": "SW 3RD ST/HWY 99W", "BIKE_FAC": "Bike Lane" }, "geometry": { "type": "MultiLineString", "coordinates": [ [ [ 7481255.576771646738052, 333604.611548557877541 ], [ 7481250.201771646738052, 333554.830052495002747 ], [ 7481244.826115489006042, 333505.486220479011536 ], [ 7481238.201115489006042, 333452.548884510993958 ], [ 7481233.700459316372871, 333411.705380573868752 ], [ 7481228.825131237506866, 333367.580052495002747 ], [ 7481223.3248031437397, 333323.329724416136742 ] ] ] } },
{ "type": "Feature", "properties": { "FULLNAME": "SW 3RD ST/HWY 99W", "BIKE_FAC": "Bike Lane" }, "geometry": { "type": "MultiLineString", "coordinates": [ [ [ 7481223.3248031437397, 333323.329724416136742 ], [ 7481221.4498031437397, 333302.455052495002747 ], [ 7481216.19914698600769, 333254.11089238524437 ], [ 7481209.448490813374519, 333195.923884510993958 ], [ 7481203.073162734508514, 333140.892388448119164 ], [ 7481197.197834640741348, 333087.829724416136742 ], [ 7481191.447506561875343, 333035.236220479011536 ], [ 7481184.447178483009338, 332976.454396322369576 ], [ 7481181.196850389242172, 332948.110564306378365 ] ] ] } },
{ "type": "Feature", "properties": { "FULLNAME": "SW 3RD ST/HWY 99W", "BIKE_FAC": "Bike Lane" }, "geometry": { "type": "MultiLineString", "coordinates": [ [ [ 7481181.196850389242172, 332948.110564306378365 ], [ 7481176.821522310376167, 332909.517060369253159 ], [ 7481168.446194231510162, 332835.579724416136742 ], [ 7481162.945538058876991, 332784.98589238524437 ], [ 7481158.695538058876991, 332740.985564306378365 ], [ 7481152.94488188624382, 332695.392060369253159 ], [ 7481149.06922572851181, 332658.142060369253159 ], [ 7481147.069553807377815, 332638.704396322369576 ] ] ] } },
{ "type": "Feature", "properties": { "FULLNAME": "SW 3RD ST/HWY 99W", "BIKE_FAC": "Bike Lane" }, "geometry": { "type": "MultiLineString", "coordinates": [ [ [ 7481147.069553807377815, 332638.704396322369576 ], [ 7481144.318897634744644, 332613.579724416136742 ], [ 7481140.56922572851181, 332576.142060369253159 ], [ 7481136.193569555878639, 332527.642060369253159 ], [ 7481129.442913383245468, 332462.517060369253159 ], [ 7481124.317913383245468, 332415.422900259494781 ], [ 7481118.817585304379463, 332363.173228353261948 ], [ 7481113.942257210612297, 332312.172900259494781 ], [ 7481108.691601052880287, 332269.797572180628777 ], [ 7481102.941272959113121, 332215.985564306378365 ], [ 7481096.690944880247116, 332160.422572180628777 ], [ 7481091.690616801381111, 332111.672572180628777 ], [ 7481087.31496062874794, 332074.266404196619987 ] ] ] } },
{ "type": "Feature", "properties": { "FULLNAME": "SW 3RD ST/HWY 99W", "BIKE_FAC": "Bike Lane" }, "geometry": { "type": "MultiLineString", "coordinates": [ [ [ 7481087.31496062874794, 332074.266404196619987 ], [ 7481086.68996062874794, 332067.797900259494781 ], [ 7481081.814632549881935, 332025.204068243503571 ], [ 7481078.939632549881935, 331993.735564306378365 ] ] ] } },
{ "type": "Feature", "properties": { "FULLNAME": "SW 3RD ST/HWY 99W", "BIKE_FAC": "Bike Lane" }, "geometry": { "type": "MultiLineString", "coordinates": [ [ [ 7481078.939632549881935, 331993.735564306378365 ], [ 7481077.439632549881935, 331977.578740164637566 ], [ 7481071.939304456114769, 331923.23523622751236 ], [ 7481065.438320204615593, 331866.11023622751236 ], [ 7481058.313320204615593, 331802.609908133745193 ], [ 7481051.312664046883583, 331736.953740164637566 ], [ 7481045.437007874250412, 331678.984908133745193 ], [ 7481038.936679795384407, 331625.672572180628777 ] ] ] } },
{ "type": "Feature", "properties": { "FULLNAME": "SW 3RD ST/HWY 99W", "BIKE_FAC": "Bike Lane" }, "geometry": { "type": "MultiLineString", "coordinates": [ [ [ 7481038.936679795384407, 331625.672572180628777 ], [ 7481036.936679795384407, 331608.797572180628777 ], [ 7481032.436351701617241, 331560.422244101762772 ], [ 7481030.061023622751236, 331535.859908133745193 ], [ 7481023.685695543885231, 331475.36023622751236 ], [ 7481023.185367450118065, 331469.954068243503571 ], [ 7481021.060367450118065, 331448.297244101762772 ], [ 7481017.309711292386055, 331408.141076117753983 ], [ 7481011.684383198618889, 331347.016076117753983 ], [ 7481001.558727040886879, 331259.141076117753983 ], [ 7480993.183398947119713, 331179.422244101762772 ], [ 7480991.808070868253708, 331167.578412070870399 ] ] ] } },
{ "type": "Feature", "properties": { "FULLNAME": "SW 3RD ST/HWY 99W", "BIKE_FAC": "Bike Lane" }, "geometry": { "type": "MultiLineString", "coordinates": [ [ [ 7480991.374343827366829, 331167.578412070870399 ], [ 7480991.374015748500824, 331167.5748031437397 ], [ 7480984.124015748500824, 331101.421916007995605 ], [ 7480974.873359575867653, 331014.672244101762772 ], [ 7480968.123031497001648, 330951.641076117753983 ], [ 7480966.497375324368477, 330936.797244101762772 ], [ 7480962.622375324368477, 330902.609908133745193 ], [ 7480955.497047245502472, 330832.890748038887978 ], [ 7480946.179790019989014, 330745.359251961112022 ], [ 7480938.804461941123009, 330674.984251961112022 ], [ 7480931.803805768489838, 330609.671916007995605 ], [ 7480923.803149610757828, 330532.734251961112022 ], [ 7480915.302493438124657, 330457.859251961112022 ], [ 7480907.177165359258652, 330387.608923882246017 ], [ 7480898.426509186625481, 330309.077755898237228 ], [ 7480890.301181107759476, 330239.952755898237228 ], [ 7480889.80085301399231, 330235.858595803380013 ] ] ] } },
{ "type": "Feature", "properties": { "FULLNAME": "SW 3RD ST/HWY 99W", "BIKE_FAC": "Bike Lane" }, "geometry": { "type": "MultiLineString", "coordinates": [ [ [ 7480889.80085301399231, 330235.858595803380013 ], [ 7480883.300524935126305, 330181.452755898237228 ], [ 7480876.299868762493134, 330118.859251961112022 ], [ 7480871.299540683627129, 330073.796587929129601 ], [ 7480869.174868762493134, 330054.765419945120811 ] ] ] } },
{ "type": "Feature", "properties": { "FULLNAME": "SW 3RD ST/HWY 99W", "BIKE_FAC": "Bike Lane" }, "geometry": { "type": "MultiLineString", "coordinates": [ [ [ 7480869.174868762493134, 330054.765419945120811 ], [ 7480865.049212604761124, 330019.108595803380013 ], [ 7480857.423884510993958, 329956.327755898237228 ], [ 7480849.048228353261948, 329885.233923882246017 ], [ 7480841.422900259494781, 329817.077755898237228 ], [ 7480831.672572180628777, 329732.952427819371223 ], [ 7480824.296587929129601, 329667.827427819371223 ], [ 7480816.671259835362434, 329599.233267709612846 ], [ 7480810.045603677630424, 329541.545931756496429 ] ] ] } },
{ "type": "Feature", "properties": { "FULLNAME": "SW 3RD ST/HWY 99W", "BIKE_FAC": "Bike Lane" }, "geometry": { "type": "MultiLineString", "coordinates": [ [ [ 7480810.045603677630424, 329541.545931756496429 ], [ 7480801.419947504997253, 329466.858267709612846 ], [ 7480795.044947504997253, 329414.608267709612846 ], [ 7480794.294947504997253, 329407.827099740505219 ] ] ] } },
{ "type": "Feature", "properties": { "FULLNAME": "SW 3RD ST/HWY 99W", "BIKE_FAC": "Bike Lane" }, "geometry": { "type": "MultiLineString", "coordinates": [ [ [ 7480792.293963253498077, 329406.493438318371773 ], [ 7480786.418635174632072, 329353.493438318371773 ], [ 7480776.918307080864906, 329271.868110239505768 ], [ 7480769.04232282936573, 329201.93077427148819 ], [ 7480763.29232282936573, 329155.68077427148819 ], [ 7480754.916338577866554, 329081.43077427148819 ], [ 7480744.916010499000549, 328995.024278208613396 ], [ 7480734.915354326367378, 328906.618438318371773 ], [ 7480726.665026247501373, 328835.618110239505768 ], [ 7480717.414041996002197, 328757.336942255496979 ], [ 7480709.538385823369026, 328688.523950129747391 ], [ 7480701.163057744503021, 328616.118110239505768 ], [ 7480693.037729665637016, 328544.274278208613396 ], [ 7480684.66174541413784, 328472.180446192622185 ], [ 7480676.286417320370674, 328399.617782145738602 ], [ 7480667.410433068871498, 328321.80511811375618 ], [ 7480659.785433068871498, 328257.211286082863808 ], [ 7480652.034776896238327, 328192.273950129747391 ], [ 7480644.034120738506317, 328122.80511811375618 ], [ 7480636.908792644739151, 328060.367782145738602 ], [ 7480630.158464565873146, 328002.086286082863808 ], [ 7480622.407808393239975, 327938.554790019989014 ], [ 7480615.90748031437397, 327881.585958003997803 ], [ 7480611.40748031437397, 327825.763779520988464 ], [ 7480604.53248031437397, 327768.076115489006042 ], [ 7480597.406824141740799, 327705.607611551880836 ], [ 7480589.406496062874794, 327639.419619426131248 ], [ 7480582.156167984008789, 327576.638123363256454 ], [ 7480574.655183732509613, 327513.419619426131248 ], [ 7480572.655183732509613, 327496.763123363256454 ] ] ] } },
{ "type": "Feature", "properties": { "FULLNAME": "SW 3RD ST/HWY 99W", "BIKE_FAC": "Bike Lane" }, "geometry": { "type": "MultiLineString", "coordinates": [ [ [ 7481507.843832015991211, 335821.363188982009888 ], [ 7481482.46751968562603, 335621.1751968562603 ] ] ] } },
{ "type": "Feature", "properties": { "FULLNAME": "SW 3RD ST/HWY 99W", "BIKE_FAC": "Bike Lane" }, "geometry": { "type": "MultiLineString", "coordinates": [ [ [ 7480572.655183732509613, 327496.763123363256454 ], [ 7480566.154855638742447, 327441.856955379247665 ], [ 7480559.029199481010437, 327375.044291332364082 ], [ 7480551.778543308377266, 327314.076115489006042 ], [ 7480544.778543308377266, 327247.856955379247665 ], [ 7480537.40255905687809, 327185.013123363256454 ], [ 7480529.902230978012085, 327119.450459316372871 ], [ 7480521.401574805378914, 327048.075787395238876 ], [ 7480512.901246726512909, 326979.388123363256454 ], [ 7480506.775590553879738, 326927.388123363256454 ], [ 7480494.899606302380562, 326825.668963253498077 ], [ 7480484.274278208613396, 326733.10662730038166 ], [ 7480481.523950129747391, 326708.825459316372871 ] ] ] } },
{ "type": "Feature", "properties": { "FULLNAME": "SE 3RD ST/HWY 99W", "BIKE_FAC": "Bike Lane" }, "geometry": { "type": "MultiLineString", "coordinates": [ [ [ 7480481.523950129747391, 326708.825459316372871 ], [ 7480473.27329395711422, 326636.637467190623283 ], [ 7480461.772965878248215, 326536.293635174632072 ], [ 7480450.271653547883034, 326438.700459316372871 ], [ 7480439.895997375249863, 326344.262467190623283 ], [ 7480428.520341202616692, 326251.293635174632072 ], [ 7480420.144685044884682, 326174.231299206614494 ], [ 7480412.768700793385506, 326112.629593178629875 ] ] ] } },
{ "type": "Feature", "properties": { "FULLNAME": "SW 3RD ST/HWY 99W", "BIKE_FAC": "Bike Lane" }, "geometry": { "type": "MultiLineString", "coordinates": [ [ [ 7480481.523950129747391, 326708.825459316372871 ], [ 7480473.27329395711422, 326636.637467190623283 ], [ 7480461.772965878248215, 326536.293635174632072 ], [ 7480450.271653547883034, 326438.700459316372871 ], [ 7480439.895997375249863, 326344.262467190623283 ], [ 7480428.520341202616692, 326251.293635174632072 ], [ 7480420.144685044884682, 326174.231299206614494 ], [ 7480412.769356951117516, 326112.637467190623283 ] ] ] } },
{ "type": "Feature", "properties": { "FULLNAME": "SW 3RD ST/HWY 99W", "BIKE_FAC": "Bike Lane" }, "geometry": { "type": "MultiLineString", "coordinates": [ [ [ 7481482.46751968562603, 335621.1751968562603 ], [ 7481421.837926506996155, 335072.018700793385506 ] ] ] } },
{ "type": "Feature", "properties": { "FULLNAME": "SW 3RD ST/HWY 99W", "BIKE_FAC": "Bike Lane" }, "geometry": { "type": "MultiLineString", "coordinates": [ [ [ 7481421.837926506996155, 335072.018700793385506 ], [ 7481370.084317579865456, 334613.486876636743546 ] ] ] } },
{ "type": "Feature", "properties": { "FULLNAME": "SW BROOKLANE DR", "BIKE_FAC": "Bike Lane" }, "geometry": { "type": "MultiLineString", "coordinates": [ [ [ 7476778.476049870252609, 332623.334973752498627 ], [ 7476768.828083992004395, 332562.903871387243271 ], [ 7476763.952755898237228, 332537.591535434126854 ], [ 7476758.202427819371223, 332512.43503937125206 ], [ 7476751.702099740505219, 332487.497375324368477 ], [ 7476744.577099740505219, 332462.748031497001648 ], [ 7476741.827099740505219, 332452.091863512992859 ], [ 7476736.451771646738052, 332433.435367450118065 ], [ 7476730.326771646738052, 332415.029199481010437 ], [ 7476723.451443567872047, 332396.872703418135643 ], [ 7476715.826115489006042, 332379.028871387243271 ], [ 7476707.451443567872047, 332361.498031497001648 ], [ 7476698.451115489006042, 332344.31003937125206 ], [ 7476688.701115489006042, 332327.528871387243271 ], [ 7476659.700787395238876, 332268.998031497001648 ], [ 7476621.200131237506866, 332191.122703418135643 ], [ 7476592.4498031437397, 332129.872703418135643 ], [ 7476547.94914698600769, 332034.404199481010437 ], [ 7476519.448818892240524, 331971.966863512992859 ], [ 7476490.448490813374519, 331911.466863512992859 ], [ 7476463.947834640741348, 331856.872703418135643 ], [ 7476456.641732290387154, 331840.434711292386055 ] ] ] } },
{ "type": "Feature", "properties": { "FULLNAME": "SW BROOKLANE DR", "BIKE_FAC": "Bike Lane" }, "geometry": { "type": "MultiLineString", "coordinates": [ [ [ 7477561.466535434126854, 334471.778543308377266 ], [ 7477538.289370074868202, 334456.931102365255356 ], [ 7477516.89661383908242, 334447.187894619186409 ], [ 7477494.877393320202827, 334438.957825097546447 ], [ 7477472.338582679629326, 334432.280839890241623 ] ] ] } },
{ "type": "Feature", "properties": { "FULLNAME": "SW BROOKLANE DR", "BIKE_FAC": "Bike Lane" }, "geometry": { "type": "MultiLineString", "coordinates": [ [ [ 7477694.355971127748489, 336377.655183732509613 ], [ 7477681.605643048882484, 336343.717847764492035 ], [ 7477675.105971127748489, 336331.436351701617241 ], [ 7477671.355314955115318, 336320.561351701617241 ], [ 7477665.230314955115318, 336301.092847764492035 ], [ 7477659.855643048882484, 336281.405183732509613 ], [ 7477657.855314955115318, 336273.686351701617241 ], [ 7477652.480314955115318, 336250.749015748500824 ], [ 7477647.854658797383308, 336227.654855638742447 ], [ 7477644.104986876249313, 336204.404855638742447 ], [ 7477640.979658797383308, 336181.030183732509613 ], [ 7477638.854330703616142, 336159.624015748500824 ], [ 7477637.104330703616142, 336135.592847764492035 ], [ 7477636.229330703616142, 336111.561023622751236 ], [ 7477636.103674545884132, 336100.124015748500824 ], [ 7477636.228674545884132, 336077.498687669634819 ], [ 7477637.228674545884132, 336054.874015748500824 ], [ 7477638.978674545884132, 336032.34251968562603 ], [ 7477642.728018373250961, 335995.71751968562603 ], [ 7477643.728018373250961, 335986.873687669634819 ], [ 7477649.477690294384956, 335936.561023622751236 ], [ 7477655.102034121751785, 335888.373687669634819 ], [ 7477659.97670604288578, 335843.186023622751236 ], [ 7477664.60170604288578, 335795.435695543885231 ], [ 7477667.351049870252609, 335761.748359575867653 ], [ 7477668.601049870252609, 335733.467191606760025 ], [ 7477669.351049870252609, 335722.904527559876442 ], [ 7477669.850721791386604, 335706.342191606760025 ], [ 7477669.600721791386604, 335689.779527559876442 ], [ 7477668.475393697619438, 335673.248031497001648 ], [ 7477667.475393697619438, 335666.561023622751236 ], [ 7477661.600393697619438, 335624.561023622751236 ], [ 7477660.100065618753433, 335607.435695543885231 ], [ 7477659.350065618753433, 335590.248359575867653 ], [ 7477659.349737539887428, 335580.311023622751236 ], [ 7477659.474409446120262, 335573.029855638742447 ], [ 7477661.099737539887428, 335544.341863512992859 ], [ 7477664.724081367254257, 335510.341863512992859 ], [ 7477669.224081367254257, 335476.935695543885231 ], [ 7477674.723425194621086, 335439.248359575867653 ], [ 7477682.348097115755081, 335395.748031497001648 ], [ 7477691.847769021987915, 335346.123031497001648 ], [ 7477692.597769021987915, 335342.247703418135643 ], [ 7477694.97244094312191, 335327.404199481010437 ], [ 7477696.59744094312191, 335312.466863512992859 ], [ 7477697.347769021987915, 335297.435367450118065 ], [ 7477697.347112864255905, 335282.404199481010437 ], [ 7477690.472112864255905, 335237.935367450118065 ], [ 7477683.096784770488739, 335176.872703418135643 ], [ 7477682.096128612756729, 335160.966535434126854 ], [ 7477681.721456691622734, 335141.68503937125206 ], [ 7477682.096128612756729, 335122.404199481010437 ], [ 7477683.221128612756729, 335107.310367450118065 ], [ 7477685.096128612756729, 335092.279199481010437 ], [ 7477687.846128612756729, 335077.403871387243271 ], [ 7477691.220472440123558, 335062.653871387243271 ], [ 7477696.720472440123558, 335046.497703418135643 ], [ 7477702.345472440123558, 335032.716207355260849 ], [ 7477708.595144361257553, 335019.247375324368477 ], [ 7477715.595472440123558, 335006.122375324368477 ], [ 7477731.470144361257553, 334979.747703418135643 ], [ 7477749.594816267490387, 334953.56003937125206 ], [ 7477765.344160109758377, 334924.247375324368477 ], [ 7477767.844488188624382, 334919.247375324368477 ], [ 7477771.219488188624382, 334911.184711292386055 ], [ 7477773.844160109758377, 334902.841207355260849 ], [ 7477775.719160109758377, 334894.309711292386055 ], [ 7477776.718832015991211, 334885.622047245502472 ], [ 7477776.968832015991211, 334876.903215229511261 ], [ 7477770.968503937125206, 334849.684711292386055 ], [ 7477747.593175858259201, 334806.403543308377266 ], [ 7477728.718503937125206, 334778.903543308377266 ], [ 7477704.093175858259201, 334741.622047245502472 ], [ 7477693.342847764492035, 334725.528543308377266 ], [ 7477684.342847764492035, 334710.622703418135643 ], [ 7477676.093175858259201, 334695.309711292386055 ], [ 7477668.467847764492035, 334679.622375324368477 ], [ 7477661.467847764492035, 334663.622375324368477 ], [ 7477656.092191606760025, 334643.091207355260849 ], [ 7477646.966863512992859, 334600.528871387243271 ], [ 7477639.216863512992859, 334574.278543308377266 ], [ 7477638.216863512992859, 334570.872047245502472 ], [ 7477634.466863512992859, 334559.184711292386055 ], [ 7477629.966863512992859, 334547.778543308377266 ], [ 7477624.841863512992859, 334536.653871387243271 ], [ 7477618.841863512992859, 334525.903871387243271 ], [ 7477612.341535434126854, 334515.559711292386055 ], [ 7477605.091207355260849, 334505.653543308377266 ], [ 7477598.591535434126854, 334499.497375324368477 ], [ 7477588.341535434126854, 334490.622375324368477 ], [ 7477577.591535434126854, 334482.341207355260849 ], [ 7477566.341207355260849, 334474.715879261493683 ], [ 7477561.466535434126854, 334471.778543308377266 ] ] ] } },
{ "type": "Feature", "properties": { "FULLNAME": "SE CRYSTAL LAKE DR", "BIKE_FAC": "Bike Lane" }, "geometry": { "type": "MultiLineString", "coordinates": [ [ [ 7483557.704724416136742, 334538.918307080864906 ], [ 7483571.454724416136742, 334522.543635174632072 ], [ 7483605.829068243503571, 334482.543635174632072 ], [ 7483644.703740164637566, 334436.042979001998901 ], [ 7483658.953412070870399, 334417.949475064873695 ], [ 7483674.828412070870399, 334396.730643048882484 ], [ 7483689.952755898237228, 334375.011811017990112 ], [ 7483704.577755898237228, 334352.855314955115318 ], [ 7483716.327427819371223, 334333.792650923132896 ], [ 7483730.702427819371223, 334309.136811017990112 ], [ 7483744.327427819371223, 334284.104986876249313 ], [ 7483757.327099740505219, 334258.69914698600769 ], [ 7483774.951443567872047, 334218.479986876249313 ], [ 7483778.576443567872047, 334210.167650923132896 ], [ 7483783.826443567872047, 334197.042650923132896 ], [ 7483788.951115489006042, 334184.198490813374519 ], [ 7483798.701115489006042, 334157.917650923132896 ], [ 7483807.701115489006042, 334131.386154860258102 ], [ 7483811.075787395238876, 334119.979986876249313 ], [ 7483818.325459316372871, 334094.04232282936573 ], [ 7483824.825459316372871, 334067.885826766490936 ], [ 7483830.575131237506866, 334041.573162734508514 ], [ 7483835.5748031437397, 334015.104986876249313 ], [ 7483837.6998031437397, 334002.04232282936573 ], [ 7483841.699475064873695, 333973.479986876249313 ], [ 7483845.074475064873695, 333944.79166667163372 ], [ 7483847.57414698600769, 333916.041994750499725 ], [ 7483848.073818892240524, 333906.979658797383308 ], [ 7483849.073818892240524, 333877.948162734508514 ], [ 7483849.448490813374519, 333848.91666667163372 ], [ 7483848.948490813374519, 333819.854658797383308 ], [ 7483847.822834640741348, 333777.823162734508514 ], [ 7483846.447834640741348, 333729.010498687624931 ], [ 7483844.86581364274025, 333673.025262460112572 ] ] ] } },
{ "type": "Feature", "properties": { "FULLNAME": "SW COUNTRY CLUB DR", "BIKE_FAC": "Bike Lane" }, "geometry": { "type": "MultiLineString", "coordinates": [ [ [ 7471125.069553807377815, 333181.610564306378365 ], [ 7471247.762139111757278, 333178.206692919135094 ], [ 7471279.440944880247116, 333176.283136487007141 ], [ 7471310.430446192622185, 333174.373359575867653 ], [ 7471333.893044620752335, 333173.600065618753433 ] ] ] } },
{ "type": "Feature", "properties": { "FULLNAME": "SW COUNTRY CLUB DR", "BIKE_FAC": "Bike Lane" }, "geometry": { "type": "MultiLineString", "coordinates": [ [ [ 7471333.893044620752335, 333173.600065618753433 ], [ 7471359.593503937125206, 333174.888123363256454 ], [ 7471371.593832015991211, 333176.10728345811367 ], [ 7471386.593832015991211, 333178.388451442122459 ], [ 7471401.468503937125206, 333181.419291332364082 ], [ 7471416.218832015991211, 333185.23228345811367 ], [ 7471430.718503937125206, 333189.825787395238876 ], [ 7471444.968503937125206, 333195.138451442122459 ], [ 7471458.718832015991211, 333201.325459316372871 ], [ 7471478.093832015991211, 333210.669291332364082 ], [ 7471496.968832015991211, 333220.73162730038166 ], [ 7471515.468832015991211, 333231.450459316372871 ], [ 7471533.593503937125206, 333242.888123363256454 ], [ 7471574.343832015991211, 333270.012795269489288 ], [ 7471605.469160109758377, 333290.919291332364082 ], [ 7471639.469160109758377, 333314.48162730038166 ], [ 7471676.969488188624382, 333340.200459316372871 ], [ 7471727.344816267490387, 333374.85662730038166 ], [ 7471767.844488188624382, 333402.668963253498077 ], [ 7471814.969816267490387, 333435.856299206614494 ], [ 7471984.095472440123558, 333547.480971127748489 ] ] ] } },
{ "type": "Feature", "properties": { "FULLNAME": "SW 26TH ST", "BIKE_FAC": "Bike Lane" }, "geometry": { "type": "MultiLineString", "coordinates": [ [ [ 7477782.675524935126305, 338859.153215229511261 ], [ 7477780.6751968562603, 338838.473753273487091 ], [ 7477780.774934381246567, 338823.253280833363533 ], [ 7477778.974737539887428, 338791.403543308377266 ], [ 7477778.174540683627129, 338738.223425194621086 ], [ 7477776.473753273487091, 338672.653215229511261 ], [ 7477774.973425194621086, 338601.623359575867653 ], [ 7477772.872703418135643, 338541.753280833363533 ], [ 7477772.473097115755081, 338532.313320204615593 ], [ 7477769.875656172633171, 338407.18011811375618 ] ] ] } },
{ "type": "Feature", "properties": { "FULLNAME": "NW 29TH ST", "BIKE_FAC": "Bike Lane" }, "geometry": { "type": "MultiLineString", "coordinates": [ [ [ 7475776.397965878248215, 353806.318897634744644 ], [ 7475814.167650923132896, 353858.982611551880836 ], [ 7475837.309055119752884, 353886.026574805378914 ], [ 7475874.558398947119713, 353922.263779520988464 ], [ 7475905.72244094312191, 353949.027887135744095 ], [ 7475944.710301831364632, 353979.822834640741348 ], [ 7475976.910433068871498, 354001.398622050881386 ], [ 7476009.705708667635918, 354019.079068243503571 ] ] ] } },
{ "type": "Feature", "properties": { "FULLNAME": "SE MIDVALE DR", "BIKE_FAC": "Bike Lane" }, "geometry": { "type": "MultiLineString", "coordinates": [ [ [ 7482821.046916007995605, 327339.593503937125206 ], [ 7482807.392388448119164, 327286.345144361257553 ], [ 7482797.145669296383858, 327239.568569555878639 ], [ 7482790.19488188624382, 327179.614501312375069 ], [ 7482763.896981626749039, 326952.185695543885231 ], [ 7482763.253280833363533, 326946.619750648736954 ] ] ] } },
{ "type": "Feature", "properties": { "FULLNAME": "SE GOODNIGHT AVE", "BIKE_FAC": "Bike Lane" }, "geometry": { "type": "MultiLineString", "coordinates": [ [ [ 7480810.045603677630424, 329541.545931756496429 ], [ 7481027.670275583863258, 329537.201443567872047 ] ] ] } },
{ "type": "Feature", "properties": { "FULLNAME": "SE GOODNIGHT AVE", "BIKE_FAC": "Bike Lane" }, "geometry": { "type": "MultiLineString", "coordinates": [ [ [ 7481103.321850389242172, 329536.124343827366829 ], [ 7481319.669291332364082, 329533.044619426131248 ] ] ] } },
{ "type": "Feature", "properties": { "FULLNAME": "SE GOODNIGHT AVE", "BIKE_FAC": "Bike Lane" }, "geometry": { "type": "MultiLineString", "coordinates": [ [ [ 7481319.669291332364082, 329533.044619426131248 ], [ 7481544.418963253498077, 329529.200459316372871 ] ] ] } },
{ "type": "Feature", "properties": { "FULLNAME": "SE GOODNIGHT AVE", "BIKE_FAC": "Bike Lane" }, "geometry": { "type": "MultiLineString", "coordinates": [ [ [ 7481544.418963253498077, 329529.200459316372871 ], [ 7481762.034776896238327, 329525.371391072869301 ] ] ] } },
{ "type": "Feature", "properties": { "FULLNAME": "SE GOODNIGHT AVE", "BIKE_FAC": "Bike Lane" }, "geometry": { "type": "MultiLineString", "coordinates": [ [ [ 7481762.034776896238327, 329525.371391072869301 ], [ 7481985.106955379247665, 329520.974081367254257 ] ] ] } },
{ "type": "Feature", "properties": { "FULLNAME": "SE GOODNIGHT AVE", "BIKE_FAC": "Bike Lane" }, "geometry": { "type": "MultiLineString", "coordinates": [ [ [ 7481985.106955379247665, 329520.974081367254257 ], [ 7482546.282152235507965, 329510.980314955115318 ] ] ] } },
{ "type": "Feature", "properties": { "FULLNAME": "SE GOODNIGHT AVE", "BIKE_FAC": "Bike Lane" }, "geometry": { "type": "MultiLineString", "coordinates": [ [ [ 7482546.282152235507965, 329510.980314955115318 ], [ 7482882.58333332836628, 329504.599409446120262 ] ] ] } },
{ "type": "Feature", "properties": { "FULLNAME": "SE GOODNIGHT AVE", "BIKE_FAC": "Bike Lane" }, "geometry": { "type": "MultiLineString", "coordinates": [ [ [ 7482882.58333332836628, 329504.599409446120262 ], [ 7483034.51410761475563, 329504.783136487007141 ] ] ] } },
{ "type": "Feature", "properties": { "FULLNAME": "SE GOODNIGHT AVE", "BIKE_FAC": "Bike Lane" }, "geometry": { "type": "MultiLineString", "coordinates": [ [ [ 7483034.51410761475563, 329504.783136487007141 ], [ 7483167.109580054879189, 329501.855643048882484 ] ] ] } },
{ "type": "Feature", "properties": { "FULLNAME": "NW HARRISON BLVD", "BIKE_FAC": "Bike Lane" }, "geometry": { "type": "MultiLineString", "coordinates": [ [ [ 7483919.140419945120811, 340187.909120738506317 ], [ 7483914.240485563874245, 340191.478018373250961 ], [ 7483859.999343827366829, 340230.985564306378365 ], [ 7483825.749671921133995, 340255.11089238524437 ], [ 7483795.174540683627129, 340277.678477689623833 ], [ 7483767.774934381246567, 340298.208661422133446 ], [ 7483726.475393697619438, 340327.548884510993958 ], [ 7483693.175524935126305, 340350.178805768489838 ], [ 7483672.404527559876442, 340364.903871387243271 ], [ 7483649.875984251499176, 340380.19488188624382 ] ] ] } },
{ "type": "Feature", "properties": { "FULLNAME": "SW WEST HILLS RD", "BIKE_FAC": "Bike Lane" }, "geometry": { "type": "MultiLineString", "coordinates": [ [ [ 7468693.807086616754532, 337115.519356951117516 ], [ 7468738.842847764492035, 337114.012795269489288 ], [ 7468814.466863512992859, 337111.352690294384956 ], [ 7468914.276902884244919, 337109.412073493003845 ], [ 7469012.778871387243271, 337108.465879261493683 ], [ 7469109.242125988006592, 337105.245734915137291 ], [ 7469221.801837265491486, 337101.283136487007141 ], [ 7469271.378608927130699, 337095.145341202616692 ] ] ] } },
{ "type": "Feature", "properties": { "FULLNAME": "SW WEST HILLS RD", "BIKE_FAC": "Bike Lane" }, "geometry": { "type": "MultiLineString", "coordinates": [ [ [ 7467080.265419945120811, 337178.609580054879189 ], [ 7467134.779199481010437, 337177.220800518989563 ], [ 7467177.313976377248764, 337175.658136487007141 ], [ 7467234.171587929129601, 337173.5748031437397 ], [ 7467289.032808393239975, 337171.404855638742447 ], [ 7467359.605643048882484, 337169.408136487007141 ], [ 7467409.345472440123558, 337167.238188982009888 ], [ 7467438.598753273487091, 337166.109580054879189 ], [ 7467468.980643048882484, 337163.592191606760025 ], [ 7467495.760170608758926, 337160.814632549881935 ], [ 7467517.591863512992859, 337158.730971127748489 ], [ 7467541.897309705615044, 337156.300524935126305 ], [ 7467568.546587929129601, 337154.34744094312191 ], [ 7467586.038057744503021, 337153.262467190623283 ], [ 7467621.020669296383858, 337152.307414695620537 ], [ 7467680.178805768489838, 337150.26771654188633 ], [ 7467715.898950129747391, 337149.13910761475563 ], [ 7467767.982611551880836, 337147.446522310376167 ], [ 7467823.881889760494232, 337145.429133862257004 ], [ 7467880.181758522987366, 337143.719488188624382 ], [ 7467928.008530184626579, 337142.020997375249863 ], [ 7467978.181758522987366, 337140.148950129747391 ], [ 7468042.678805768489838, 337138.028215229511261 ], [ 7468107.392060369253159, 337135.59744094312191 ], [ 7468139.900918632745743, 337134.772965878248215 ], [ 7468166.681102365255356, 337133.808398947119713 ], [ 7468228.659448817372322, 337131.43077427148819 ], [ 7468298.668307080864906, 337129.260826766490936 ], [ 7468365.638779520988464, 337127.26410761475563 ], [ 7468454.440944880247116, 337124.095800518989563 ], [ 7468537.036417320370674, 337121.144356951117516 ], [ 7468636.168307080864906, 337117.541994750499725 ], [ 7468693.807086616754532, 337115.519356951117516 ] ] ] } },
{ "type": "Feature", "properties": { "FULLNAME": "SW WEST HILLS RD", "BIKE_FAC": "Bike Lane" }, "geometry": { "type": "MultiLineString", "coordinates": [ [ [ 7466260.135498687624931, 337207.564304456114769 ], [ 7466305.656167984008789, 337205.953412070870399 ], [ 7466370.15255905687809, 337204.043635174632072 ], [ 7466404.48523622751236, 337203.223425194621086 ], [ 7466437.685367450118065, 337200.683398947119713 ], [ 7466466.419947504997253, 337198.444553807377815 ], [ 7466499.362532809376717, 337194.49507874250412 ], [ 7466529.440944880247116, 337191.457020998001099 ], [ 7466558.284776896238327, 337189.15255905687809 ], [ 7466588.90255905687809, 337187.507217854261398 ], [ 7466614.076115489006042, 337186.856299206614494 ], [ 7466635.907808393239975, 337187.029855638742447 ], [ 7466689.94422572851181, 337188.288385823369026 ], [ 7466743.980643048882484, 337189.677165359258652 ], [ 7466818.983923882246017, 337187.342191606760025 ], [ 7466841.593503937125206, 337186.465551182627678 ], [ 7466884.301837265491486, 337185.076443567872047 ], [ 7466944.483923882246017, 337182.651902884244919 ], [ 7466996.932086616754532, 337181.213910758495331 ], [ 7467047.23589238524437, 337179.91174541413784 ], [ 7467080.265419945120811, 337178.609580054879189 ] ] ] } },
{ "type": "Feature", "properties": { "FULLNAME": "SW WEST HILLS RD", "BIKE_FAC": "Bike Lane" }, "geometry": { "type": "MultiLineString", "coordinates": [ [ [ 7465552.487532809376717, 337223.531496062874794 ], [ 7465589.423556432127953, 337222.663385823369026 ], [ 7465622.886811017990112, 337222.005577430129051 ], [ 7465665.151902884244919, 337220.953740164637566 ], [ 7465707.869750648736954, 337219.97244094312191 ], [ 7465751.986876636743546, 337219.125328078866005 ], [ 7465794.58825458586216, 337218.019356951117516 ], [ 7465842.331364825367928, 337216.977690294384956 ], [ 7465898.286417320370674, 337215.784776896238327 ], [ 7465955.886154860258102, 337214.474737539887428 ], [ 7466004.961614176630974, 337213.288385823369026 ], [ 7466046.98589238524437, 337212.724081367254257 ], [ 7466103.985564306378365, 337211.404199481010437 ], [ 7466153.186023622751236, 337209.974081367254257 ], [ 7466199.753280833363533, 337208.644356951117516 ], [ 7466237.730643048882484, 337207.689304456114769 ], [ 7466260.135498687624931, 337207.564304456114769 ] ] ] } },
{ "type": "Feature", "properties": { "FULLNAME": "SW INTRAMURAL WAY", "BIKE_FAC": "Bike Lane" }, "geometry": { "type": "MultiLineString", "coordinates": [ [ [ 7477776.333005249500275, 339433.487204730510712 ], [ 7477350.771325454115868, 339448.937007874250412 ], [ 7476933.703740164637566, 339463.686023622751236 ], [ 7476917.223097115755081, 339463.356299206614494 ], [ 7476904.368766397237778, 339463.026574805378914 ], [ 7476887.888451442122459, 339460.719488188624382 ], [ 7476873.386154860258102, 339457.093832015991211 ], [ 7476859.542650923132896, 339449.84251968562603 ], [ 7476848.995406821370125, 339439.295275583863258 ], [ 7476829.218832015991211, 339424.46325458586216 ], [ 7476801.862204730510712, 339418.860564306378365 ], [ 7476553.242125988006592, 339428.093175858259201 ] ] ] } },
{ "type": "Feature", "properties": { "FULLNAME": "SE MIDVALE DR", "BIKE_FAC": "Bike Lane" }, "geometry": { "type": "MultiLineString", "coordinates": [ [ [ 7482721.057414695620537, 326433.83333332836628 ], [ 7482724.525590553879738, 326576.031167984008789 ], [ 7482726.20767717063427, 326592.368438318371773 ], [ 7482727.604330703616142, 326608.732611551880836 ], [ 7482728.715551182627678, 326625.118438318371773 ], [ 7482729.539698168635368, 326641.521653547883034 ], [ 7482730.078412070870399, 326657.936351701617241 ], [ 7482730.13418635725975, 326660.385498687624931 ], [ 7482763.896981626749039, 326952.185695543885231 ] ] ] } },
{ "type": "Feature", "properties": { "FULLNAME": "SW 26TH ST", "BIKE_FAC": "Bike Lane" }, "geometry": { "type": "MultiLineString", "coordinates": [ [ [ 7477769.875656172633171, 338407.18011811375618 ], [ 7477767.771325454115868, 338340.723097115755081 ], [ 7477765.770997375249863, 338274.942913383245468 ], [ 7477765.170931756496429, 338252.473097115755081 ] ] ] } },
{ "type": "Feature", "properties": { "FULLNAME": "SE MIDVALE DR", "BIKE_FAC": "Bike Lane" }, "geometry": { "type": "MultiLineString", "coordinates": [ [ [ 7482714.913385823369026, 326181.907808393239975 ], [ 7482721.057414695620537, 326433.83333332836628 ] ] ] } },
{ "type": "Feature", "properties": { "FULLNAME": "SE MIDVALE DR", "BIKE_FAC": "Bike Lane" }, "geometry": { "type": "MultiLineString", "coordinates": [ [ [ 7482711.854658797383308, 326056.505905508995056 ], [ 7482714.913385823369026, 326181.907808393239975 ] ] ] } },
{ "type": "Feature", "properties": { "FULLNAME": "NE CONSER ST", "BIKE_FAC": "Bike Lane" }, "geometry": { "type": "MultiLineString", "coordinates": [ [ [ 7487747.962926506996155, 349228.109251961112022 ], [ 7487789.847112864255905, 349251.84744094312191 ], [ 7487856.060695543885231, 349291.55511811375618 ], [ 7487862.310695543885231, 349295.461286082863808 ], [ 7487868.345800518989563, 349299.965223103761673 ], [ 7487872.770669296383858, 349303.447506561875343 ], [ 7487876.546587929129601, 349306.897965878248215 ], [ 7487880.71325458586216, 349310.934383198618889 ], [ 7487885.349081367254257, 349316.10728345811367 ], [ 7487888.374015748500824, 349320.352690294384956 ], [ 7487890.547244101762772, 349323.751312330365181 ] ] ] } },
{ "type": "Feature", "properties": { "FULLNAME": "NE CONSER ST", "BIKE_FAC": "Bike Lane" }, "geometry": { "type": "MultiLineString", "coordinates": [ [ [ 7487890.547244101762772, 349323.751312330365181 ], [ 7487898.75, 349338.47670604288578 ], [ 7487903.654527559876442, 349350.802821516990662 ], [ 7487906.779527559876442, 349364.170931756496429 ], [ 7487907.951443567872047, 349377.148622050881386 ], [ 7487907.300524935126305, 349390.842191606760025 ], [ 7487905.998359575867653, 349399.739501312375069 ], [ 7487904.045275583863258, 349409.830708667635918 ], [ 7487893.715223103761673, 349460.134514436125755 ], [ 7487866.132874011993408, 349595.399278208613396 ], [ 7487864.874015748500824, 349602.71259842813015 ], [ 7487864.092847764492035, 349609.830708667635918 ], [ 7487863.875984251499176, 349615.169291332364082 ], [ 7487863.96259842813015, 349621.549540683627129 ], [ 7487864.917650923132896, 349631.076443567872047 ], [ 7487866.306430444121361, 349638.88910761475563 ], [ 7487869.73523622751236, 349649.848097115755081 ], [ 7487874.65748031437397, 349661.274934381246567 ], [ 7487883.428805768489838, 349674.869750648736954 ] ], [ [ 7487883.428805768489838, 349674.869750648736954 ], [ 7487948.99081364274025, 349758.106955379247665 ], [ 7487959.705708667635918, 349770.686679795384407 ], [ 7487970.331364825367928, 349781.561351701617241 ], [ 7487981.456036746501923, 349791.874343827366829 ], [ 7487991.405511811375618, 349801.385170608758926 ], [ 7488003.530183732509613, 349810.478674545884132 ], [ 7488016.155511811375618, 349818.916010499000549 ], [ 7488029.030183732509613, 349827.228674545884132 ], [ 7488041.405839890241623, 349834.228346452116966 ], [ 7488054.155511811375618, 349840.572178483009338 ], [ 7488066.708989500999451, 349845.506889760494232 ], [ 7488080.083989500999451, 349850.350393697619438 ], [ 7488093.313648298382759, 349854.981955379247665 ], [ 7488100.605314955115318, 349857.151902884244919 ], [ 7488114.233595803380013, 349860.363845139741898 ], [ 7488131.188648298382759, 349863.742782145738602 ], [ 7488148.174868762493134, 349865.659120738506317 ], [ 7488165.188648298382759, 349866.960958003997803 ], [ 7488180.988517060875893, 349867.711942255496979 ], [ 7488219.875984251499176, 349866.526902884244919 ], [ 7488268.140091866254807, 349865.138123363256454 ], [ 7488312.739173233509064, 349864.086286082863808 ], [ 7488355.590551182627678, 349862.571850389242172 ], [ 7488395.651574805378914, 349861.096128612756729 ], [ 7488429.505577430129051, 349860.054461941123009 ], [ 7488459.80085301399231, 349858.752296581864357 ], [ 7488491.18996062874794, 349857.951771646738052 ] ] ] } },
{ "type": "Feature", "properties": { "FULLNAME": "NW HIGHLAND DR", "BIKE_FAC": "Bike Lane" }, "geometry": { "type": "MultiLineString", "coordinates": [ [ [ 7482596.620734915137291, 352827.350065618753433 ], [ 7482573.10170604288578, 352875.15748031437397 ], [ 7482544.60236220061779, 352928.469816267490387 ], [ 7482536.35236220061779, 352944.750984251499176 ], [ 7482528.727690294384956, 352961.40748031437397 ], [ 7482521.852690294384956, 352978.344816267490387 ], [ 7482515.603018373250961, 352995.563976377248764 ], [ 7482510.228018373250961, 353013.032152235507965 ], [ 7482505.603018373250961, 353030.750984251499176 ], [ 7482501.728346452116966, 353048.625984251499176 ], [ 7482498.603674545884132, 353066.65748031437397 ], [ 7482496.853674545884132, 353079.907808393239975 ], [ 7482494.853674545884132, 353099.501312330365181 ], [ 7482493.604002624750137, 353119.15748031437397 ], [ 7482493.229002624750137, 353138.845144361257553 ], [ 7482493.604002624750137, 353158.53248031437397 ], [ 7482493.854330703616142, 353163.03248031437397 ], [ 7482494.729330703616142, 353177.532808393239975 ], [ 7482496.354330703616142, 353196.78248031437397 ], [ 7482498.729658797383308, 353215.970144361257553 ], [ 7482501.854986876249313, 353235.001312330365181 ], [ 7482505.854986876249313, 353253.907808393239975 ], [ 7482510.604986876249313, 353272.626640424132347 ], [ 7482511.479986876249313, 353275.844816267490387 ], [ 7482516.230314955115318, 353292.720144361257553 ], [ 7482521.730314955115318, 353309.376312330365181 ], [ 7482527.855314955115318, 353325.782808393239975 ], [ 7482534.855643048882484, 353341.876640424132347 ], [ 7482542.605314955115318, 353357.65748031437397 ], [ 7482549.480643048882484, 353370.376640424132347 ], [ 7482559.855643048882484, 353388.376312330365181 ], [ 7482570.980971127748489, 353406.001640424132347 ], [ 7482582.730971127748489, 353423.15748031437397 ], [ 7482595.106299206614494, 353439.876312330365181 ], [ 7482601.730971127748489, 353448.345144361257553 ], [ 7482642.73162730038166, 353501.907152235507965 ], [ 7482656.98162730038166, 353520.782808393239975 ], [ 7482681.106955379247665, 353553.688976377248764 ], [ 7482704.60728345811367, 353587.03248031437397 ], [ 7482717.607611551880836, 353606.094816267490387 ], [ 7482732.10728345811367, 353629.376312330365181 ], [ 7482745.857611551880836, 353653.032152235507965 ], [ 7482758.638451442122459, 353674.839895009994507 ] ] ] } },
{ "type": "Feature", "properties": { "FULLNAME": "NE ARNOLD AVE", "BIKE_FAC": "Bike Lane" }, "geometry": { "type": "MultiLineString", "coordinates": [ [ [ 7495072.000328078866005, 378477.25 ], [ 7495189.999671921133995, 378484.562335953116417 ], [ 7495357.999671921133995, 378495.0 ], [ 7495412.0, 378497.062335953116417 ] ] ] } },
{ "type": "Feature", "properties": { "FULLNAME": "NE ARNOLD AVE", "BIKE_FAC": "Bike Lane" }, "geometry": { "type": "MultiLineString", "coordinates": [ [ [ 7495023.000328078866005, 378474.5 ], [ 7495072.000328078866005, 378477.25 ] ] ] } },
{ "type": "Feature", "properties": { "FULLNAME": "NE ARNOLD AVE", "BIKE_FAC": "Bike Lane" }, "geometry": { "type": "MultiLineString", "coordinates": [ [ [ 7494111.5, 378419.968832015991211 ], [ 7494176.499671921133995, 378424.5 ], [ 7494425.0, 378439.75 ], [ 7494743.5, 378457.468832015991211 ], [ 7495023.000328078866005, 378474.5 ] ] ] } },
{ "type": "Feature", "properties": { "FULLNAME": "NE ARNOLD AVE", "BIKE_FAC": "Bike Lane" }, "geometry": { "type": "MultiLineString", "coordinates": [ [ [ 7493907.5, 378408.781167984008789 ], [ 7493941.5, 378408.093503937125206 ], [ 7494021.999671921133995, 378413.750328078866005 ], [ 7494066.0, 378416.5 ], [ 7494111.5, 378419.968832015991211 ] ] ] } },
{ "type": "Feature", "properties": { "FULLNAME": "NE ARNOLD AVE", "BIKE_FAC": "Bike Lane" }, "geometry": { "type": "MultiLineString", "coordinates": [ [ [ 7495647.653215229511261, 378511.158464565873146 ], [ 7495668.5, 378512.343832015991211 ], [ 7495748.5, 378516.531167984008789 ], [ 7495824.0, 378521.375 ], [ 7495891.500328078866005, 378524.843832015991211 ] ] ] } },
{ "type": "Feature", "properties": { "FULLNAME": "NW LEWISBURG AVE", "BIKE_FAC": "Bike Lane" }, "geometry": { "type": "MultiLineString", "coordinates": [ [ [ 7488557.350721791386604, 362943.831364825367928 ], [ 7488497.869422569870949, 362946.168635174632072 ], [ 7487930.0, 362966.312335953116417 ], [ 7487445.928149610757828, 362982.784776896238327 ] ] ] } },
{ "type": "Feature", "properties": { "FULLNAME": "CROCKER LN NW", "BIKE_FAC": "Bike Lane" }, "geometry": { "type": "MultiLineString", "coordinates": [ [ [ 7518640.560367450118065, 376884.370734915137291 ], [ 7518645.768700793385506, 377089.666010499000549 ], [ 7518657.053477689623833, 377442.530183732509613 ], [ 7518666.122047245502472, 377719.463910758495331 ] ] ] } },
{ "type": "Feature", "properties": { "FULLNAME": "NW LEWISBURG AVE", "BIKE_FAC": "Bike Lane" }, "geometry": { "type": "MultiLineString", "coordinates": [ [ [ 7487445.928149610757828, 362982.784776896238327 ], [ 7487284.0, 362988.468503937125206 ], [ 7486986.513451442122459, 363000.562664046883583 ] ] ] } },
{ "type": "Feature", "properties": { "FULLNAME": "CROCKER LN NW", "BIKE_FAC": "Bike Lane" }, "geometry": { "type": "MultiLineString", "coordinates": [ [ [ 7518603.320538058876991, 375574.47670604288578 ], [ 7518608.008202105760574, 375756.766732290387154 ] ] ] } },
{ "type": "Feature", "properties": { "FULLNAME": "CROCKER LN NW", "BIKE_FAC": "Bike Lane" }, "geometry": { "type": "MultiLineString", "coordinates": [ [ [ 7518595.825787395238876, 375336.159120738506317 ], [ 7518603.320538058876991, 375574.47670604288578 ] ] ] } },
{ "type": "Feature", "properties": { "FULLNAME": "CROCKER LN NW", "BIKE_FAC": "Bike Lane" }, "geometry": { "type": "MultiLineString", "coordinates": [ [ [ 7518585.777230978012085, 374958.640091866254807 ], [ 7518588.911417320370674, 375108.763123363256454 ], [ 7518595.825787395238876, 375336.159120738506317 ] ] ] } },
{ "type": "Feature", "properties": { "FULLNAME": "CROCKER LN NW", "BIKE_FAC": "Bike Lane" }, "geometry": { "type": "MultiLineString", "coordinates": [ [ [ 7518542.05511811375618, 373391.507874011993408 ], [ 7518580.265419945120811, 374761.078083992004395 ], [ 7518585.777230978012085, 374958.640091866254807 ] ] ] } },
{ "type": "Feature", "properties": { "FULLNAME": "CROCKER LN NW", "BIKE_FAC": "Bike Lane" }, "geometry": { "type": "MultiLineString", "coordinates": [ [ [ 7518534.469160109758377, 373093.148950129747391 ], [ 7518542.05511811375618, 373391.507874011993408 ] ] ] } },
{ "type": "Feature", "properties": { "FULLNAME": "SCENIC DR NW", "BIKE_FAC": "Bike Lane" }, "geometry": { "type": "MultiLineString", "coordinates": [ [ [ 7514638.528215229511261, 374964.60728345811367 ], [ 7514643.302493438124657, 375108.704724416136742 ], [ 7514647.64271654188633, 375243.687335953116417 ], [ 7514652.41732282936573, 375376.499671921133995 ], [ 7514655.455380573868752, 375482.402887135744095 ] ] ] } },
{ "type": "Feature", "properties": { "FULLNAME": "SPRINGHILL DR", "BIKE_FAC": "Bike Lane" }, "geometry": { "type": "MultiLineString", "coordinates": [ [ [ 7525176.895669296383858, 372607.776246726512909 ], [ 7525191.65255905687809, 372745.796916007995605 ], [ 7525210.315616801381111, 372919.841535434126854 ] ] ] } },
{ "type": "Feature", "properties": { "FULLNAME": "SPRINGHILL DR", "BIKE_FAC": "Bike Lane" }, "geometry": { "type": "MultiLineString", "coordinates": [ [ [ 7525073.258202105760574, 371638.91174541413784 ], [ 7525075.428149610757828, 371676.672572180628777 ], [ 7525090.18503937125206, 371810.78674541413784 ], [ 7525111.452427819371223, 372000.457020998001099 ], [ 7525139.664041996002197, 372260.873687669634819 ], [ 7525157.025590553879738, 372413.651246726512909 ], [ 7525176.895669296383858, 372607.776246726512909 ] ] ] } },
{ "type": "Feature", "properties": { "FULLNAME": "GIBSON HILL RD NW", "BIKE_FAC": "Bike Lane" }, "geometry": { "type": "MultiLineString", "coordinates": [ [ [ 7516203.679790019989014, 372177.599409446120262 ], [ 7515723.645013123750687, 372196.262467190623283 ] ] ] } },
{ "type": "Feature", "properties": { "FULLNAME": "GIBSON HILL RD NW", "BIKE_FAC": "Bike Lane" }, "geometry": { "type": "MultiLineString", "coordinates": [ [ [ 7516387.27329395711422, 372170.654527559876442 ], [ 7516298.297572180628777, 372174.561023622751236 ], [ 7516203.679790019989014, 372177.599409446120262 ] ] ] } },
{ "type": "Feature", "properties": { "FULLNAME": "CROCKER LN NW", "BIKE_FAC": "Bike Lane" }, "geometry": { "type": "MultiLineString", "coordinates": [ [ [ 7518506.631233602762222, 372142.876968502998352 ], [ 7518534.469160109758377, 373093.148950129747391 ] ] ] } },
{ "type": "Feature", "properties": { "FULLNAME": "GIBSON HILL RD NW", "BIKE_FAC": "Bike Lane" }, "geometry": { "type": "MultiLineString", "coordinates": [ [ [ 7518506.631233602762222, 372142.876968502998352 ], [ 7518230.155511811375618, 372153.293635174632072 ], [ 7517928.498031497001648, 372164.720144361257553 ] ] ] } },
{ "type": "Feature", "properties": { "FULLNAME": "GIBSON HILL RD NW", "BIKE_FAC": "Bike Lane" }, "geometry": { "type": "MultiLineString", "coordinates": [ [ [ 7518688.488517060875893, 372136.800524935126305 ], [ 7518506.631233602762222, 372142.876968502998352 ] ] ] } },
{ "type": "Feature", "properties": { "FULLNAME": "GIBSON HILL RD NW", "BIKE_FAC": "Bike Lane" }, "geometry": { "type": "MultiLineString", "coordinates": [ [ [ 7518951.241141736507416, 372126.352034121751785 ], [ 7518688.488517060875893, 372136.800524935126305 ] ] ] } },
{ "type": "Feature", "properties": { "FULLNAME": "GIBSON HILL RD NW", "BIKE_FAC": "Bike Lane" }, "geometry": { "type": "MultiLineString", "coordinates": [ [ [ 7519855.755249351263046, 372095.970144361257553 ], [ 7519381.631233602762222, 372111.627296581864357 ] ] ] } },
{ "type": "Feature", "properties": { "FULLNAME": "GIBSON HILL RD NW", "BIKE_FAC": "Bike Lane" }, "geometry": { "type": "MultiLineString", "coordinates": [ [ [ 7520539.617454066872597, 372073.432414695620537 ], [ 7520168.95767717063427, 372086.019356951117516 ] ] ] } },
{ "type": "Feature", "properties": { "FULLNAME": "GIBSON HILL RD NW", "BIKE_FAC": "Bike Lane" }, "geometry": { "type": "MultiLineString", "coordinates": [ [ [ 7520168.95767717063427, 372086.019356951117516 ], [ 7519855.755249351263046, 372095.970144361257553 ] ] ] } },
{ "type": "Feature", "properties": { "FULLNAME": "GIBSON HILL RD NW", "BIKE_FAC": "Bike Lane" }, "geometry": { "type": "MultiLineString", "coordinates": [ [ [ 7521103.150918632745743, 372051.00492125749588 ], [ 7521004.461286082863808, 372053.901246726512909 ], [ 7520938.922572180628777, 372057.373687669634819 ], [ 7520708.454068243503571, 372067.355971127748489 ], [ 7520539.617454066872597, 372073.432414695620537 ] ] ] } },
{ "type": "Feature", "properties": { "FULLNAME": "SW BROOKLANE DR", "BIKE_FAC": "Bike Lane" }, "geometry": { "type": "MultiLineString", "coordinates": [ [ [ 7476844.31922572851181, 333006.824475064873695 ], [ 7476813.119094491004944, 332851.604330703616142 ], [ 7476778.476049870252609, 332623.334645673632622 ] ] ] } },
{ "type": "Feature", "properties": { "FULLNAME": "NW HIGHLAND DR", "BIKE_FAC": "Bike Lane" }, "geometry": { "type": "MultiLineString", "coordinates": [ [ [ 7483265.270341202616692, 359444.504593178629875 ], [ 7483260.011154860258102, 359263.276902884244919 ], [ 7483253.289370074868202, 359087.020341202616692 ], [ 7483250.760498687624931, 359056.756561681628227 ], [ 7483246.420275583863258, 359017.585629925131798 ], [ 7483242.578740164637566, 358994.571194231510162 ], [ 7483236.112204730510712, 358963.440616801381111 ], [ 7483226.455052495002747, 358925.571522310376167 ], [ 7483214.953412070870399, 358890.198490813374519 ], [ 7483201.82414698600769, 358857.537729665637016 ], [ 7483194.595144361257553, 358841.677165359258652 ], [ 7483179.905511811375618, 358812.941601052880287 ], [ 7483170.899606302380562, 358795.688976377248764 ], [ 7483155.708661422133446, 358769.755577430129051 ], [ 7483143.425524935126305, 358749.994422569870949 ], [ 7483117.622703418135643, 358712.030183732509613 ], [ 7483082.683398947119713, 358659.621062994003296 ], [ 7483065.539370074868202, 358631.951771646738052 ], [ 7483052.301509186625481, 358608.623031497001648 ], [ 7483038.846456691622734, 358583.44914698600769 ], [ 7483011.372703418135643, 358520.428477689623833 ], [ 7483001.954068243503571, 358496.166338577866554 ], [ 7482993.750984251499176, 358471.817257210612297 ], [ 7482988.41240157186985, 358452.676837265491486 ], [ 7482984.115485563874245, 358437.96325458586216 ], [ 7482977.893044620752335, 358409.109908133745193 ], [ 7482971.816601052880287, 358370.047244101762772 ], [ 7482965.756233602762222, 358307.233923882246017 ], [ 7482963.28248031437397, 358261.270341202616692 ], [ 7482956.120734915137291, 358105.541338577866554 ], [ 7482951.563648298382759, 357983.015091866254807 ], [ 7482942.405511811375618, 357734.794619426131248 ], [ 7482930.252952754497528, 357434.100393697619438 ], [ 7482918.794619426131248, 357154.239173233509064 ] ] ] } },
{ "type": "Feature", "properties": { "FULLNAME": "NW CRESCENT VALLEY DR", "BIKE_FAC": "Bike Lane" }, "geometry": { "type": "MultiLineString", "coordinates": [ [ [ 7482918.794619426131248, 357154.239173233509064 ], [ 7481946.0, 357303.656167984008789 ], [ 7481681.499671921133995, 357345.593832015991211 ], [ 7481640.000328078866005, 357355.031496062874794 ], [ 7481596.274278208613396, 357372.366141736507416 ], [ 7481561.632217854261398, 357394.450131237506866 ], [ 7481537.382545933127403, 357413.070866137742996 ], [ 7481512.700131237506866, 357436.454396322369576 ], [ 7481493.646981626749039, 357456.806430444121361 ], [ 7481478.058070868253708, 357478.45767717063427 ], [ 7481465.500328078866005, 357497.943897634744644 ], [ 7481450.0, 357530.468832015991211 ], [ 7481442.549868762493134, 357555.969816267490387 ], [ 7481435.621062994003296, 357594.942257210612297 ], [ 7481433.888779520988464, 357644.307414695620537 ], [ 7481435.621062994003296, 357715.756889760494232 ], [ 7481449.499671921133995, 358040.718832015991211 ], [ 7481450.98523622751236, 358141.0 ], [ 7481463.334973752498627, 358433.283792644739151 ], [ 7481462.901902884244919, 358486.546259835362434 ], [ 7481460.736548557877541, 358517.724409446120262 ], [ 7481455.107611551880836, 358547.603346452116966 ], [ 7481449.478346452116966, 358572.285761147737503 ], [ 7481438.219488188624382, 358603.030839890241623 ], [ 7481425.66174541413784, 358628.146653547883034 ], [ 7481407.90748031437397, 358653.69488188624382 ], [ 7481389.720144361257553, 358678.377296581864357 ], [ 7481360.274606302380562, 358705.658136487007141 ], [ 7481339.488845139741898, 358722.113517060875893 ], [ 7481309.176837265491486, 358739.867454066872597 ], [ 7481286.22670604288578, 358750.693241477012634 ], [ 7481260.678149610757828, 358759.353674545884132 ], [ 7481242.491141736507416, 358764.116797894239426 ], [ 7481198.321850389242172, 358771.045603677630424 ], [ 7481161.081364825367928, 358773.643700793385506 ], [ 7480971.415682420134544, 358781.438320204615593 ], [ 7479936.0, 358818.781167984008789 ], [ 7479855.06988188624382, 358821.709645673632622 ], [ 7479824.325131237506866, 358824.308070868253708 ], [ 7479787.084973752498627, 358829.071194231510162 ], [ 7479745.947178483009338, 358838.598097115755081 ] ] ] } },
{ "type": "Feature", "properties": { "FULLNAME": "NE WILLIAM R. CARR ST", "BIKE_FAC": "Bike Lane" }, "geometry": { "type": "MultiLineString", "coordinates": [ [ [ 7494111.5, 378419.968832015991211 ], [ 7494108.0, 378403.749671921133995 ], [ 7494109.999671921133995, 378347.125 ], [ 7494112.5, 378295.75 ], [ 7494114.0, 378276.655839890241623 ], [ 7494118.5, 378191.937335953116417 ], [ 7494132.5, 377960.687664046883583 ], [ 7494138.0, 377877.0 ], [ 7494153.0, 377624.906167984008789 ], [ 7494159.5, 377519.0 ], [ 7494167.000328078866005, 377409.0 ] ] ] } },
{ "type": "Feature", "properties": { "FULLNAME": "NW HIGHLAND DR", "BIKE_FAC": "Bike Lane" }, "geometry": { "type": "MultiLineString", "coordinates": [ [ [ 7482886.951115489006042, 356010.176181107759476 ], [ 7482848.975393697619438, 354762.154527559876442 ] ] ] } },
{ "type": "Feature", "properties": { "FULLNAME": "NW HIGHLAND DR", "BIKE_FAC": "Bike Lane" }, "geometry": { "type": "MultiLineString", "coordinates": [ [ [ 7482848.975393697619438, 354762.154527559876442 ], [ 7482847.239173233509064, 354706.251968502998352 ], [ 7482841.102034121751785, 354445.470472440123558 ], [ 7482840.164698168635368, 354390.236220479011536 ] ] ] } },
{ "type": "Feature", "properties": { "FULLNAME": "SW WEST HILLS RD", "BIKE_FAC": "Bike Lane" }, "geometry": { "type": "MultiLineString", "coordinates": [ [ [ 7462202.968503937125206, 337807.287073493003845 ], [ 7462008.809711292386055, 337794.913713917136192 ], [ 7461736.24015748500824, 337774.080380573868752 ], [ 7461579.99015748500824, 337761.927493438124657 ], [ 7461417.984580054879189, 337749.447178483009338 ] ] ] } },
{ "type": "Feature", "properties": { "FULLNAME": "SW RESERVOIR AVE", "BIKE_FAC": "Bike Lane" }, "geometry": { "type": "MultiLineString", "coordinates": [ [ [ 7469375.060695543885231, 340344.820538058876991 ], [ 7469142.927165359258652, 340352.705380573868752 ], [ 7468448.482939630746841, 340373.755905508995056 ], [ 7468390.105971127748489, 340371.802821516990662 ], [ 7468328.691272959113121, 340365.726377949118614 ], [ 7468287.024606302380562, 340360.083989500999451 ], [ 7468251.217191606760025, 340352.163057744503021 ], [ 7468207.814304456114769, 340340.118766397237778 ], [ 7468165.713582679629326, 340326.121391072869301 ], [ 7468089.3248031437397, 340295.739501312375069 ], [ 7468018.144356951117516, 340262.10236220061779 ], [ 7467940.974081367254257, 340217.397309705615044 ], [ 7467875.619094491004944, 340167.209973752498627 ], [ 7467830.210301831364632, 340127.553477689623833 ], [ 7467790.713910758495331, 340085.452755898237228 ], [ 7467741.321522310376167, 340024.25492125749588 ], [ 7467695.322834640741348, 339957.437992125749588 ], [ 7467611.460301831364632, 339839.142060369253159 ], [ 7467558.508858263492584, 339773.386811017990112 ], [ 7467522.354330703616142, 339730.201115489006042 ], [ 7467491.321194231510162, 339696.563976377248764 ], [ 7467452.605971127748489, 339660.756561681628227 ], [ 7467407.033136487007141, 339623.864501312375069 ], [ 7467376.955052495002747, 339601.186351701617241 ], [ 7467348.005577430129051, 339581.763779520988464 ], [ 7467318.795275583863258, 339563.100393697619438 ], [ 7467282.988188982009888, 339540.965223103761673 ], [ 7467232.423884510993958, 339513.187335953116417 ], [ 7467196.182414695620537, 339493.873031497001648 ], [ 7467155.296916007995605, 339476.294947504997253 ], [ 7467093.665026247501373, 339451.33825458586216 ], [ 7467046.355971127748489, 339436.581364825367928 ], [ 7466994.706692919135094, 339420.522309705615044 ], [ 7466928.892060369253159, 339403.720800518989563 ], [ 7466841.928805768489838, 339384.932086616754532 ], [ 7466755.123359575867653, 339372.345144361257553 ], [ 7466695.66174541413784, 339365.400918632745743 ], [ 7466641.622047245502472, 339361.753937005996704 ], [ 7466593.879265084862709, 339360.01837269961834 ], [ 7466481.900262460112572, 339350.469488188624382 ], [ 7466371.656824141740799, 339334.844160109758377 ], [ 7466308.289041996002197, 339324.427493438124657 ], [ 7466173.74015748500824, 339293.177821516990662 ], [ 7466030.511154860258102, 339256.719160109758377 ], [ 7465981.899934381246567, 339242.830708667635918 ], [ 7465826.518044620752335, 339191.615485563874245 ], [ 7465687.629265084862709, 339138.663713917136192 ], [ 7465094.747375324368477, 338891.268044620752335 ], [ 7464696.31003937125206, 338728.073490813374519 ], [ 7464472.351377949118614, 338631.719160109758377 ], [ 7464351.691929131746292, 338574.428149610757828 ], [ 7464235.372047245502472, 338504.983595803380013 ], [ 7464125.997047245502472, 338426.858267709612846 ], [ 7463995.789041996002197, 338313.143044620752335 ], [ 7463889.018044620752335, 338209.844488188624382 ], [ 7463731.032152235507965, 338034.497375324368477 ], [ 7463634.677821516990662, 337935.539041996002197 ], [ 7463573.045931756496429, 337886.06003937125206 ], [ 7463523.566601052880287, 337850.469160109758377 ], [ 7463487.97670604288578, 337827.031824141740799 ], [ 7463428.080708667635918, 337797.51837269961834 ], [ 7463368.18503937125206, 337773.21259842813015 ], [ 7463304.816601052880287, 337750.643044620752335 ] ] ] } },
{ "type": "Feature", "properties": { "FULLNAME": "SW 53RD ST", "BIKE_FAC": "Bike Lane" }, "geometry": { "type": "MultiLineString", "coordinates": [ [ [ 7469172.744750648736954, 334452.52755905687809 ], [ 7469164.543307080864906, 334235.312992125749588 ], [ 7469156.851377949118614, 334051.842847764492035 ] ] ] } },
{ "type": "Feature", "properties": { "FULLNAME": "SW 53RD ST", "BIKE_FAC": "Bike Lane" }, "geometry": { "type": "MultiLineString", "coordinates": [ [ [ 7469156.851377949118614, 334051.842847764492035 ], [ 7469151.000328078866005, 333903.625 ] ] ] } },
{ "type": "Feature", "properties": { "FULLNAME": "SW 53RD ST", "BIKE_FAC": "Bike Lane" }, "geometry": { "type": "MultiLineString", "coordinates": [ [ [ 7469151.000328078866005, 333903.625 ], [ 7469144.099081367254257, 333669.541338577866554 ] ] ] } },
{ "type": "Feature", "properties": { "FULLNAME": "SW 53RD ST", "BIKE_FAC": "Bike Lane" }, "geometry": { "type": "MultiLineString", "coordinates": [ [ [ 7469144.099081367254257, 333669.541338577866554 ], [ 7469136.28674541413784, 333467.284448817372322 ], [ 7469138.500328078866005, 333387.781496062874794 ], [ 7469150.1751968562603, 333323.187007874250412 ], [ 7469175.149278208613396, 333242.595800518989563 ] ] ] } },
{ "type": "Feature", "properties": { "FULLNAME": "NW OAK CREEK DR", "BIKE_FAC": "Bike Lane" }, "geometry": { "type": "MultiLineString", "coordinates": [ [ [ 7464276.753937005996704, 345811.473753273487091 ], [ 7464123.671587929129601, 346100.156824141740799 ], [ 7464047.733923882246017, 346256.447178483009338 ], [ 7464015.409776896238327, 346332.787729665637016 ], [ 7463996.15255905687809, 346389.183398947119713 ], [ 7463983.085301831364632, 346429.760498687624931 ], [ 7463974.144685044884682, 346462.084317579865456 ], [ 7463959.01410761475563, 346529.484251961112022 ], [ 7463941.820538058876991, 346616.140091866254807 ], [ 7463928.753280833363533, 346716.551509186625481 ], [ 7463917.133530184626579, 346843.642388448119164 ] ] ] } },
{ "type": "Feature", "properties": { "FULLNAME": "NW OAK CREEK DR", "BIKE_FAC": "Bike Lane" }, "geometry": { "type": "MultiLineString", "coordinates": [ [ [ 7463917.133530184626579, 346843.642388448119164 ], [ 7463895.741141736507416, 347077.62007874250412 ], [ 7463882.673884510993958, 347224.798556432127953 ], [ 7463875.108923882246017, 347319.708005249500275 ], [ 7463857.915026247501373, 347486.14337269961834 ], [ 7463851.725393697619438, 347523.969488188624382 ], [ 7463838.682742789387703, 347578.724081367254257 ], [ 7463831.651574805378914, 347601.684055119752884 ], [ 7463821.212926506996155, 347628.96259842813015 ], [ 7463805.479658797383308, 347665.746719166636467 ], [ 7463793.191272959113121, 347690.666994750499725 ], [ 7463766.932414695620537, 347736.457020998001099 ], [ 7463752.609580054879189, 347759.460301831364632 ], [ 7463727.5, 347792.468832015991211 ], [ 7463705.0, 347818.531167984008789 ], [ 7463652.513451442122459, 347873.833005249500275 ], [ 7463616.599737539887428, 347912.312335953116417 ], [ 7463564.438648298382759, 347972.168635174632072 ], [ 7463519.118438318371773, 348038.011154860258102 ], [ 7463483.204724416136742, 348095.302493438124657 ], [ 7463455.841535434126854, 348140.622047245502472 ], [ 7463425.058398947119713, 348203.044291332364082 ], [ 7463408.811023622751236, 348243.233595803380013 ], [ 7463391.709317579865456, 348288.553805768489838 ] ] ] } },
{ "type": "Feature", "properties": { "FULLNAME": "QUARRY RD NW", "BIKE_FAC": "Bike Lane" }, "geometry": { "type": "MultiLineString", "coordinates": [ [ [ 7522601.334973752498627, 371741.885826766490936 ], [ 7522653.405183732509613, 371783.00918635725975 ], [ 7522688.117782145738602, 371814.270997375249863 ], [ 7522701.582020998001099, 371827.713910758495331 ], [ 7522800.540354326367378, 371924.502296581864357 ], [ 7522828.5, 371946.812335953116417 ], [ 7522846.547572180628777, 371958.790682420134544 ], [ 7522866.512467190623283, 371970.075131237506866 ], [ 7522888.66174541413784, 371979.298556432127953 ] ] ] } },
{ "type": "Feature", "properties": { "FULLNAME": "QUARRY RD NW", "BIKE_FAC": "Bike Lane" }, "geometry": { "type": "MultiLineString", "coordinates": [ [ [ 7521985.001968502998352, 371299.936023622751236 ], [ 7522200.280183732509613, 371454.88418635725975 ] ] ] } },
{ "type": "Feature", "properties": { "FULLNAME": "QUARRY RD NW", "BIKE_FAC": "Bike Lane" }, "geometry": { "type": "MultiLineString", "coordinates": [ [ [ 7522200.280183732509613, 371454.88418635725975 ], [ 7522368.682742789387703, 371575.544291332364082 ], [ 7522393.435695543885231, 371595.184055119752884 ] ] ] } },
{ "type": "Feature", "properties": { "FULLNAME": "QUARRY RD NW", "BIKE_FAC": "Bike Lane" }, "geometry": { "type": "MultiLineString", "coordinates": [ [ [ 7522888.66174541413784, 371979.298556432127953 ], [ 7522907.758858263492584, 371983.638779520988464 ], [ 7522945.953083992004395, 371988.84744094312191 ], [ 7522972.429133862257004, 371989.715223103761673 ], [ 7523167.5, 371982.75 ], [ 7523320.085301831364632, 371977.562664046883583 ], [ 7523525.55577427148819, 371970.382217854261398 ], [ 7523643.001640424132347, 371966.277887135744095 ], [ 7523819.217191606760025, 371961.069553807377815 ] ] ] } },
{ "type": "Feature", "properties": { "FULLNAME": "QUARRY RD NW", "BIKE_FAC": "Bike Lane" }, "geometry": { "type": "MultiLineString", "coordinates": [ [ [ 7523819.217191606760025, 371961.069553807377815 ], [ 7523875.640419945120811, 371958.465551182627678 ], [ 7523905.58825458586216, 371957.597769021987915 ], [ 7523935.970472440123558, 371953.690944880247116 ], [ 7523977.637139111757278, 371945.44488188624382 ], [ 7524015.39763779938221, 371936.764435693621635 ], [ 7524159.016732290387154, 371896.243110239505768 ], [ 7524208.106299206614494, 371881.208661422133446 ], [ 7524239.355971127748489, 371872.094160109758377 ], [ 7524265.338910758495331, 371866.24507874250412 ], [ 7524379.980971127748489, 371833.899278208613396 ] ] ] } },
{ "type": "Feature", "properties": { "FULLNAME": "QUARRY RD NW", "BIKE_FAC": "Bike Lane" }, "geometry": { "type": "MultiLineString", "coordinates": [ [ [ 7524379.980971127748489, 371833.899278208613396 ], [ 7524510.623359575867653, 371798.309383198618889 ] ] ] } },
{ "type": "Feature", "properties": { "FULLNAME": "QUARRY RD NW", "BIKE_FAC": "Bike Lane" }, "geometry": { "type": "MultiLineString", "coordinates": [ [ [ 7524510.623359575867653, 371798.309383198618889 ], [ 7524629.546587929129601, 371763.586942255496979 ], [ 7525073.258202105760574, 371638.91174541413784 ] ] ] } },
{ "type": "Feature", "properties": { "FULLNAME": "SW 45TH ST", "BIKE_FAC": "Bike Lane" }, "geometry": { "type": "MultiLineString", "coordinates": [ [ [ 7471975.093832015991211, 333249.074475064873695 ], [ 7471971.553805768489838, 333100.028215229511261 ], [ 7471966.5, 332853.343503937125206 ], [ 7471958.966863512992859, 332693.778215229511261 ], [ 7471954.0, 332659.531167984008789 ], [ 7471934.5, 332571.375 ], [ 7471910.789698168635368, 332508.882217854261398 ], [ 7471858.0, 332389.093832015991211 ], [ 7471833.0, 332326.593832015991211 ], [ 7471815.0, 332252.375 ], [ 7471811.5, 332235.437335953116417 ], [ 7471802.500328078866005, 332163.812664046883583 ], [ 7471796.5, 331995.843832015991211 ], [ 7471792.770013123750687, 331908.44914698600769 ] ] ] } },
{ "type": "Feature", "properties": { "FULLNAME": "SCENIC DR NW", "BIKE_FAC": "Bike Lane" }, "geometry": { "type": "MultiLineString", "coordinates": [ [ [ 7514564.309055119752884, 372576.15255905687809 ], [ 7514586.878608927130699, 373213.30511811375618 ], [ 7514592.955052495002747, 373407.75 ] ] ] } },
{ "type": "Feature", "properties": { "FULLNAME": "SCENIC DR NW", "BIKE_FAC": "Bike Lane" }, "geometry": { "type": "MultiLineString", "coordinates": [ [ [ 7514592.955052495002747, 373407.75 ], [ 7514598.163713917136192, 373575.284776896238327 ], [ 7514603.80577427148819, 373784.919947504997253 ], [ 7514609.448162734508514, 374013.652230978012085 ], [ 7514638.528215229511261, 374964.60728345811367 ] ] ] } },
{ "type": "Feature", "properties": { "FULLNAME": "GIBSON HILL RD NW", "BIKE_FAC": "Bike Lane" }, "geometry": { "type": "MultiLineString", "coordinates": [ [ [ 7516703.679461941123009, 372160.672244101762772 ], [ 7516495.780511811375618, 372168.050524935126305 ], [ 7516387.27329395711422, 372170.654527559876442 ] ] ] } },
{ "type": "Feature", "properties": { "FULLNAME": "GIBSON HILL RD NW", "BIKE_FAC": "Bike Lane" }, "geometry": { "type": "MultiLineString", "coordinates": [ [ [ 7517511.405183732509613, 372181.505249351263046 ], [ 7517382.664698168635368, 372184.33825458586216 ], [ 7517281.804461941123009, 372182.807414695620537 ], [ 7517209.322178483009338, 372178.467191606760025 ], [ 7517024.86023622751236, 372165.446522310376167 ], [ 7516961.492125988006592, 372161.106299206614494 ], [ 7516889.877624675631523, 372157.633858263492584 ], [ 7516810.016404196619987, 372157.633858263492584 ], [ 7516703.679461941123009, 372160.672244101762772 ] ] ] } },
{ "type": "Feature", "properties": { "FULLNAME": "SCENIC DR NW", "BIKE_FAC": "Bike Lane" }, "geometry": { "type": "MultiLineString", "coordinates": [ [ [ 7514655.455380573868752, 375482.402887135744095 ], [ 7514657.191272959113121, 375563.131889760494232 ], [ 7514655.000328078866005, 375646.562664046883583 ], [ 7514652.850721791386604, 375679.885170608758926 ] ] ] } },
{ "type": "Feature", "properties": { "FULLNAME": "SCENIC DR NW", "BIKE_FAC": "Bike Lane" }, "geometry": { "type": "MultiLineString", "coordinates": [ [ [ 7514652.850721791386604, 375679.885170608758926 ], [ 7514645.906496062874794, 375737.611220479011536 ], [ 7514632.451771646738052, 375797.940616801381111 ], [ 7514608.0, 375890.218832015991211 ], [ 7514592.955052495002747, 375938.999671921133995 ], [ 7514577.330380573868752, 375983.704396322369576 ], [ 7514563.441272959113121, 376020.597112864255905 ], [ 7514547.815944880247116, 376057.489173233509064 ], [ 7514533.927493438124657, 376085.701115489006042 ], [ 7514514.396325454115868, 376122.159448817372322 ], [ 7514489.656496062874794, 376162.089895009994507 ], [ 7514455.368438318371773, 376214.60728345811367 ], [ 7514432.364829391241074, 376247.159776896238327 ], [ 7514401.548884510993958, 376287.524278208613396 ], [ 7514322.122047245502472, 376385.614173233509064 ], [ 7514274.378937005996704, 376448.98228345811367 ], [ 7514254.847769021987915, 376477.19422572851181 ], [ 7514223.597769021987915, 376524.937007874250412 ], [ 7514202.330380573868752, 376562.697506561875343 ], [ 7514179.760826766490936, 376604.364173233509064 ], [ 7514168.475721791386604, 376628.236220479011536 ], [ 7514151.566601052880287, 376667.606299206614494 ], [ 7514130.715223103761673, 376723.722112864255905 ], [ 7514110.750328078866005, 376786.656167984008789 ], [ 7514097.729002624750137, 376833.531167984008789 ], [ 7514083.840551182627678, 376891.256889760494232 ], [ 7514078.632217854261398, 376922.073162734508514 ], [ 7514073.423884510993958, 376965.909448817372322 ], [ 7514068.215551182627678, 377023.201115489006042 ], [ 7514066.479330703616142, 377060.52755905687809 ], [ 7514066.479330703616142, 377106.100721791386604 ], [ 7514070.819553807377815, 377265.38910761475563 ], [ 7514083.840551182627678, 377775.805446192622185 ] ] ] } },
{ "type": "Feature", "properties": { "FULLNAME": "SCENIC DR NW", "BIKE_FAC": "Bike Lane" }, "geometry": { "type": "MultiLineString", "coordinates": [ [ [ 7514555.194553807377815, 372246.291338577866554 ], [ 7514556.062992125749588, 372333.531167984008789 ], [ 7514560.837270334362984, 372444.208005249500275 ], [ 7514564.309055119752884, 372576.15255905687809 ] ] ] } },
{ "type": "Feature", "properties": { "FULLNAME": "SCENIC DR NW", "BIKE_FAC": "Bike Lane" }, "geometry": { "type": "MultiLineString", "coordinates": [ [ [ 7514496.600721791386604, 370212.003280833363533 ], [ 7514500.073162734508514, 370318.774278208613396 ], [ 7514504.562992125749588, 370469.943897634744644 ], [ 7514511.160433068871498, 370673.936679795384407 ], [ 7514515.847769021987915, 370835.916010499000549 ], [ 7514518.104658797383308, 370923.936679795384407 ], [ 7514535.229658797383308, 371610.006889760494232 ], [ 7514544.450131237506866, 371904.001968502998352 ], [ 7514549.552165359258652, 372175.544619426131248 ], [ 7514555.194553807377815, 372246.291338577866554 ] ] ] } },
{ "type": "Feature", "properties": { "FULLNAME": "SPRINGHILL DR", "BIKE_FAC": "Bike Lane" }, "geometry": { "type": "MultiLineString", "coordinates": [ [ [ 7524964.250656172633171, 369701.61515748500824 ], [ 7525002.852690294384956, 369989.530511811375618 ] ] ] } },
{ "type": "Feature", "properties": { "FULLNAME": "SPRINGHILL DR", "BIKE_FAC": "Bike Lane" }, "geometry": { "type": "MultiLineString", "coordinates": [ [ [ 7524931.361876636743546, 369456.803149610757828 ], [ 7524964.250656172633171, 369701.61515748500824 ] ] ] } },
{ "type": "Feature", "properties": { "FULLNAME": "SPRINGHILL DR", "BIKE_FAC": "Bike Lane" }, "geometry": { "type": "MultiLineString", "coordinates": [ [ [ 7524845.424212604761124, 369068.348425194621086 ], [ 7524872.768044620752335, 369159.928149610757828 ], [ 7524890.563320204615593, 369232.411089241504669 ], [ 7524904.452427819371223, 369295.345144361257553 ], [ 7524913.132545933127403, 369342.219816267490387 ], [ 7524923.026574805378914, 369401.778215229511261 ] ] ] } },
{ "type": "Feature", "properties": { "FULLNAME": "SPRINGHILL DR", "BIKE_FAC": "Bike Lane" }, "geometry": { "type": "MultiLineString", "coordinates": [ [ [ 7524712.734251961112022, 368637.774606302380562 ], [ 7524741.08267717063427, 368727.849081367254257 ], [ 7524778.584317579865456, 368850.466207355260849 ], [ 7524845.424212604761124, 369068.348425194621086 ] ] ] } },
{ "type": "Feature", "properties": { "FULLNAME": "QUARRY RD NW", "BIKE_FAC": "Bike Lane" }, "geometry": { "type": "MultiLineString", "coordinates": [ [ [ 7521348.283464565873146, 370901.498687669634819 ], [ 7521385.17585301399231, 370901.498687669634819 ], [ 7521408.179461941123009, 370905.405183732509613 ], [ 7521433.353018373250961, 370911.915354326367378 ], [ 7521455.488517060875893, 370921.030183732509613 ], [ 7521503.23162730038166, 370952.714238852262497 ], [ 7521602.623687669634819, 371026.06496062874794 ], [ 7521907.741797894239426, 371243.94422572851181 ] ] ] } },
{ "type": "Feature", "properties": { "FULLNAME": "QUARRY RD NW", "BIKE_FAC": "Bike Lane" }, "geometry": { "type": "MultiLineString", "coordinates": [ [ [ 7521907.741797894239426, 371243.94422572851181 ], [ 7521907.745406821370125, 371243.946850389242172 ], [ 7521985.001968502998352, 371299.936023622751236 ] ] ] } },
{ "type": "Feature", "properties": { "FULLNAME": "NW HIGHLAND DR", "BIKE_FAC": "Bike Lane" }, "geometry": { "type": "MultiLineString", "coordinates": [ [ [ 7483392.984251961112022, 363029.124015748500824 ], [ 7483393.162729665637016, 362973.085301831364632 ], [ 7483375.10728345811367, 362463.710301831364632 ], [ 7483368.85728345811367, 362307.112860888242722 ], [ 7483349.386811017990112, 361761.200459316372871 ], [ 7483339.343503937125206, 361447.8248031437397 ], [ 7483331.921587929129601, 361252.77263779938221 ], [ 7483328.405839890241623, 361150.038385823369026 ], [ 7483324.453412070870399, 361043.654855638742447 ], [ 7483318.770341202616692, 360833.762139111757278 ], [ 7483313.692257210612297, 360675.819553807377815 ], [ 7483307.833005249500275, 360513.319553807377815 ], [ 7483304.317257210612297, 360433.241469815373421 ], [ 7483299.239173233509064, 360320.871719166636467 ] ] ] } },
{ "type": "Feature", "properties": { "FULLNAME": "NW HIGHLAND DR", "BIKE_FAC": "Bike Lane" }, "geometry": { "type": "MultiLineString", "coordinates": [ [ [ 7483299.239173233509064, 360320.871719166636467 ], [ 7483265.270341202616692, 359444.504593178629875 ] ] ] } },
{ "type": "Feature", "properties": { "FULLNAME": "S 19TH ST", "BIKE_FAC": "Bike Lane" }, "geometry": { "type": "MultiLineString", "coordinates": [ [ [ 7456785.499671921133995, 330592.468832015991211 ], [ 7456767.5, 330302.875 ] ] ] } },
{ "type": "Feature", "properties": { "FULLNAME": "SPRINGHILLDR", "BIKE_FAC": "Bike Lane" }, "geometry": { "type": "MultiLineString", "coordinates": [ [ [ 7524290.561679795384407, 367661.963582679629326 ], [ 7524305.145013123750687, 367688.786417320370674 ], [ 7524350.45767717063427, 367771.078083992004395 ], [ 7524390.251640424132347, 367843.938320204615593 ], [ 7524466.641076117753983, 367995.84744094312191 ], [ 7524502.665354326367378, 368070.500656172633171 ], [ 7524542.595800518989563, 368155.570209980010986 ], [ 7524586.866469815373421, 368258.868438318371773 ], [ 7524651.536417320370674, 368444.198162734508514 ], [ 7524712.734251961112022, 368637.774606302380562 ] ] ] } },
{ "type": "Feature", "properties": { "FULLNAME": "NW OAK CREEK DR", "BIKE_FAC": "Bike Lane" }, "geometry": { "type": "MultiLineString", "coordinates": [ [ [ 7469429.276902884244919, 342477.331364825367928 ], [ 7469185.52329395711422, 342457.068897634744644 ], [ 7469087.674868762493134, 342447.576443567872047 ], [ 7469035.140091866254807, 342446.383530184626579 ], [ 7468991.630905508995056, 342446.616469815373421 ], [ 7468932.684711292386055, 342449.599737539887428 ], [ 7468874.679461941123009, 342454.230314955115318 ], [ 7468766.966863512992859, 342467.354986876249313 ], [ 7468648.283136487007141, 342485.553149610757828 ], [ 7468512.984251961112022, 342511.663385823369026 ], [ 7468025.772309705615044, 342614.082349076867104 ], [ 7467896.431758522987366, 342640.992125988006592 ], [ 7467743.653871387243271, 342674.846456691622734 ], [ 7467663.792650923132896, 342701.756233602762222 ], [ 7467609.105643048882484, 342727.797572180628777 ], [ 7467574.383202105760574, 342746.894685044884682 ], [ 7467547.473425194621086, 342766.86023622751236 ], [ 7467500.598425194621086, 342801.582349076867104 ], [ 7467454.591535434126854, 342844.117454066872597 ], [ 7467434.626312330365181, 342865.818569555878639 ], [ 7467346.084317579865456, 342970.853346452116966 ], [ 7466412.9251968562603, 344082.832349076867104 ], [ 7466317.438648298382759, 344191.339238852262497 ], [ 7466222.5, 344284.062664046883583 ], [ 7466126.466863512992859, 344364.950459316372871 ], [ 7465612.624671921133995, 344770.647965878248215 ], [ 7465449.43011811375618, 344896.516076117753983 ] ] ] } },
{ "type": "Feature", "properties": { "FULLNAME": "NW MOUNTAIN VIEW DR", "BIKE_FAC": "Bike Lane" }, "geometry": { "type": "MultiLineString", "coordinates": [ [ [ 7485344.0, 366504.281496062874794 ], [ 7485337.499671921133995, 366290.749671921133995 ], [ 7485332.5, 366167.468832015991211 ], [ 7485326.5, 365954.968832015991211 ], [ 7485321.539041996002197, 365791.652230978012085 ], [ 7485319.369422569870949, 365733.926181107759476 ] ] ] } },
{ "type": "Feature", "properties": { "FULLNAME": "NW MOUNTAIN VIEW DR", "BIKE_FAC": "Bike Lane" }, "geometry": { "type": "MultiLineString", "coordinates": [ [ [ 7485319.369422569870949, 365733.926181107759476 ], [ 7485296.848425194621086, 365064.937664046883583 ] ] ] } },
{ "type": "Feature", "properties": { "FULLNAME": "NW MOUNTAIN VIEW DR", "BIKE_FAC": "Bike Lane" }, "geometry": { "type": "MultiLineString", "coordinates": [ [ [ 7485296.848425194621086, 365064.937664046883583 ], [ 7485251.443897634744644, 363667.954068243503571 ] ] ] } },
{ "type": "Feature", "properties": { "FULLNAME": "NW LEWISBURG AVE", "BIKE_FAC": "Bike Lane" }, "geometry": { "type": "MultiLineString", "coordinates": [ [ [ 7481256.122375324368477, 363105.249671921133995 ], [ 7481223.136482939124107, 363105.249671921133995 ], [ 7481001.78248031437397, 363114.364173233509064 ], [ 7480596.400262460112572, 363129.121062994003296 ], [ 7480504.820209980010986, 363132.159448817372322 ] ] ] } },
{ "type": "Feature", "properties": { "FULLNAME": "NW MOUNTAIN VIEW DR", "BIKE_FAC": "Bike Lane" }, "geometry": { "type": "MultiLineString", "coordinates": [ [ [ 7485251.443897634744644, 363667.954068243503571 ], [ 7485235.81922572851181, 363062.919619426131248 ] ] ] } },
{ "type": "Feature", "properties": { "FULLNAME": "NW LEWISBURG AVE", "BIKE_FAC": "Bike Lane" }, "geometry": { "type": "MultiLineString", "coordinates": [ [ [ 7485235.81922572851181, 363062.919619426131248 ], [ 7484647.277230978012085, 363086.356955379247665 ], [ 7484178.154199481010437, 363102.651246726512909 ] ] ] } },
{ "type": "Feature", "properties": { "FULLNAME": "NW LEWISBURG AVE", "BIKE_FAC": "Bike Lane" }, "geometry": { "type": "MultiLineString", "coordinates": [ [ [ 7481756.909120738506317, 363088.862532809376717 ], [ 7481256.122375324368477, 363105.249671921133995 ] ] ] } },
{ "type": "Feature", "properties": { "FULLNAME": "NW LEWISBURG AVE", "BIKE_FAC": "Bike Lane" }, "geometry": { "type": "MultiLineString", "coordinates": [ [ [ 7486481.150918632745743, 363019.753937005996704 ], [ 7485235.81922572851181, 363062.919619426131248 ] ] ] } },
{ "type": "Feature", "properties": { "FULLNAME": "NW LEWISBURG AVE", "BIKE_FAC": "Bike Lane" }, "geometry": { "type": "MultiLineString", "coordinates": [ [ [ 7484178.154199481010437, 363102.651246726512909 ], [ 7484045.341863512992859, 363099.178805768489838 ], [ 7483971.691601052880287, 363089.476377949118614 ], [ 7483900.376312330365181, 363080.081692919135094 ], [ 7483849.161417320370674, 363069.665026247501373 ], [ 7483655.571194231510162, 363029.124015748500824 ], [ 7483617.810695543885231, 363024.349737539887428 ], [ 7483580.484251961112022, 363020.442913383245468 ], [ 7483526.230643048882484, 363018.27329395711422 ], [ 7483435.519028872251511, 363017.838910758495331 ], [ 7483392.984251961112022, 363029.124015748500824 ] ] ] } },
{ "type": "Feature", "properties": { "FULLNAME": "NW LEWISBURG AVE", "BIKE_FAC": "Bike Lane" }, "geometry": { "type": "MultiLineString", "coordinates": [ [ [ 7483392.984251961112022, 363029.124015748500824 ], [ 7481756.909120738506317, 363088.862532809376717 ] ] ] } },
{ "type": "Feature", "properties": { "FULLNAME": "NW HIGHLAND DR", "BIKE_FAC": "Bike Lane" }, "geometry": { "type": "MultiLineString", "coordinates": [ [ [ 7482840.164698168635368, 354390.236220479011536 ], [ 7482833.128608927130699, 354093.203412070870399 ], [ 7482826.505249351263046, 353901.68011811375618 ], [ 7482824.012795269489288, 353881.743110239505768 ], [ 7482821.929461941123009, 353862.298884510993958 ], [ 7482818.804461941123009, 353842.854330703616142 ], [ 7482814.116797894239426, 353820.111220479011536 ], [ 7482812.05511811375618, 353810.073162734508514 ], [ 7482804.047572180628777, 353779.13910761475563 ], [ 7482794.846128612756729, 353753.270997375249863 ], [ 7482786.165354326367378, 353732.26410761475563 ], [ 7482778.34251968562603, 353713.853674545884132 ], [ 7482769.859251961112022, 353696.280839890241623 ], [ 7482758.638123363256454, 353674.839895009994507 ] ] ] } },
{ "type": "Feature", "properties": { "FULLNAME": "SW 45TH ST", "BIKE_FAC": "Bike Lane" }, "geometry": { "type": "MultiLineString", "coordinates": [ [ [ 7471792.770013123750687, 331908.44914698600769 ], [ 7471781.015748038887978, 331633.01476377248764 ], [ 7471772.5, 331305.312664046883583 ], [ 7471763.0, 330983.280839890241623 ], [ 7471747.16174541413784, 330573.986548557877541 ], [ 7471745.859251961112022, 330533.622047245502472 ], [ 7471745.859251961112022, 330496.729330703616142 ], [ 7471751.067913383245468, 330453.326771646738052 ], [ 7471758.012139111757278, 330419.472769021987915 ], [ 7471776.675524935126305, 330383.448490813374519 ], [ 7471802.812007874250412, 330343.867125988006592 ] ] ] } },
{ "type": "Feature", "properties": { "FULLNAME": "NW PONDEROSA AVE", "BIKE_FAC": "Bike Lane" }, "geometry": { "type": "MultiLineString", "coordinates": [ [ [ 7470018.915682420134544, 351508.875656172633171 ], [ 7469596.323818892240524, 351528.540026247501373 ], [ 7469144.510170608758926, 351538.22736220061779 ] ] ] } },
{ "type": "Feature", "properties": { "FULLNAME": "NW PONDEROSA AVE", "BIKE_FAC": "Bike Lane" }, "geometry": { "type": "MultiLineString", "coordinates": [ [ [ 7471240.987204730510712, 351457.935695543885231 ], [ 7470905.363188982009888, 351471.624015748500824 ] ] ] } },
{ "type": "Feature", "properties": { "FULLNAME": "NW PONDEROSA AVE", "BIKE_FAC": "Bike Lane" }, "geometry": { "type": "MultiLineString", "coordinates": [ [ [ 7471499.361876636743546, 351447.372703418135643 ], [ 7471264.83267717063427, 351457.539041996002197 ], [ 7471240.987204730510712, 351457.935695543885231 ] ] ] } },
{ "type": "Feature", "properties": { "FULLNAME": "NE CONIFER BLVD", "BIKE_FAC": "Bike Lane" }, "geometry": { "type": "MultiLineString", "coordinates": [ [ [ 7491770.091535434126854, 351330.047244101762772 ], [ 7491502.528215229511261, 351337.653871387243271 ], [ 7491339.76771654188633, 351342.862204730510712 ], [ 7491184.81988188624382, 351346.247375324368477 ], [ 7490898.833005249500275, 351353.233923882246017 ], [ 7490588.069553807377815, 351363.650590553879738 ], [ 7490528.173884510993958, 351367.122375324368477 ], [ 7490496.799212604761124, 351371.507874011993408 ], [ 7490470.013779520988464, 351376.670931756496429 ], [ 7490436.159776896238327, 351384.483595803380013 ] ] ] } },
{ "type": "Feature", "properties": { "FULLNAME": "NW OAK CREEK DR", "BIKE_FAC": "Bike Lane" }, "geometry": { "type": "MultiLineString", "coordinates": [ [ [ 7462906.0, 349064.718832015991211 ], [ 7462887.0, 349212.906496062874794 ], [ 7462873.0, 349327.187335953116417 ], [ 7462867.5, 349388.281167984008789 ], [ 7462864.0, 349457.75 ], [ 7462868.5, 349629.375 ] ] ] } },
{ "type": "Feature", "properties": { "FULLNAME": "NE CONIFER BLVD", "BIKE_FAC": "Bike Lane" }, "geometry": { "type": "MultiLineString", "coordinates": [ [ [ 7490436.159776896238327, 351384.483595803380013 ], [ 7490411.919619426131248, 351392.138779520988464 ] ] ] } },
{ "type": "Feature", "properties": { "FULLNAME": "NW OAK CREEK DR", "BIKE_FAC": "Bike Lane" }, "geometry": { "type": "MultiLineString", "coordinates": [ [ [ 7463391.709317579865456, 348288.553805768489838 ], [ 7463382.303477689623833, 348308.734251961112022 ], [ 7463303.634514436125755, 348510.536417320370674 ], [ 7463259.169947504997253, 348629.394685044884682 ], [ 7463233.517060369253159, 348698.657152235507965 ], [ 7463210.429461941123009, 348749.96325458586216 ], [ 7463192.472112864255905, 348788.442585304379463 ], [ 7463171.0, 348833.25 ], [ 7463137.499671921133995, 348882.218832015991211 ], [ 7463091.5, 348935.812335953116417 ], [ 7463064.499671921133995, 348960.875 ], [ 7463031.000328078866005, 348989.781496062874794 ], [ 7463005.5, 349009.843503937125206 ], [ 7462986.500328078866005, 349022.687664046883583 ], [ 7462956.480643048882484, 349041.395997375249863 ], [ 7462906.0, 349064.718832015991211 ] ] ] } },
{ "type": "Feature", "properties": { "FULLNAME": "NW OAK CREEK DR", "BIKE_FAC": "Bike Lane" }, "geometry": { "type": "MultiLineString", "coordinates": [ [ [ 7465449.43011811375618, 344896.516076117753983 ], [ 7465314.013451442122459, 344991.13418635725975 ], [ 7465194.221784770488739, 345067.522965878248215 ], [ 7465073.561679795384407, 345139.571522310376167 ], [ 7464961.58267717063427, 345199.46751968562603 ], [ 7464830.506233602762222, 345265.439632549881935 ], [ 7464769.455708667635918, 345293.616469815373421 ] ] ] } },
{ "type": "Feature", "properties": { "FULLNAME": "US HWY 20", "BIKE_FAC": "Bike Lane" }, "geometry": { "type": "MultiLineString", "coordinates": [ [ [ 7485110.177821516990662, 343383.038057744503021 ], [ 7485137.174540683627129, 343399.400918632745743 ], [ 7485257.821194231510162, 343473.858267709612846 ], [ 7485300.182414695620537, 343499.85662730038166 ], [ 7485321.427821516990662, 343512.812335953116417 ], [ 7485341.341207355260849, 343524.400918632745743 ], [ 7485394.637467190623283, 343555.162729665637016 ], [ 7485433.858595803380013, 343577.317585304379463 ], [ 7485466.73162730038166, 343595.364501312375069 ], [ 7485584.613845139741898, 343659.730643048882484 ], [ 7485856.879265084862709, 343807.690616801381111 ], [ 7486350.138779520988464, 344076.375656172633171 ], [ 7486435.121391072869301, 344122.946850389242172 ] ] ] } },
{ "type": "Feature", "properties": { "FULLNAME": "SW WEST HILLS RD", "BIKE_FAC": "Bike Lane" }, "geometry": { "type": "MultiLineString", "coordinates": [ [ [ 7463304.816601052880287, 337750.643044620752335 ], [ 7463283.11515748500824, 337744.566601052880287 ], [ 7463220.61515748500824, 337729.809711292386055 ], [ 7463155.663385823369026, 337721.38418635725975 ], [ 7463102.56003937125206, 337715.920603677630424 ], [ 7463027.038713917136192, 337716.789041996002197 ], [ 7462977.559711292386055, 337720.260826766490936 ], [ 7462920.26771654188633, 337728.941601052880287 ], [ 7462865.580708667635918, 337739.358595803380013 ], [ 7462737.976377949118614, 337762.795931756496429 ], [ 7462570.441929131746292, 337792.309711292386055 ], [ 7462474.08759842813015, 337801.858267709612846 ], [ 7462371.656824141740799, 337807.934711292386055 ], [ 7462202.968503937125206, 337807.287073493003845 ] ] ] } },
{ "type": "Feature", "properties": { "FULLNAME": "WEST HILLS RD", "BIKE_FAC": "Bike Lane" }, "geometry": { "type": "MultiLineString", "coordinates": [ [ [ 7461417.984580054879189, 337749.447178483009338 ], [ 7461246.109908133745193, 337737.294291332364082 ], [ 7461081.179133862257004, 337722.53740157186985 ], [ 7460862.429133862257004, 337693.891404196619987 ], [ 7460748.5, 337676.375 ], [ 7460384.0, 337607.999671921133995 ], [ 7460226.500328078866005, 337576.781167984008789 ], [ 7459792.499671921133995, 337491.718503937125206 ], [ 7459464.499671921133995, 337426.593503937125206 ], [ 7459060.999671921133995, 337348.562335953116417 ], [ 7458990.000328078866005, 337335.093503937125206 ], [ 7458913.499671921133995, 337319.5 ], [ 7458803.0, 337298.5 ], [ 7458663.5, 337272.124671921133995 ] ] ] } },
{ "type": "Feature", "properties": { "FULLNAME": "SW WEST HILLS RD", "BIKE_FAC": "Bike Lane" }, "geometry": { "type": "MultiLineString", "coordinates": [ [ [ 7465552.487532809376717, 337223.531496062874794 ], [ 7465444.039370074868202, 337226.620734915137291 ], [ 7465357.233923882246017, 337236.168963253498077 ], [ 7465253.934711292386055, 337255.266076117753983 ], [ 7464397.164041996002197, 337428.877624675631523 ], [ 7464152.372375324368477, 337478.356955379247665 ], [ 7463878.066929131746292, 337533.043963253498077 ], [ 7463742.649934381246567, 337560.822178483009338 ], [ 7463621.122703418135643, 337584.259514436125755 ], [ 7463517.490485563874245, 337604.809383198618889 ], [ 7463465.156496062874794, 337612.986548557877541 ], [ 7463395.094816267490387, 337637.795603677630424 ] ] ] } },
{ "type": "Feature", "properties": { "FULLNAME": "WEST HILLS RD", "BIKE_FAC": "Bike Lane" }, "geometry": { "type": "MultiLineString", "coordinates": [ [ [ 7458663.5, 337272.124671921133995 ], [ 7458488.499671921133995, 337239.343832015991211 ], [ 7458417.0, 337224.75 ], [ 7458346.500328078866005, 337211.218832015991211 ], [ 7458306.0, 337201.843503937125206 ], [ 7458263.000328078866005, 337190.718832015991211 ], [ 7458219.5, 337177.187664046883583 ], [ 7458178.500328078866005, 337162.25 ], [ 7458164.0, 337156.343503937125206 ], [ 7458147.5, 337149.406167984008789 ], [ 7458132.5, 337142.125 ], [ 7458095.000328078866005, 337123.000328078866005 ], [ 7458071.0, 337109.125 ], [ 7458053.5, 337097.656167984008789 ], [ 7458034.500328078866005, 337085.499671921133995 ], [ 7458006.5, 337065.375 ], [ 7457991.0, 337052.875 ], [ 7457966.000328078866005, 337032.375 ], [ 7457945.499671921133995, 337014.343503937125206 ], [ 7457931.5, 337000.781167984008789 ], [ 7457910.5, 336979.25 ], [ 7457897.0, 336965.343503937125206 ] ] ] } },
{ "type": "Feature", "properties": { "FULLNAME": "SW 53RD ST", "BIKE_FAC": "Bike Lane" }, "geometry": { "type": "MultiLineString", "coordinates": [ [ [ 7469195.863188982009888, 335108.739829391241074 ], [ 7469188.999671921133995, 334790.687664046883583 ], [ 7469180.999671921133995, 334597.125 ] ] ] } },
{ "type": "Feature", "properties": { "FULLNAME": "SW 53RD ST", "BIKE_FAC": "Bike Lane" }, "geometry": { "type": "MultiLineString", "coordinates": [ [ [ 7469180.999671921133995, 334597.125 ], [ 7469172.744750648736954, 334452.52755905687809 ] ] ] } },
{ "type": "Feature", "properties": { "FULLNAME": "SW COUNTRY CLUB DR", "BIKE_FAC": "Bike Lane" }, "geometry": { "type": "MultiLineString", "coordinates": [ [ [ 7469175.149278208613396, 333242.595800518989563 ], [ 7468883.39271654188633, 333239.191929131746292 ], [ 7468626.984251961112022, 333237.233267709612846 ] ] ] } },
{ "type": "Feature", "properties": { "FULLNAME": "SW 45TH ST", "BIKE_FAC": "Bike Lane" }, "geometry": { "type": "MultiLineString", "coordinates": [ [ [ 7471984.095472440123558, 333547.480971127748489 ], [ 7471982.07414698600769, 333478.335301831364632 ], [ 7471977.499671921133995, 333331.562335953116417 ], [ 7471975.093832015991211, 333249.074475064873695 ] ] ] } },
{ "type": "Feature", "properties": { "FULLNAME": "SE CRYSTAL LAKE DR", "BIKE_FAC": "Bike Lane" }, "geometry": { "type": "MultiLineString", "coordinates": [ [ [ 7483839.377952754497528, 333436.653543308377266 ], [ 7483828.5, 332928.625 ] ] ] } },
{ "type": "Feature", "properties": { "FULLNAME": "SW 53RD ST", "BIKE_FAC": "Bike Lane" }, "geometry": { "type": "MultiLineString", "coordinates": [ [ [ 7469175.149278208613396, 333242.595800518989563 ], [ 7469190.222769021987915, 333188.13484251499176 ], [ 7469201.89337269961834, 333139.022309705615044 ], [ 7469208.701115489006042, 333088.450787395238876 ], [ 7469212.104986876249313, 333041.770341202616692 ], [ 7469212.104986876249313, 332997.034448817372322 ], [ 7469201.57414698600769, 332683.397309705615044 ] ] ] } },
{ "type": "Feature", "properties": { "FULLNAME": "SE CRYSTAL LAKE DR", "BIKE_FAC": "Bike Lane" }, "geometry": { "type": "MultiLineString", "coordinates": [ [ [ 7483828.5, 332928.625 ], [ 7483823.5, 332558.593832015991211 ] ] ] } },
{ "type": "Feature", "properties": { "FULLNAME": "SW 53RD ST", "BIKE_FAC": "Bike Lane" }, "geometry": { "type": "MultiLineString", "coordinates": [ [ [ 7469201.57414698600769, 332683.397309705615044 ], [ 7469189.421259835362434, 332317.512139111757278 ], [ 7469187.68503937125206, 332255.446194231510162 ], [ 7469179.004593178629875, 331996.331364825367928 ] ] ] } },
{ "type": "Feature", "properties": { "FULLNAME": "SW 53RD ST", "BIKE_FAC": "Bike Lane" }, "geometry": { "type": "MultiLineString", "coordinates": [ [ [ 7469179.004593178629875, 331996.331364825367928 ], [ 7469168.153543308377266, 331661.696522310376167 ] ] ] } },
{ "type": "Feature", "properties": { "FULLNAME": "N 19TH ST", "BIKE_FAC": "Bike Lane" }, "geometry": { "type": "MultiLineString", "coordinates": [ [ [ 7456846.000328078866005, 331566.812664046883583 ], [ 7456850.500328078866005, 331654.312335953116417 ], [ 7456868.999671921133995, 331955.031496062874794 ] ] ] } },
{ "type": "Feature", "properties": { "FULLNAME": "S 19TH ST", "BIKE_FAC": "Bike Lane" }, "geometry": { "type": "MultiLineString", "coordinates": [ [ [ 7456842.807086616754532, 331510.959645673632622 ], [ 7456835.5, 331383.156167984008789 ], [ 7456826.335301831364632, 331225.660104990005493 ] ] ] } },
{ "type": "Feature", "properties": { "FULLNAME": "S 19TH ST", "BIKE_FAC": "Bike Lane" }, "geometry": { "type": "MultiLineString", "coordinates": [ [ [ 7456821.141076117753983, 331139.926837265491486 ], [ 7456804.5, 330874.5 ] ] ] } },
{ "type": "Feature", "properties": { "FULLNAME": "S 19TH ST", "BIKE_FAC": "Bike Lane" }, "geometry": { "type": "MultiLineString", "coordinates": [ [ [ 7456804.5, 330874.5 ], [ 7456785.499671921133995, 330592.468832015991211 ] ] ] } },
{ "type": "Feature", "properties": { "FULLNAME": "SW 53RD ST", "BIKE_FAC": "Bike Lane" }, "geometry": { "type": "MultiLineString", "coordinates": [ [ [ 7469168.153543308377266, 331661.696522310376167 ], [ 7469161.209317579865456, 331451.626968502998352 ], [ 7469145.584317579865456, 330967.251968502998352 ], [ 7469144.109580054879189, 330916.513123363256454 ] ] ] } },
{ "type": "Feature", "properties": { "FULLNAME": "HWY 99W", "BIKE_FAC": "Bike Lane" }, "geometry": { "type": "MultiLineString", "coordinates": [ [ [ 7480358.996719166636467, 325587.696522310376167 ], [ 7480412.768700793385506, 326112.629593178629875 ] ] ] } },
{ "type": "Feature", "properties": { "FULLNAME": "HWY 99W", "BIKE_FAC": "Bike Lane" }, "geometry": { "type": "MultiLineString", "coordinates": [ [ [ 7469970.0, 250097.718503937125206 ], [ 7469955.0, 250187.671916007995605 ], [ 7469940.0, 250280.171916007995605 ], [ 7469913.0, 250444.671916007995605 ], [ 7469859.500328078866005, 250759.828083992004395 ] ] ] } },
{ "type": "Feature", "properties": { "FULLNAME": "GIBSON HILL RD NW", "BIKE_FAC": "Bike Lane" }, "geometry": { "type": "MultiLineString", "coordinates": [ [ [ 7519381.631233602762222, 372111.627296581864357 ], [ 7518951.241141736507416, 372126.352034121751785 ] ] ] } },
{ "type": "Feature", "properties": { "FULLNAME": "SE CRYSTAL LAKE DR", "BIKE_FAC": "Bike Lane" }, "geometry": { "type": "MultiLineString", "coordinates": [ [ [ 7483844.865485563874245, 333673.025262460112572 ], [ 7483839.377952754497528, 333436.653543308377266 ] ] ] } },
{ "type": "Feature", "properties": { "FULLNAME": "SE GOODNIGHT AVE", "BIKE_FAC": "Bike Lane" }, "geometry": { "type": "MultiLineString", "coordinates": [ [ [ 7483522.133202105760574, 329490.600065618753433 ], [ 7484198.913057744503021, 329481.78674541413784 ] ] ] } },
{ "type": "Feature", "properties": { "FULLNAME": "S 19TH ST", "BIKE_FAC": "Bike Lane" }, "geometry": { "type": "MultiLineString", "coordinates": [ [ [ 7456719.5, 329534.812664046883583 ], [ 7456716.999671921133995, 329493.156167984008789 ], [ 7456712.0, 329414.687664046883583 ], [ 7456702.5, 329240.718503937125206 ] ] ] } },
{ "type": "Feature", "properties": { "FULLNAME": "NW OAK GROVE DR", "BIKE_FAC": "Bike Lane" }, "geometry": { "type": "MultiLineString", "coordinates": [ [ [ 7514564.309055119752884, 372576.15255905687809 ], [ 7514461.878937005996704, 372577.020669296383858 ], [ 7514398.63418635725975, 372580.491797894239426 ], [ 7514033.182742789387703, 372595.682086616754532 ], [ 7513330.92585301399231, 372619.12007874250412 ], [ 7512984.571522310376167, 372632.5748031437397 ], [ 7512578.321522310376167, 372646.029527559876442 ], [ 7512231.96751968562603, 372654.710301831364632 ], [ 7512160.787073493003845, 372657.314304456114769 ], [ 7512130.404855638742447, 372659.918635174632072 ], [ 7512094.380905508995056, 372665.126968502998352 ], [ 7512075.717847764492035, 372668.599081367254257 ], [ 7512055.752296581864357, 372677.713910758495331 ], [ 7512039.693569555878639, 372687.262139111757278 ], [ 7512002.367125988006592, 372722.852690294384956 ], [ 7511987.609580054879189, 372741.9498031437397 ] ] ] } },
{ "type": "Feature", "properties": { "FULLNAME": "NW MOUNTAIN VIEW DR", "BIKE_FAC": "Bike Lane" }, "geometry": { "type": "MultiLineString", "coordinates": [ [ [ 7485383.000328078866005, 367772.343832015991211 ], [ 7485380.5, 367705.656167984008789 ], [ 7485369.499671921133995, 367363.5 ] ] ] } },
{ "type": "Feature", "properties": { "FULLNAME": "NW MOUNTAIN VIEW DR", "BIKE_FAC": "Bike Lane" }, "geometry": { "type": "MultiLineString", "coordinates": [ [ [ 7485369.499671921133995, 367363.5 ], [ 7485354.0, 366798.374671921133995 ], [ 7485344.0, 366504.281496062874794 ] ] ] } },
{ "type": "Feature", "properties": { "FULLNAME": "HWY 99W", "BIKE_FAC": "Bike Lane" }, "geometry": { "type": "MultiLineString", "coordinates": [ [ [ 7470029.5, 249749.937335953116417 ], [ 7469996.999671921133995, 249939.203412070870399 ], [ 7469979.5, 250041.812335953116417 ], [ 7469970.0, 250097.718503937125206 ] ] ] } },
{ "type": "Feature", "properties": { "FULLNAME": "NE ARNOLD AVE", "BIKE_FAC": "Bike Lane" }, "geometry": { "type": "MultiLineString", "coordinates": [ [ [ 7495891.500328078866005, 378524.843832015991211 ], [ 7496021.5, 378533.187335953116417 ], [ 7496227.500328078866005, 378547.062664046883583 ], [ 7496275.5, 378548.812664046883583 ], [ 7496292.0, 378548.125 ], [ 7496308.5, 378543.249671921133995 ], [ 7496318.5, 378537.0 ], [ 7496327.5, 378528.687664046883583 ], [ 7496334.5, 378517.218832015991211 ], [ 7496338.500328078866005, 378501.25 ], [ 7496349.5, 378346.030839890241623 ], [ 7496362.0, 378117.906167984008789 ], [ 7496375.000328078866005, 377883.875328078866005 ], [ 7496379.0, 377853.687664046883583 ], [ 7496382.5, 377846.375 ], [ 7496388.0, 377838.75 ] ] ] } },
{ "type": "Feature", "properties": { "FULLNAME": "53RD ST", "BIKE_FAC": "Bike Lane" }, "geometry": { "type": "MultiLineString", "coordinates": [ [ [ 7469380.579396322369576, 340618.359580054879189 ], [ 7469402.500328078866005, 341490.687335953116417 ], [ 7469404.052493438124657, 341544.19914698600769 ] ] ] } },
{ "type": "Feature", "properties": { "FULLNAME": "N 19TH ST", "BIKE_FAC": "Bike Lane" }, "geometry": { "type": "MultiLineString", "coordinates": [ [ [ 7457685.5, 336235.062664046883583 ], [ 7457683.999671921133995, 336159.437664046883583 ], [ 7457672.0, 335890.906496062874794 ], [ 7457648.0, 335401.687335953116417 ], [ 7457628.999671921133995, 335126.687664046883583 ], [ 7457620.5, 334946.468832015991211 ] ] ] } },
{ "type": "Feature", "properties": { "FULLNAME": "N 19TH ST", "BIKE_FAC": "Bike Lane" }, "geometry": { "type": "MultiLineString", "coordinates": [ [ [ 7457897.0, 336965.343503937125206 ], [ 7457871.5, 336934.812664046883583 ], [ 7457836.5, 336888.625 ], [ 7457803.5, 336836.218832015991211 ], [ 7457765.5, 336759.812335953116417 ], [ 7457747.0, 336714.000328078866005 ], [ 7457740.0, 336695.937335953116417 ], [ 7457732.0, 336670.249671921133995 ], [ 7457724.999671921133995, 336648.0 ], [ 7457718.5, 336616.062335953116417 ], [ 7457709.5, 336569.187664046883583 ], [ 7457702.5, 336514.343832015991211 ], [ 7457700.5, 336474.749671921133995 ], [ 7457696.0, 336415.375328078866005 ], [ 7457686.5, 336244.187335953116417 ], [ 7457685.5, 336235.062664046883583 ] ] ] } },
{ "type": "Feature", "properties": { "FULLNAME": "S 19TH ST", "BIKE_FAC": "Bike Lane" }, "geometry": { "type": "MultiLineString", "coordinates": [ [ [ 7456767.5, 330302.875 ], [ 7456748.5, 330000.437664046883583 ] ] ] } },
{ "type": "Feature", "properties": { "FULLNAME": "S 19TH ST", "BIKE_FAC": "Bike Lane" }, "geometry": { "type": "MultiLineString", "coordinates": [ [ [ 7456748.5, 330000.437664046883583 ], [ 7456743.5, 329936.562664046883583 ], [ 7456736.499671921133995, 329818.5 ], [ 7456719.5, 329534.812664046883583 ] ] ] } },
{ "type": "Feature", "properties": { "FULLNAME": "CHAPEL DR", "BIKE_FAC": "Bike Lane" }, "geometry": { "type": "MultiLineString", "coordinates": [ [ [ 7456683.0, 328809.468832015991211 ], [ 7456769.0, 328804.25 ], [ 7456934.5, 328796.625328078866005 ], [ 7457075.5, 328791.406496062874794 ], [ 7457196.999671921133995, 328788.281167984008789 ] ] ] } },
{ "type": "Feature", "properties": { "FULLNAME": "CHAPEL DR", "BIKE_FAC": "Bike Lane" }, "geometry": { "type": "MultiLineString", "coordinates": [ [ [ 7460316.5, 328515.031496062874794 ], [ 7460316.999671921133995, 328515.031496062874794 ], [ 7460569.0, 328510.156167984008789 ], [ 7460833.499671921133995, 328501.468503937125206 ], [ 7461014.5, 328496.968503937125206 ], [ 7461234.500328078866005, 328490.031496062874794 ], [ 7461688.499671921133995, 328476.125 ], [ 7461872.5, 328470.937335953116417 ], [ 7462121.499671921133995, 328467.468832015991211 ], [ 7462936.5, 328446.062335953116417 ], [ 7463109.5, 328439.124671921133995 ] ] ] } },
{ "type": "Feature", "properties": { "FULLNAME": "CHAPEL DR", "BIKE_FAC": "Bike Lane" }, "geometry": { "type": "MultiLineString", "coordinates": [ [ [ 7457196.999671921133995, 328788.281167984008789 ], [ 7457230.000328078866005, 328787.25 ], [ 7457313.499671921133995, 328784.812335953116417 ], [ 7457534.000328078866005, 328774.75 ], [ 7457668.0, 328765.718832015991211 ], [ 7457712.5, 328760.5 ], [ 7457763.500328078866005, 328752.187664046883583 ], [ 7457819.5, 328738.968832015991211 ], [ 7457873.0, 328723.218832015991211 ], [ 7457900.0, 328714.687335953116417 ], [ 7457931.0, 328701.843832015991211 ], [ 7457971.5, 328686.218503937125206 ], [ 7458059.0, 328647.656167984008789 ], [ 7458139.0, 328616.062335953116417 ], [ 7458192.5, 328599.75 ], [ 7458241.0, 328586.906496062874794 ], [ 7458281.0, 328578.906496062874794 ], [ 7458316.5, 328573.343503937125206 ], [ 7458483.500328078866005, 328565.031167984008789 ], [ 7458550.000328078866005, 328562.593832015991211 ], [ 7458659.0, 328561.562335953116417 ], [ 7458798.5, 328556.687664046883583 ], [ 7458961.499671921133995, 328550.437664046883583 ], [ 7459063.000328078866005, 328550.437664046883583 ], [ 7459141.5, 328548.0 ], [ 7459465.0, 328537.937335953116417 ], [ 7459795.0, 328528.906167984008789 ], [ 7460291.500328078866005, 328515.718503937125206 ], [ 7460316.5, 328515.031496062874794 ] ] ] } },
{ "type": "Feature", "properties": { "FULLNAME": "53RD ST", "BIKE_FAC": "Bike Lane" }, "geometry": { "type": "MultiLineString", "coordinates": [ [ [ 7469404.052493438124657, 341544.19914698600769 ], [ 7469406.000328078866005, 341611.343832015991211 ], [ 7469405.5, 341627.718503937125206 ], [ 7469406.000328078866005, 341645.75 ], [ 7469415.000328078866005, 342029.531167984008789 ], [ 7469415.5, 342090.875328078866005 ], [ 7469418.070209980010986, 342236.443897634744644 ], [ 7469429.276902884244919, 342477.331364825367928 ] ] ] } },
{ "type": "Feature", "properties": { "FULLNAME": "SPRINGHILL DR", "BIKE_FAC": "Bike Lane" }, "geometry": { "type": "MultiLineString", "coordinates": [ [ [ 7525002.852690294384956, 369989.530511811375618 ], [ 7525032.49015748500824, 370210.275262460112572 ], [ 7525036.396653547883034, 370238.487532809376717 ], [ 7525043.775262460112572, 370290.570538058876991 ] ] ] } },
{ "type": "Feature", "properties": { "FULLNAME": "SPRINGHILL DR", "BIKE_FAC": "Bike Lane" }, "geometry": { "type": "MultiLineString", "coordinates": [ [ [ 7525043.775262460112572, 370290.570538058876991 ], [ 7525073.288713917136192, 370515.831364825367928 ] ] ] } },
{ "type": "Feature", "properties": { "FULLNAME": "SPRINGHILL DR", "BIKE_FAC": "Bike Lane" }, "geometry": { "type": "MultiLineString", "coordinates": [ [ [ 7525073.288713917136192, 370515.831364825367928 ], [ 7525101.934711292386055, 370728.938320204615593 ] ] ] } },
{ "type": "Feature", "properties": { "FULLNAME": "SPRINGHILL DR", "BIKE_FAC": "Bike Lane" }, "geometry": { "type": "MultiLineString", "coordinates": [ [ [ 7525101.934711292386055, 370728.938320204615593 ], [ 7525112.785761147737503, 370814.441929131746292 ], [ 7525120.597769021987915, 370914.702755898237228 ], [ 7525121.900262460112572, 371012.358595803380013 ] ] ] } },
{ "type": "Feature", "properties": { "FULLNAME": "SPRINGHILL DR", "BIKE_FAC": "Bike Lane" }, "geometry": { "type": "MultiLineString", "coordinates": [ [ [ 7525121.900262460112572, 371012.358595803380013 ], [ 7525120.597769021987915, 371063.573818892240524 ], [ 7525114.955380573868752, 371130.848097115755081 ], [ 7525109.313320204615593, 371184.233923882246017 ] ] ] } },
{ "type": "Feature", "properties": { "FULLNAME": "SPRINGHILL DR", "BIKE_FAC": "Bike Lane" }, "geometry": { "type": "MultiLineString", "coordinates": [ [ [ 7525109.313320204615593, 371184.233923882246017 ], [ 7525087.177821516990662, 371349.164370074868202 ], [ 7525079.36515748500824, 371422.515091866254807 ], [ 7525073.288713917136192, 371501.942257210612297 ], [ 7525072.331036746501923, 371576.448490813374519 ] ] ] } },
{ "type": "Feature", "properties": { "FULLNAME": "QUARRY RD NW", "BIKE_FAC": "Bike Lane" }, "geometry": { "type": "MultiLineString", "coordinates": [ [ [ 7522393.435695543885231, 371595.184055119752884 ], [ 7522432.932414695620537, 371620.79166667163372 ], [ 7522508.018700793385506, 371675.479330703616142 ], [ 7522601.334973752498627, 371741.885826766490936 ] ] ] } },
{ "type": "Feature", "properties": { "FULLNAME": "NW LEWISBURG AVE", "BIKE_FAC": "Bike Lane" }, "geometry": { "type": "MultiLineString", "coordinates": [ [ [ 7486986.513451442122459, 363000.562664046883583 ], [ 7486664.5, 363014.625 ], [ 7486481.150918632745743, 363019.753937005996704 ] ] ] } },
{ "type": "Feature", "properties": { "FULLNAME": "GIBSON HILL RD NW", "BIKE_FAC": "Bike Lane" }, "geometry": { "type": "MultiLineString", "coordinates": [ [ [ 7517928.498031497001648, 372164.720144361257553 ], [ 7517723.637139111757278, 372172.53248031437397 ], [ 7517602.97736220061779, 372177.567257210612297 ], [ 7517511.405183732509613, 372181.505249351263046 ] ] ] } },
{ "type": "Feature", "properties": { "FULLNAME": "GIBSON HILL RD NW", "BIKE_FAC": "Bike Lane" }, "geometry": { "type": "MultiLineString", "coordinates": [ [ [ 7515127.291010499000549, 372219.265748038887978 ], [ 7514633.367125988006592, 372239.665026247501373 ], [ 7514555.194553807377815, 372246.291338577866554 ] ] ] } },
{ "type": "Feature", "properties": { "FULLNAME": "GIBSON HILL RD NW", "BIKE_FAC": "Bike Lane" }, "geometry": { "type": "MultiLineString", "coordinates": [ [ [ 7515723.645013123750687, 372196.262467190623283 ], [ 7515127.291010499000549, 372219.265748038887978 ] ] ] } },
{ "type": "Feature", "properties": { "FULLNAME": "NE CONIFER BLVD", "BIKE_FAC": "Bike Lane" }, "geometry": { "type": "MultiLineString", "coordinates": [ [ [ 7492602.93996062874794, 351297.766732290387154 ], [ 7492590.613517060875893, 351301.238845139741898 ], [ 7492577.245406821370125, 351303.495734915137291 ], [ 7492562.316601052880287, 351305.101049870252609 ], [ 7492365.23523622751236, 351312.350065618753433 ], [ 7491908.112532809376717, 351327.443241477012634 ], [ 7491770.091535434126854, 351330.047244101762772 ] ] ] } },
{ "type": "Feature", "properties": { "FULLNAME": "SW 49TH ST", "BIKE_FAC": "Bike Lane" }, "geometry": { "type": "MultiLineString", "coordinates": [ [ [ 7470509.771325454115868, 333204.744422569870949 ], [ 7470512.042650923132896, 333165.824475064873695 ], [ 7470508.564632549881935, 333067.581364825367928 ], [ 7470503.355971127748489, 332900.480971127748489 ], [ 7470492.939304456114769, 332582.77263779938221 ], [ 7470487.731299206614494, 332425.220472440123558 ], [ 7470484.128937005996704, 332325.866469815373421 ] ] ] } },
{ "type": "Feature", "properties": { "FULLNAME": "SW 49TH ST", "BIKE_FAC": "Bike Lane" }, "geometry": { "type": "MultiLineString", "coordinates": [ [ [ 7470484.128937005996704, 332325.866469815373421 ], [ 7470482.088582679629326, 332257.251640424132347 ], [ 7470471.671916007995605, 331940.845472440123558 ], [ 7470463.425524935126305, 331681.730971127748489 ], [ 7470459.519028872251511, 331565.411089241504669 ], [ 7470459.315944880247116, 331559.458005249500275 ] ] ] } },
{ "type": "Feature", "properties": { "FULLNAME": "NW PONDEROSA AVE", "BIKE_FAC": "Bike Lane" }, "geometry": { "type": "MultiLineString", "coordinates": [ [ [ 7470905.363188982009888, 351471.624015748500824 ], [ 7470042.670275583863258, 351507.770013123750687 ] ] ] } },
{ "type": "Feature", "properties": { "FULLNAME": "NW PONDEROSA AVE", "BIKE_FAC": "Bike Lane" }, "geometry": { "type": "MultiLineString", "coordinates": [ [ [ 7469132.464566931128502, 351538.414041996002197 ], [ 7469017.328412070870399, 351540.196522310376167 ], [ 7468933.387467190623283, 351542.279855638742447 ], [ 7468879.133858263492584, 351543.929133862257004 ], [ 7468837.250328078866005, 351545.838910758495331 ], [ 7468790.626968502998352, 351547.314632549881935 ], [ 7468760.679133862257004, 351548.442913383245468 ], [ 7468739.064304456114769, 351549.05085301399231 ], [ 7468727.171916007995605, 351548.703412070870399 ], [ 7468718.261482939124107, 351548.45767717063427 ], [ 7468709.320209980010986, 351548.067257210612297 ], [ 7468700.509514436125755, 351547.285761147737503 ], [ 7468687.141404196619987, 351545.462926506996155 ], [ 7468673.395669296383858, 351542.89337269961834 ], [ 7468656.737860888242722, 351538.605314955115318 ], [ 7468638.951443567872047, 351533.21751968562603 ] ] ] } },
{ "type": "Feature", "properties": { "FULLNAME": "NW PONDEROSA AVE", "BIKE_FAC": "Bike Lane" }, "geometry": { "type": "MultiLineString", "coordinates": [ [ [ 7468638.951443567872047, 351533.21751968562603 ], [ 7468621.069553807377815, 351526.59251968562603 ], [ 7468601.755249351263046, 351518.807742789387703 ], [ 7468586.390748038887978, 351511.168635174632072 ], [ 7468568.317585304379463, 351501.01837269961834 ], [ 7468556.226049870252609, 351492.852690294384956 ], [ 7468543.031496062874794, 351483.043635174632072 ], [ 7468531.625984251499176, 351473.512467190623283 ], [ 7468520.254265084862709, 351463.356299206614494 ], [ 7468508.892388448119164, 351452.491469815373421 ], [ 7468496.729986876249313, 351441.133858263492584 ], [ 7468480.454068243503571, 351426.897965878248215 ], [ 7468460.765748038887978, 351410.653543308377266 ], [ 7468444.290026247501373, 351399.415354326367378 ], [ 7468424.046916007995605, 351388.084317579865456 ], [ 7468399.976049870252609, 351377.192913383245468 ], [ 7468374.741469815373421, 351368.466207355260849 ], [ 7468357.484580054879189, 351364.432742789387703 ], [ 7468340.592191606760025, 351361.376968502998352 ], [ 7468319.811023622751236, 351359.311023622751236 ], [ 7468297.840551182627678, 351357.904855638742447 ], [ 7468244.88910761475563, 351358.55577427148819 ], [ 7468190.262139111757278, 351360.278543308377266 ], [ 7468011.750984251499176, 351369.189632549881935 ], [ 7467867.497703418135643, 351374.529199481010437 ] ] ] } },
{ "type": "Feature", "properties": { "FULLNAME": "OLD QUARRY RD NW", "BIKE_FAC": "Bike Lane" }, "geometry": { "type": "MultiLineString", "coordinates": [ [ [ 7522765.39763779938221, 371997.527887135744095 ], [ 7522807.064304456114769, 371994.489829391241074 ], [ 7522888.66174541413784, 371979.298556432127953 ] ] ] } },
{ "type": "Feature", "properties": { "FULLNAME": "OLD QUARRY RD NW", "BIKE_FAC": "Bike Lane" }, "geometry": { "type": "MultiLineString", "coordinates": [ [ [ 7522393.435695543885231, 371595.184055119752884 ], [ 7522397.341863512992859, 371619.056102365255356 ], [ 7522398.210301831364632, 371639.455052495002747 ], [ 7522403.85236220061779, 371671.13910761475563 ], [ 7522413.834973752498627, 371713.673556432127953 ], [ 7522419.477690294384956, 371738.84744094312191 ], [ 7522429.025918632745743, 371780.51410761475563 ], [ 7522438.5748031437397, 371818.274606302380562 ], [ 7522452.463910758495331, 371863.84744094312191 ], [ 7522461.144356951117516, 371879.906824141740799 ] ] ] } },
{ "type": "Feature", "properties": { "FULLNAME": "OLD QUARRY RD NW", "BIKE_FAC": "Bike Lane" }, "geometry": { "type": "MultiLineString", "coordinates": [ [ [ 7522597.428805768489838, 371997.093832015991211 ], [ 7522603.939304456114769, 371997.962270334362984 ], [ 7522625.640748038887978, 371999.698490813374519 ], [ 7522765.39763779938221, 371997.527887135744095 ] ] ] } },
{ "type": "Feature", "properties": { "FULLNAME": "CROCKER LN NW", "BIKE_FAC": "Bike Lane" }, "geometry": { "type": "MultiLineString", "coordinates": [ [ [ 7518608.008202105760574, 375756.766732290387154 ], [ 7518612.782808393239975, 375916.488517060875893 ], [ 7518620.161089241504669, 376196.002624675631523 ], [ 7518630.143700793385506, 376509.80511811375618 ], [ 7518634.917979001998901, 376684.283792644739151 ], [ 7518640.560367450118065, 376884.370734915137291 ] ] ] } },
{ "type": "Feature", "properties": { "FULLNAME": "N 19TH ST", "BIKE_FAC": "Bike Lane" }, "geometry": { "type": "MultiLineString", "coordinates": [ [ [ 7457566.9498031437397, 333835.269685044884682 ], [ 7457562.692585304379463, 333758.229658797383308 ], [ 7457555.5, 333628.062664046883583 ], [ 7457548.999671921133995, 333536.75 ], [ 7457536.5, 333447.5 ], [ 7457517.5, 333364.75 ], [ 7457499.0, 333297.062335953116417 ], [ 7457473.0, 333222.75 ], [ 7457441.0, 333151.906167984008789 ], [ 7457408.0, 333088.375328078866005 ], [ 7457363.999671921133995, 333016.155839890241623 ], [ 7457319.0, 332953.656167984008789 ], [ 7457255.0, 332876.562335953116417 ], [ 7457186.0, 332808.156167984008789 ], [ 7457118.000328078866005, 332740.812664046883583 ], [ 7457090.500328078866005, 332709.906167984008789 ], [ 7457048.0, 332655.031167984008789 ], [ 7457011.500328078866005, 332599.468832015991211 ], [ 7456987.5, 332556.375 ], [ 7456986.500328078866005, 332554.000328078866005 ], [ 7456961.499671921133995, 332504.0 ], [ 7456948.999671921133995, 332472.406496062874794 ], [ 7456931.0, 332425.874671921133995 ], [ 7456917.5, 332385.593832015991211 ], [ 7456899.5, 332310.593832015991211 ], [ 7456886.5, 332225.187664046883583 ], [ 7456868.999671921133995, 331955.031496062874794 ] ] ] } },
{ "type": "Feature", "properties": { "FULLNAME": "NE CIRCLE BLVD", "BIKE_FAC": "Bike Lane" }, "geometry": { "type": "MultiLineString", "coordinates": [ [ [ 7490633.937664046883583, 348055.907152235507965 ], [ 7490603.714895009994507, 348079.169291332364082 ], [ 7490499.693241477012634, 348158.424540683627129 ], [ 7490450.465551182627678, 348195.559711292386055 ], [ 7490438.00918635725975, 348204.804461941123009 ], [ 7490425.747703418135643, 348213.927821516990662 ], [ 7490403.612532809376717, 348229.596128612756729 ], [ 7490384.849409446120262, 348242.018044620752335 ], [ 7490375.378937005996704, 348248.020669296383858 ], [ 7490365.144356951117516, 348253.910433068871498 ], [ 7490352.383858263492584, 348260.941929131746292 ], [ 7490339.024606302380562, 348267.157152235507965 ], [ 7490329.827755898237228, 348271.219488188624382 ], [ 7490319.172244101762772, 348275.364501312375069 ], [ 7490306.715551182627678, 348279.487860888242722 ], [ 7490294.085629925131798, 348283.133530184626579 ], [ 7490279.372047245502472, 348286.692585304379463 ], [ 7490265.591535434126854, 348289.340223103761673 ], [ 7490254.372047245502472, 348291.054790019989014 ], [ 7490234.623687669634819, 348293.224737539887428 ], [ 7490226.073490813374519, 348293.832349076867104 ], [ 7490215.700131237506866, 348294.43996062874794 ], [ 7489932.659776896238327, 348303.30511811375618 ], [ 7489824.91240157186985, 348306.01771654188633 ], [ 7489726.89271654188633, 348308.571850389242172 ], [ 7489657.749015748500824, 348310.508202105760574 ], [ 7489604.822178483009338, 348312.121719166636467 ], [ 7489535.470144361257553, 348314.589895009994507 ], [ 7489477.426837265491486, 348317.285433068871498 ], [ 7489440.891076117753983, 348319.383530184626579 ], [ 7489389.350065618753433, 348323.181430444121361 ], [ 7489334.879593178629875, 348326.762139111757278 ], [ 7489295.339566931128502, 348329.257874011993408 ], [ 7489253.781496062874794, 348331.861876636743546 ], [ 7489176.96259842813015, 348336.099409446120262 ], [ 7489130.128280833363533, 348337.996719166636467 ], [ 7489089.849081367254257, 348339.376968502998352 ], [ 7489047.284448817372322, 348341.360564306378365 ], [ 7489003.986548557877541, 348342.481955379247665 ], [ 7488931.353018373250961, 348346.34744094312191 ], [ 7488869.466535434126854, 348350.826771646738052 ] ] ] } },
{ "type": "Feature", "properties": { "FULLNAME": "NW LESTER AVE", "BIKE_FAC": "Bike Lane" }, "geometry": { "type": "MultiLineString", "coordinates": [ [ [ 7479846.955052495002747, 354886.312335953116417 ], [ 7479593.279527559876442, 354897.095472440123558 ], [ 7478832.18503937125206, 354927.882545933127403 ], [ 7478366.077099740505219, 354961.534448817372322 ] ] ] } },
{ "type": "Feature", "properties": { "FULLNAME": "NW LESTER AVE", "BIKE_FAC": "Bike Lane" }, "geometry": { "type": "MultiLineString", "coordinates": [ [ [ 7482848.975393697619438, 354762.154527559876442 ], [ 7481946.837270334362984, 354800.191272959113121 ], [ 7480960.112204730510712, 354840.503280833363533 ] ] ] } },
{ "type": "Feature", "properties": { "FULLNAME": "NW LESTER AVE", "BIKE_FAC": "Bike Lane" }, "geometry": { "type": "MultiLineString", "coordinates": [ [ [ 7480960.112204730510712, 354840.503280833363533 ], [ 7479846.955052495002747, 354886.312335953116417 ] ] ] } },
{ "type": "Feature", "properties": { "FULLNAME": "NW HARRISON BLVD", "BIKE_FAC": "Bike Lane" }, "geometry": { "type": "MultiLineString", "coordinates": [ [ [ 7471620.970800518989563, 342584.901574805378914 ], [ 7471330.563648298382759, 342576.820866137742996 ], [ 7471133.806430444121361, 342571.045275583863258 ], [ 7470775.484580054879189, 342560.595800518989563 ], [ 7470266.0, 342545.593832015991211 ], [ 7469979.910761147737503, 342535.400262460112572 ], [ 7469908.337270334362984, 342529.90255905687809 ], [ 7469816.256561681628227, 342522.605643048882484 ], [ 7469727.514435693621635, 342513.213582679629326 ], [ 7469489.372047245502472, 342480.751312330365181 ], [ 7469429.276902884244919, 342477.331364825367928 ] ] ] } },
{ "type": "Feature", "properties": { "FULLNAME": "SW BROOKLANE DR", "BIKE_FAC": "Bike Lane" }, "geometry": { "type": "MultiLineString", "coordinates": [ [ [ 7477472.338582679629326, 334432.280839890241623 ], [ 7477276.843503937125206, 334356.759514436125755 ], [ 7477179.343503937125206, 334315.166010499000549 ], [ 7477127.843503937125206, 334291.916010499000549 ], [ 7477082.718503937125206, 334271.479330703616142 ], [ 7477037.84251968562603, 334244.229002624750137 ], [ 7476993.342191606760025, 334201.666994750499725 ], [ 7476960.091863512992859, 334160.29166667163372 ], [ 7476944.216207355260849, 334132.073490813374519 ], [ 7476921.840879261493683, 334081.604658797383308 ], [ 7476907.840223103761673, 334041.385826766490936 ], [ 7476902.464566931128502, 334003.885498687624931 ], [ 7476895.838910758495331, 333950.323162734508514 ], [ 7476893.713582679629326, 333908.510498687624931 ] ] ] } },
{ "type": "Feature", "properties": { "FULLNAME": "NW KINGS BLVD", "BIKE_FAC": "Bike Lane" }, "geometry": { "type": "MultiLineString", "coordinates": [ [ [ 7479023.441929131746292, 349887.202755898237228 ], [ 7479023.22244094312191, 349900.23162730038166 ], [ 7479023.005249351263046, 349915.85662730038166 ], [ 7479021.052165359258652, 349935.604658797383308 ], [ 7479004.689304456114769, 350055.938976377248764 ], [ 7478998.830052495002747, 350086.75492125749588 ], [ 7478991.234580054879189, 350116.051837265491486 ], [ 7478984.073162734508514, 350139.380905508995056 ], [ 7478973.67585301399231, 350166.961942255496979 ], [ 7478961.069553807377815, 350193.525918632745743 ], [ 7478948.569553807377815, 350216.96325458586216 ], [ 7478934.376968502998352, 350241.051837265491486 ], [ 7478921.148622050881386, 350261.090879261493683 ], [ 7478902.476049870252609, 350288.144028872251511 ], [ 7478888.466321623884141, 350304.251774667878635 ], [ 7478874.958661422133446, 350320.782808393239975 ], [ 7478829.448393105529249, 350374.62275547767058 ], [ 7478784.595800518989563, 350429.011811017990112 ] ] ] } },
{ "type": "Feature", "properties": { "FULLNAME": "SW SAGEBRUSH DR", "BIKE_FAC": "Bike Lane" }, "geometry": { "type": "MultiLineString", "coordinates": [ [ [ 7475130.874343827366829, 337939.431758522987366 ], [ 7474876.521981626749039, 337951.917979001998901 ], [ 7474876.278543308377266, 337951.918307080864906 ], [ 7474865.37992125749588, 337952.359251961112022 ], [ 7474863.918635174632072, 337952.4498031437397 ], [ 7474853.049868762493134, 337953.359580054879189 ], [ 7474851.986548557877541, 337953.465551182627678 ], [ 7474850.637467190623283, 337953.648622050881386 ], [ 7474831.229986876249313, 337956.68077427148819 ], [ 7474828.791994750499725, 337957.153543308377266 ], [ 7474809.658136487007141, 337961.594160109758377 ], [ 7474808.334973752498627, 337961.929133862257004 ], [ 7474807.261154860258102, 337962.243438318371773 ], [ 7474788.502296581864357, 337968.068897634744644 ], [ 7474786.159120738506317, 337968.891732290387154 ], [ 7474767.875328078866005, 337976.070866137742996 ], [ 7474766.39337269961834, 337976.693241477012634 ], [ 7474765.598753273487091, 337977.062007874250412 ], [ 7474747.887795269489288, 337985.556430444121361 ], [ 7474745.689632549881935, 337986.711286082863808 ], [ 7474728.645669296383858, 337996.475721791386604 ], [ 7474727.065616801381111, 337997.438976377248764 ], [ 7474726.537073493003845, 337997.788057744503021 ], [ 7474710.251640424132347, 338008.770341202616692 ], [ 7474708.24507874250412, 338010.232939630746841 ], [ 7474692.804461941123009, 338022.374671921133995 ], [ 7474691.054790019989014, 338023.849409446120262 ], [ 7474676.396325454115868, 338037.216863512992859 ], [ 7474674.623687669634819, 338038.956036746501923 ], [ 7474665.61581364274025, 338048.465879261493683 ] ] ] } },
{ "type": "Feature", "properties": { "FULLNAME": "SW SAGEBRUSH DR", "BIKE_FAC": "Bike Lane" }, "geometry": { "type": "MultiLineString", "coordinates": [ [ [ 7474665.61581364274025, 338048.465879261493683 ], [ 7474661.115485563874245, 338053.216535434126854 ], [ 7474659.521981626749039, 338055.02329395711422 ], [ 7474647.043635174632072, 338070.288713917136192 ], [ 7474645.543307080864906, 338072.267388448119164 ], [ 7474634.25492125749588, 338088.34251968562603 ], [ 7474632.902887135744095, 338090.42585301399231 ], [ 7474622.793963253498077, 338107.322506561875343 ], [ 7474621.622047245502472, 338109.45767717063427 ], [ 7474612.794291332364082, 338127.00492125749588 ], [ 7474611.75984251499176, 338129.262795269489288 ], [ 7474604.172900259494781, 338147.564304456114769 ], [ 7474603.37007874250412, 338149.734580054879189 ], [ 7474597.190944880247116, 338168.37992125749588 ], [ 7474596.496391072869301, 338170.764435693621635 ], [ 7474591.69488188624382, 338189.811351701617241 ], [ 7474591.557742789387703, 338190.375328078866005 ], [ 7474591.168635174632072, 338192.28248031437397 ], [ 7474504.312992125749588, 338690.443897634744644 ] ] ] } },
{ "type": "Feature", "properties": { "FULLNAME": "NW 9TH ST", "BIKE_FAC": "Bike Lane" }, "geometry": { "type": "MultiLineString", "coordinates": [ [ [ 7485955.58759842813015, 351609.521653547883034 ], [ 7485966.837926506996155, 351634.74015748500824 ], [ 7485981.712926506996155, 351667.146325454115868 ], [ 7485998.713582679629326, 351704.958661422133446 ], [ 7486016.838910758495331, 351745.74015748500824 ], [ 7486032.964238852262497, 351782.833661422133446 ], [ 7486049.714238852262497, 351819.052493438124657 ], [ 7486067.714566931128502, 351859.302493438124657 ], [ 7486083.590223103761673, 351895.333661422133446 ], [ 7486088.013779520988464, 351904.98228345811367 ] ] ] } },
{ "type": "Feature", "properties": { "FULLNAME": "SE RIVERGREEN AVE", "BIKE_FAC": "Bike Lane" }, "geometry": { "type": "MultiLineString", "coordinates": [ [ [ 7482298.708005249500275, 327441.761154860258102 ], [ 7482272.598753273487091, 327444.549540683627129 ], [ 7482248.014435693621635, 327446.828412070870399 ], [ 7482223.394356951117516, 327448.677821516990662 ], [ 7482198.746391072869301, 327450.09744094312191 ], [ 7482174.076443567872047, 327451.087270334362984 ], [ 7482161.400918632745743, 327451.427821516990662 ] ] ] } },
{ "type": "Feature", "properties": { "FULLNAME": "SW 35TH ST", "BIKE_FAC": "Bike Lane" }, "geometry": { "type": "MultiLineString", "coordinates": [ [ [ 7475112.617125988006592, 337111.006561681628227 ], [ 7475111.867454066872597, 337154.693897634744644 ], [ 7475113.117782145738602, 337244.31922572851181 ], [ 7475115.868766397237778, 337325.631889760494232 ], [ 7475117.869094491004944, 337405.194553807377815 ], [ 7475120.119750648736954, 337485.038385823369026 ], [ 7475121.620734915137291, 337550.882217854261398 ], [ 7475123.870734915137291, 337630.413057744503021 ], [ 7475126.121719166636467, 337709.288385823369026 ], [ 7475127.747375324368477, 337788.101049870252609 ], [ 7475129.497703418135643, 337867.06988188624382 ], [ 7475130.498031497001648, 337919.820209980010986 ], [ 7475130.874343827366829, 337939.431758522987366 ] ] ] } },
{ "type": "Feature", "properties": { "FULLNAME": "NORTH ALBANY RD NW", "BIKE_FAC": "Bike Lane" }, "geometry": { "type": "MultiLineString", "coordinates": [ [ [ 7522114.624015748500824, 366592.522965878248215 ], [ 7522098.279855638742447, 366650.727034121751785 ], [ 7522058.091863512992859, 366852.783136487007141 ], [ 7522053.410104990005493, 366883.891076117753983 ], [ 7522049.50984251499176, 366915.106955379247665 ], [ 7522046.395013123750687, 366946.411089241504669 ], [ 7522044.375984251499176, 366972.908136487007141 ], [ 7521996.181102365255356, 367211.67585301399231 ], [ 7521993.276902884244919, 367225.516732290387154 ], [ 7521984.541010499000549, 367267.153871387243271 ], [ 7521970.520669296383858, 367337.153215229511261 ], [ 7521956.899934381246567, 367394.331036746501923 ] ] ] } },
{ "type": "Feature", "properties": { "FULLNAME": "NORTH ALBANY RD NW", "BIKE_FAC": "Bike Lane" }, "geometry": { "type": "MultiLineString", "coordinates": [ [ [ 7521712.168307080864906, 368595.840551182627678 ], [ 7521698.374015748500824, 368638.936023622751236 ], [ 7521678.354986876249313, 368698.991141736507416 ], [ 7521660.880905508995056, 368752.43503937125206 ], [ 7521646.80085301399231, 368794.719160109758377 ], [ 7521632.968832015991211, 368835.901902884244919 ], [ 7521615.600065618753433, 368886.692913383245468 ], [ 7521597.381889760494232, 368939.670931756496429 ], [ 7521577.231955379247665, 368995.642060369253159 ], [ 7521555.489173233509064, 369057.883530184626579 ], [ 7521543.94488188624382, 369091.866469815373421 ], [ 7521536.553805768489838, 369113.602034121751785 ], [ 7521531.496719166636467, 369128.417650923132896 ], [ 7521520.284776896238327, 369161.266732290387154 ], [ 7521496.862860888242722, 369229.12007874250412 ], [ 7521475.997047245502472, 369291.376968502998352 ], [ 7521453.248031497001648, 369357.312992125749588 ], [ 7521440.312007874250412, 369397.613845139741898 ], [ 7521429.186023622751236, 369436.537073493003845 ], [ 7521419.249015748500824, 369475.452099740505219 ], [ 7521410.753937005996704, 369515.049868762493134 ], [ 7521404.130905508995056, 369555.932086616754532 ], [ 7521399.208005249500275, 369600.460958003997803 ] ] ] } },
{ "type": "Feature", "properties": { "FULLNAME": "NORTH ALBANY RD NW", "BIKE_FAC": "Bike Lane" }, "geometry": { "type": "MultiLineString", "coordinates": [ [ [ 7521798.921916007995605, 368202.077099740505219 ], [ 7521784.039041996002197, 368301.43503937125206 ], [ 7521776.179790019989014, 368348.816601052880287 ], [ 7521773.553149610757828, 368364.651902884244919 ], [ 7521765.6998031437397, 368406.25918635725975 ], [ 7521762.094488188624382, 368425.126968502998352 ], [ 7521755.98589238524437, 368451.250656172633171 ], [ 7521748.711286082863808, 368480.622047245502472 ], [ 7521742.473097115755081, 368503.75492125749588 ], [ 7521734.333989500999451, 368530.900918632745743 ], [ 7521725.442913383245468, 368557.811023622751236 ], [ 7521717.079724416136742, 368580.937664046883583 ], [ 7521712.168307080864906, 368595.840551182627678 ] ] ] } },
{ "type": "Feature", "properties": { "FULLNAME": "NORTH ALBANY RD NW", "BIKE_FAC": "Bike Lane" }, "geometry": { "type": "MultiLineString", "coordinates": [ [ [ 7521956.899934381246567, 367394.331036746501923 ], [ 7521943.278871387243271, 367447.766076117753983 ], [ 7521932.746062994003296, 367508.272965878248215 ], [ 7521912.979002624750137, 367608.517060369253159 ], [ 7521888.375984251499176, 367740.955052495002747 ], [ 7521888.133530184626579, 367742.065616801381111 ], [ 7521859.328083992004395, 367874.091863512992859 ], [ 7521840.767060369253159, 367968.391076117753983 ], [ 7521829.604002624750137, 368018.597112864255905 ], [ 7521822.643044620752335, 368054.293963253498077 ], [ 7521818.93011811375618, 368075.25 ], [ 7521809.533136487007141, 368131.391076117753983 ], [ 7521798.921916007995605, 368202.077099740505219 ] ] ] } },
{ "type": "Feature", "properties": { "FULLNAME": "NORTH ALBANY RD NW", "BIKE_FAC": "Bike Lane" }, "geometry": { "type": "MultiLineString", "coordinates": [ [ [ 7521378.817913383245468, 369879.695866137742996 ], [ 7521375.964895009994507, 369937.311023622751236 ], [ 7521374.026902884244919, 369985.520997375249863 ], [ 7521371.523950129747391, 370040.478018373250961 ], [ 7521369.192913383245468, 370085.863845139741898 ], [ 7521367.955052495002747, 370132.0 ] ] ] } },
{ "type": "Feature", "properties": { "FULLNAME": "NORTH ALBANY RD NW", "BIKE_FAC": "Bike Lane" }, "geometry": { "type": "MultiLineString", "coordinates": [ [ [ 7521399.208005249500275, 369600.460958003997803 ], [ 7521393.72736220061779, 369649.676837265491486 ], [ 7521392.858923882246017, 369663.791994750499725 ], [ 7521390.044947504997253, 369709.537073493003845 ], [ 7521387.937992125749588, 369739.908136487007141 ], [ 7521386.11089238524437, 369774.853018373250961 ], [ 7521382.618110239505768, 369819.484908133745193 ], [ 7521378.817913383245468, 369879.695866137742996 ] ] ] } },
{ "type": "Feature", "properties": { "FULLNAME": "NORTH ALBANY RD NW", "BIKE_FAC": "Bike Lane" }, "geometry": { "type": "MultiLineString", "coordinates": [ [ [ 7521306.100065618753433, 371264.779855638742447 ], [ 7521297.020013123750687, 371303.50984251499176 ], [ 7521291.506561681628227, 371325.202099740505219 ], [ 7521285.890091866254807, 371347.299868762493134 ], [ 7521279.721128612756729, 371373.605971127748489 ], [ 7521273.220144361257553, 371397.91174541413784 ], [ 7521263.362204730510712, 371437.711286082863808 ], [ 7521254.045275583863258, 371475.736548557877541 ], [ 7521248.352034121751785, 371497.652230978012085 ], [ 7521240.468175858259201, 371531.109251961112022 ], [ 7521236.384514436125755, 371551.314632549881935 ], [ 7521233.579396322369576, 371565.793963253498077 ], [ 7521229.390091866254807, 371590.760170608758926 ], [ 7521226.471784770488739, 371612.792979001998901 ], [ 7521224.291994750499725, 371634.56496062874794 ], [ 7521222.583005249500275, 371651.67585301399231 ], [ 7521221.31003937125206, 371671.770997375249863 ], [ 7521220.87992125749588, 371695.462926506996155 ], [ 7521221.091207355260849, 371716.439632549881935 ], [ 7521220.859908133745193, 371734.132874011993408 ], [ 7521219.787073493003845, 371754.547900259494781 ], [ 7521218.479002624750137, 371769.687007874250412 ], [ 7521215.835958003997803, 371792.693897634744644 ], [ 7521210.31988188624382, 371827.454068243503571 ], [ 7521203.798884510993958, 371863.622047245502472 ], [ 7521196.438976377248764, 371894.312992125749588 ] ] ] } },
{ "type": "Feature", "properties": { "FULLNAME": "NORTH ALBANY RD NW", "BIKE_FAC": "Bike Lane" }, "geometry": { "type": "MultiLineString", "coordinates": [ [ [ 7521348.539041996002197, 370901.62992125749588 ], [ 7521341.287073493003845, 370941.499015748500824 ], [ 7521340.540026247501373, 370980.202099740505219 ], [ 7521339.652887135744095, 371014.18996062874794 ], [ 7521338.720144361257553, 371047.737860888242722 ], [ 7521336.965879261493683, 371073.295931756496429 ], [ 7521334.378937005996704, 371104.628937005996704 ], [ 7521330.832020998001099, 371135.867125988006592 ], [ 7521326.327099740505219, 371166.981955379247665 ], [ 7521321.653543308377266, 371193.468503937125206 ], [ 7521315.5, 371223.700131237506866 ], [ 7521306.100065618753433, 371264.779855638742447 ] ] ] } },
{ "type": "Feature", "properties": { "FULLNAME": "NORTH ALBANY RD NW", "BIKE_FAC": "Bike Lane" }, "geometry": { "type": "MultiLineString", "coordinates": [ [ [ 7521367.955052495002747, 370132.0 ], [ 7521365.109908133745193, 370184.668963253498077 ], [ 7521362.984908133745193, 370234.43503937125206 ], [ 7521360.797900259494781, 370291.938976377248764 ], [ 7521358.591863512992859, 370344.724081367254257 ], [ 7521356.746062994003296, 370389.506889760494232 ], [ 7521355.534120738506317, 370429.507874011993408 ], [ 7521353.933070868253708, 370475.418963253498077 ], [ 7521352.102034121751785, 370518.01410761475563 ], [ 7521351.460958003997803, 370538.380905508995056 ] ] ] } },
{ "type": "Feature", "properties": { "FULLNAME": "NORTH ALBANY RD NW", "BIKE_FAC": "Bike Lane" }, "geometry": { "type": "MultiLineString", "coordinates": [ [ [ 7521351.460958003997803, 370538.380905508995056 ], [ 7521350.625328078866005, 370561.748031497001648 ], [ 7521349.300524935126305, 370616.432742789387703 ], [ 7521349.166010499000549, 370631.859908133745193 ], [ 7521349.051837265491486, 370664.96751968562603 ], [ 7521349.576443567872047, 370703.106955379247665 ], [ 7521350.270341202616692, 370724.640419945120811 ], [ 7521350.867454066872597, 370743.023622050881386 ], [ 7521351.285104990005493, 370777.238845139741898 ], [ 7521350.904855638742447, 370806.807086616754532 ], [ 7521350.208005249500275, 370833.828083992004395 ], [ 7521350.955052495002747, 370861.275918632745743 ], [ 7521348.539041996002197, 370901.62992125749588 ] ] ] } },
{ "type": "Feature", "properties": { "FULLNAME": "NORTH ALBANY RD NW", "BIKE_FAC": "Bike Lane" }, "geometry": { "type": "MultiLineString", "coordinates": [ [ [ 7521151.960958003997803, 372007.291010499000549 ], [ 7521160.746062994003296, 371986.12992125749588 ], [ 7521168.307086616754532, 371962.157152235507965 ], [ 7521175.736876636743546, 371937.341863512992859 ], [ 7521181.419947504997253, 371918.243110239505768 ], [ 7521182.414041996002197, 371913.237860888242722 ], [ 7521184.166994750499725, 371908.445866137742996 ], [ 7521186.636154860258102, 371903.980971127748489 ], [ 7521189.76410761475563, 371899.94914698600769 ], [ 7521193.475065618753433, 371896.445866137742996 ], [ 7521196.438976377248764, 371894.312992125749588 ] ] ] } },
{ "type": "Feature", "properties": { "FULLNAME": "GIBSON HILL RD NW", "BIKE_FAC": "Bike Lane" }, "geometry": { "type": "MultiLineString", "coordinates": [ [ [ 7521027.996062994003296, 372053.0 ], [ 7521030.075131237506866, 372051.292979001998901 ], [ 7521035.461942255496979, 372047.587926506996155 ], [ 7521041.255905508995056, 372044.559055119752884 ], [ 7521047.372047245502472, 372042.249015748500824 ], [ 7521053.722112864255905, 372040.692913383245468 ], [ 7521060.212926506996155, 372039.913057744503021 ], [ 7521070.237860888242722, 372039.677821516990662 ], [ 7521072.107939630746841, 372039.633858263492584 ], [ 7521093.526902884244919, 372038.49015748500824 ], [ 7521096.380905508995056, 372038.19488188624382 ], [ 7521104.228018373250961, 372036.846128612756729 ], [ 7521108.06496062874794, 372035.786089241504669 ], [ 7521111.901902884244919, 372034.726049870252609 ], [ 7521119.329068243503571, 372031.856955379247665 ], [ 7521126.43503937125206, 372028.267060369253159 ], [ 7521133.151902884244919, 372023.992125988006592 ], [ 7521148.262139111757278, 372012.140091866254807 ] ] ] } },
{ "type": "Feature", "properties": { "FULLNAME": "NE ARNOLD AVE", "BIKE_FAC": "Bike Lane" }, "geometry": { "type": "MultiLineString", "coordinates": [ [ [ 7495412.0, 378497.062335953116417 ], [ 7495546.500328078866005, 378505.406496062874794 ], [ 7495647.653215229511261, 378511.158464565873146 ] ] ] } },
{ "type": "Feature", "properties": { "FULLNAME": "SW BROOKLANE DR", "BIKE_FAC": "Bike Lane" }, "geometry": { "type": "MultiLineString", "coordinates": [ [ [ 7474757.313648298382759, 330242.126312330365181 ], [ 7474731.188976377248764, 330242.845144361257553 ], [ 7474680.938976377248764, 330244.719816267490387 ], [ 7474612.063976377248764, 330247.907808393239975 ], [ 7474545.314304456114769, 330250.438976377248764 ], [ 7474496.564304456114769, 330251.720472440123558 ], [ 7474490.814632549881935, 330252.002296581864357 ], [ 7474477.655511811375618, 330252.367454066872597 ] ] ] } },
{ "type": "Feature", "properties": { "FULLNAME": "N 19TH ST", "BIKE_FAC": "Bike Lane" }, "geometry": { "type": "MultiLineString", "coordinates": [ [ [ 7457620.5, 334946.468832015991211 ], [ 7457582.5, 334153.75 ], [ 7457572.5, 333935.718832015991211 ], [ 7457566.9498031437397, 333835.269685044884682 ] ] ] } },
{ "type": "Feature", "properties": { "FULLNAME": "SW WEST HILLS RD", "BIKE_FAC": "Bike Lane" }, "geometry": { "type": "MultiLineString", "coordinates": [ [ [ 7463395.094816267490387, 337637.795603677630424 ], [ 7463366.448818892240524, 337657.761154860258102 ], [ 7463349.087270334362984, 337675.122047245502472 ], [ 7463317.837270334362984, 337717.656824141740799 ], [ 7463304.816601052880287, 337750.643044620752335 ] ] ] } },
{ "type": "Feature", "properties": { "FULLNAME": "SW COUNTRY CLUB DR", "BIKE_FAC": "Buffered Bike Lane" }, "geometry": { "type": "MultiLineString", "coordinates": [ [ [ 7468626.984251961112022, 333237.233267709612846 ], [ 7468111.503608927130699, 333235.342191606760025 ] ] ] } },
{ "type": "Feature", "properties": { "FULLNAME": "NW PONDEROSA AVE", "BIKE_FAC": "Bike Lane" }, "geometry": { "type": "MultiLineString", "coordinates": [ [ [ 7470042.670275583863258, 351507.770013123750687 ], [ 7470018.915682420134544, 351508.875656172633171 ] ] ] } },
{ "type": "Feature", "properties": { "FULLNAME": "NW CIRCLE BLVD", "BIKE_FAC": "Bike Lane" }, "geometry": { "type": "MultiLineString", "coordinates": [ [ [ 7473961.21325458586216, 346082.410433068871498 ], [ 7473961.11581364274025, 346082.315616801381111 ], [ 7473959.802493438124657, 346081.041338577866554 ], [ 7473932.845800518989563, 346054.886811017990112 ], [ 7473827.708661422133446, 345955.316601052880287 ], [ 7473741.285433068871498, 345878.534776896238327 ], [ 7473669.450131237506866, 345805.405511811375618 ], [ 7473587.260498687624931, 345709.625 ], [ 7473508.953740164637566, 345596.047900259494781 ], [ 7473466.888123363256454, 345525.183398947119713 ], [ 7473421.586614176630974, 345436.845800518989563 ], [ 7473362.678149610757828, 345276.931758522987366 ], [ 7473336.520997375249863, 345174.51410761475563 ], [ 7473293.167979001998901, 345018.519685044884682 ] ] ] } },
{ "type": "Feature", "properties": { "FULLNAME": "NW CIRCLE BLVD", "BIKE_FAC": "Bike Lane" }, "geometry": { "type": "MultiLineString", "coordinates": [ [ [ 7473044.999343827366829, 344004.349737539887428 ], [ 7472969.849081367254257, 343697.239501312375069 ], [ 7472963.80511811375618, 343672.539370074868202 ], [ 7472944.611876636743546, 343590.26771654188633 ], [ 7472921.672244101762772, 343484.412729665637016 ], [ 7472909.372047245502472, 343408.246391072869301 ], [ 7472898.776246726512909, 343318.590551182627678 ], [ 7472892.447178483009338, 343242.905839890241623 ], [ 7472889.617782145738602, 343187.564632549881935 ], [ 7472886.111876636743546, 343079.790026247501373 ], [ 7472869.127624675631523, 342598.433398947119713 ] ] ] } },
{ "type": "Feature", "properties": { "FULLNAME": "NW CIRCLE BLVD", "BIKE_FAC": "Bike Lane" }, "geometry": { "type": "MultiLineString", "coordinates": [ [ [ 7473293.167979001998901, 345018.519685044884682 ], [ 7473044.999343827366829, 344004.349737539887428 ] ] ] } },
{ "type": "Feature", "properties": { "FULLNAME": "SE GOODNIGHT AVE", "BIKE_FAC": "Bike Lane" }, "geometry": { "type": "MultiLineString", "coordinates": [ [ [ 7481027.670275583863258, 329537.201443567872047 ], [ 7481103.321850389242172, 329536.124343827366829 ] ] ] } },
{ "type": "Feature", "properties": { "FULLNAME": "SW KARA AVE", "BIKE_FAC": "Bike Lane" }, "geometry": { "type": "MultiLineString", "coordinates": [ [ [ 7470027.13976377248764, 331141.451115489006042 ], [ 7469591.916994750499725, 331156.519356951117516 ] ] ] } },
{ "type": "Feature", "properties": { "FULLNAME": "SW 53RD ST", "BIKE_FAC": "Bike Lane" }, "geometry": { "type": "MultiLineString", "coordinates": [ [ [ 7469144.109580054879189, 330916.513123363256454 ], [ 7469143.414370074868202, 330892.599081367254257 ], [ 7469133.431430444121361, 330628.275918632745743 ], [ 7469122.279527559876442, 330561.938648298382759 ], [ 7469116.203083992004395, 330533.727034121751785 ] ] ] } },
{ "type": "Feature", "properties": { "FULLNAME": "SW KARA AVE", "BIKE_FAC": "Bike Lane" }, "geometry": { "type": "MultiLineString", "coordinates": [ [ [ 7469591.916994750499725, 331156.519356951117516 ], [ 7469391.171259835362434, 331163.469816267490387 ] ] ] } },
{ "type": "Feature", "properties": { "FULLNAME": "SW KARA AVE", "BIKE_FAC": "Bike Lane" }, "geometry": { "type": "MultiLineString", "coordinates": [ [ [ 7470444.280839890241623, 331127.008530184626579 ], [ 7470027.13976377248764, 331141.451115489006042 ] ] ] } },
{ "type": "Feature", "properties": { "FULLNAME": "SW SAGEBRUSH DR", "BIKE_FAC": "Bike Lane" }, "geometry": { "type": "MultiLineString", "coordinates": [ [ [ 7470365.938648298382759, 337840.036417320370674 ], [ 7471110.549540683627129, 337813.896325454115868 ], [ 7471151.626640424132347, 337825.099081367254257 ], [ 7471209.13418635725975, 337858.70767717063427 ], [ 7471255.438976377248764, 337891.568897634744644 ], [ 7471291.287729665637016, 337931.898950129747391 ], [ 7471323.402230978012085, 337982.68503937125206 ], [ 7471343.567257210612297, 338029.736548557877541 ], [ 7471381.656824141740799, 338168.650918632745743 ], [ 7471474.266404196619987, 338501.746719166636467 ], [ 7471877.565944880247116, 338989.440616801381111 ], [ 7471900.718503937125206, 339014.086614176630974 ], [ 7471929.845800518989563, 339034.251640424132347 ], [ 7471955.985564306378365, 339049.935367450118065 ], [ 7471990.340551182627678, 339067.113188982009888 ], [ 7472026.189632549881935, 339079.062664046883583 ], [ 7472082.203412070870399, 339097.733923882246017 ] ] ] } },
{ "type": "Feature", "properties": { "FULLNAME": "SW SAGEBRUSH DR", "BIKE_FAC": "Bike Lane" }, "geometry": { "type": "MultiLineString", "coordinates": [ [ [ 7474504.312992125749588, 338690.443897634744644 ], [ 7474496.785104990005493, 338733.62007874250412 ], [ 7474492.599081367254257, 338753.670603677630424 ], [ 7474487.243438318371773, 338772.855314955115318 ], [ 7474480.626968502998352, 338791.641732290387154 ], [ 7474472.777887135744095, 338809.947834640741348 ], [ 7474463.73162730038166, 338827.693241477012634 ], [ 7474453.52755905687809, 338844.798884510993958 ], [ 7474442.210958003997803, 338861.189304456114769 ], [ 7474429.831692919135094, 338876.792650923132896 ], [ 7474416.443569555878639, 338891.540682420134544 ], [ 7474402.10728345811367, 338905.367454066872597 ], [ 7474386.88418635725975, 338918.212270334362984 ], [ 7474370.84251968562603, 338930.019028872251511 ], [ 7474354.053149610757828, 338940.734908133745193 ], [ 7474336.589566931128502, 338950.312664046883583 ], [ 7474318.528215229511261, 338958.710958003997803 ], [ 7474299.9498031437397, 338965.891732290387154 ], [ 7474280.935695543885231, 338971.82414698600769 ], [ 7474261.570209980010986, 338976.48162730038166 ], [ 7474240.8248031437397, 338980.034120738506317 ], [ 7474237.554133862257004, 338980.761482939124107 ], [ 7474235.346128612756729, 338981.554790019989014 ] ] ] } },
{ "type": "Feature", "properties": { "FULLNAME": "SW SAGEBRUSH DR", "BIKE_FAC": "Bike Lane" }, "geometry": { "type": "MultiLineString", "coordinates": [ [ [ 7469302.309711292386055, 337962.287729665637016 ], [ 7470071.679461941123009, 337937.126968502998352 ], [ 7470114.996719166636467, 337924.430446192622185 ], [ 7470281.544619426131248, 337843.023622050881386 ], [ 7470365.938648298382759, 337840.036417320370674 ] ] ] } },
{ "type": "Feature", "properties": { "FULLNAME": "SW 49TH ST", "BIKE_FAC": "Bike Lane" }, "geometry": { "type": "MultiLineString", "coordinates": [ [ [ 7470444.280839890241623, 331127.008530184626579 ], [ 7470431.171587929129601, 330755.687007874250412 ] ] ] } },
{ "type": "Feature", "properties": { "FULLNAME": "NW SPRUCE AVE", "BIKE_FAC": "Buffered Bike Lane" }, "geometry": { "type": "MultiLineString", "coordinates": [ [ [ 7484359.934711292386055, 347987.179461941123009 ], [ 7484311.934711292386055, 347988.585958003997803 ], [ 7484239.43503937125206, 347989.992454066872597 ], [ 7484167.06003937125206, 347988.273622050881386 ], [ 7484130.68503937125206, 347988.05511811375618 ], [ 7484094.223097115755081, 347987.867125988006592 ] ] ] } },
{ "type": "Feature", "properties": { "FULLNAME": "NW KINGS BLVD", "BIKE_FAC": "Bike Lane" }, "geometry": { "type": "MultiLineString", "coordinates": [ [ [ 7478784.595800518989563, 350429.011811017990112 ], [ 7478619.850065618753433, 350630.635498687624931 ] ] ] } },
{ "type": "Feature", "properties": { "FULLNAME": "NW KINGS BLVD", "BIKE_FAC": "Bike Lane" }, "geometry": { "type": "MultiLineString", "coordinates": [ [ [ 7478619.850065618753433, 350630.635498687624931 ], [ 7478436.840551182627678, 350855.233923882246017 ], [ 7478414.253280833363533, 350889.176509186625481 ], [ 7478404.077427819371223, 350907.592847764492035 ], [ 7478389.395013123750687, 350932.304133862257004 ], [ 7478380.471128612756729, 350950.317257210612297 ], [ 7478371.82414698600769, 350968.464895009994507 ], [ 7478367.025918632745743, 350982.140419945120811 ], [ 7478361.581692919135094, 350998.775918632745743 ], [ 7478345.638451442122459, 351047.451443567872047 ] ] ] } }
]
}
